passage_id,chapter,section,subsection,formal_group,page,text,word_count,cluster,cluster_name,x,y,section_fit,unusual,neighbors,neighbor_scores
p0001,Part 1: General Information,,,General Information,10,"Welcome to the intellectual and personal excitement of Duke Kunshan University, to its commitment to the finest education and to its passion for shaping a more knowledgeable, inclusive, responsible and peaceful world. DKU’s founders, leaders and community have set ambitious goals. Confident that you will contribute importantly to reaching those goals, we invite you to join us in pursuing them together.",61,2,Prematriculation / Transfer / Matriculation,11.882172,7.43262,0.8827221393585205,0,p0005|p0335|p0008|p0023|p0336,0.864|0.837|0.793|0.785|0.782
p0002,Part 1: General Information,,,General Information,10,"Your experience here will prepare you to be among the next generations of leaders, who create the cutting edge of new knowledge, engage with courage and wisdom the world’s most pressing challenges, and extend perspectives and understanding across our globe. We share with our fellow human beings across the world the desire to make it a better place whether at the level of providing clean drinking water and sustainable energy systems for rural villages, or of developing preventive measures against future pandemics, or of peacefully negotiating regional or global conflict.",90,4,Violence / Migration / Migrations,9.459956,0.9057646,0.30032628774642944,1,p0416|p0323|p0646|p0798|p0712,0.507|0.486|0.474|0.467|0.464
p0003,Part 1: General Information,,,General Information,10,"Please use this bulletin as a tool to understand who we are, to chart your own path through the rich opportunities DKU offers, and to help you to define the personal directions you hope to take through DKU and beyond.",40,10,Career / Mindfulness / Advising,11.683008,7.9291816,0.42769333720207214,1,p0005|p0313|p0001|p0305|p0341,0.552|0.526|0.497|0.478|0.474
p0004,Part 1: General Information,Mission Statement,,General Information,10,"Duke Kunshan University is a highly selective research-oriented, liberal arts and sciences university located in China, whose primary mission is to enable students from around the world to lead purposeful and productive lives. By delivering the highest quality undergraduate and graduate education that is truly interdisciplinary, we prepare students for professional, intellectual and societal leadership roles across the globe. The core of our educational offering is a four-year undergraduate degree program featuring an integrated and multi-disciplinary curriculum, with an effective blend of Chinese, American, and global techniques and values and a culture of academic excellence and freedom. Our world-class faculty pursue knowledge in service of society, involving students in innovative scholarship and research programs. As a premier Sino-US joint-venture university, we embrace the integration of global, national, and local traditions of thought and experience and promote cross-cultural understanding and cross-border collaborations.",141,2,Prematriculation / Transfer / Matriculation,11.803439,7.1314154,0.8999385833740234,0,p0008|p0006|p0020|p0023|p0025,0.848|0.807|0.806|0.784|0.784
p0005,Part 1: General Information,Statement on Diversity and Inclusion,,General Information,10,"Duke Kunshan University welcomes passionate, creative, and intellectually-driven students, faculty, and staff from all walks of life, from all over the world. We affirm the diverse histories, perspectives, experiences, identities, languages, and cultures that enhance our community, and we aim to create an environment where all members of our community are accepted, appreciated, and celebrated. Our commitment to inclusivity is grounded in the university’s mission. DKU is a community where those who study, live, and work see difference as an opportunity for meaningful dialogue, creative expression, and innovative thinking. The university aspires to foster mutual respect and understanding among and for all people, regardless of differing cultures, ethnicities, races, religions, genders, sexual orientations, ages, national origins, socio-economic backgrounds, capabilities, or any other category that can be used to divide people. Our uniquely rich cultural community is designed to cultivate informed and engaged citizens of the world.",146,2,Prematriculation / Transfer / Matriculation,11.781762,7.5058446,0.8384367227554321,0,p0001|p0019|p0335|p0008|p0004,0.864|0.799|0.779|0.756|0.755
p0006,Part 1: General Information,Who We Are,,General Information,11,"Duke Kunshan University is a Sino-American partnership of Duke University, Wuhan University and Kunshan city in Jiangsu province to create a world-class liberal arts and research university offering a range of academic programs for students from China and throughout the world. A nonprofit, joint-venture institution, Duke Kunshan University was granted the accreditation approval by China’s Ministry of Education in September 2013. Duke Kunshan welcomed its first group of students in August 2014, initially offering graduate degrees as well as term-long programs for undergraduate students enrolled at Duke and other universities. In August 2018, Duke Kunshan welcomed its inaugural undergraduate class. The four-year bachelor’s degree program is based in the liberal arts and sciences tradition, which emphasizes critical thinking, creativity, collaboration and exploration.",122,2,Prematriculation / Transfer / Matriculation,12.266047,7.3190656,0.8603689670562744,0,p0004|p0142|p0063|p0065|p0064,0.807|0.800|0.799|0.793|0.791
p0007,Part 1: General Information,Who We Are,,General Information,11,"With the goal of spearheading the future of higher education, Duke Kunshan is influenced and informed by both Chinese and American traditions of higher education. The shared vision of Duke and Wuhan universities is that Duke Kunshan will help address the changing needs of global higher education. Their rich heritage inspires Duke Kunshan to pursue academic excellence and integrity and apply classroom knowledge in service to society. Duke Kunshan delivers academic programs designed to address society’s future needs through a curriculum based in the liberal arts tradition and a commitment to problem-based learning that challenges students to apply their knowledge during the learning process.",104,2,Prematriculation / Transfer / Matriculation,11.906505,7.216648,0.8522452116012573,0,p0020|p0023|p0008|p0004|p0006,0.848|0.835|0.823|0.783|0.781
p0008,Part 1: General Information,Who We Are,,General Information,11,"As an international, intellectual community that encourages diversity, openness and creative learning, Duke Kunshan University welcomes outstanding students and faculty from around the world who contribute diverse perspectives and experiences to this global learning environment. The university’s innovative programs inspire students to master academically rigorous course work, generate new ideas and develop creative solutions to the world’s challenges, preparing them not just for careers in specific fields but to become globally sophisticated leaders and citizens.",75,2,Prematriculation / Transfer / Matriculation,11.716069,7.178134,0.8759021759033203,0,p0004|p0335|p0023|p0007|p0020,0.848|0.844|0.831|0.823|0.807
p0009,Part 1: General Information,Who We Are,,General Information,11,"Duke Kunshan is governed by an independent Board of Trustees and operates under a set of guiding principles that are consistent with those of world-leading universities. Administrative operations are in the charge of the university leadership team, headed by the Chancellor and the Executive Vice Chancellor. Feng Youmei, Duke Kunshan University Chancellor, is a professor, the former Executive Vice President of Wuhan University and the Vice Chairwoman for the Medical Education Committee of the China Association of Higher Education. She has profound expertise in medical education as well as abundant experience in university administration. Executive Vice Chancellor Al Bloom is a recognized global education leader and a scholar of psychology and language with a special focus on Chinese language and culture. Prior to joining DKU, Dr. Bloom served as the founding vice chancellor of NYU-Abu Dhabi for more than a decade and president of Swarthmore College for 18 years.",149,2,Prematriculation / Transfer / Matriculation,12.028378,7.191702,0.7037737965583801,0,p0004|p0006|p0001|p0007|p0008,0.643|0.631|0.601|0.589|0.586
p0010,Part 1: General Information,Who We Are,,General Information,12,"Duke Kunshan University is a place for learning, living and self-discovery, in a setting that encourages the pursuit of knowledge within and beyond the classroom. Kunshan is located in close proximity to both Shanghai and Suzhou, two of the most developed metropolitan areas in China. Connected to both by high-speed rail and highways, the city of Kunshan is a center for business and high-tech research and manufacturing, and it has one of the fastest-growing economies in China. The 200-acre campus is in the Yangcheng Lake Science Park and features state-of-the-art classroom and meeting facilities, library resources, student and faculty housing and dining space, and recreational facilities. Multipurpose meeting spaces, breakout rooms and study areas allow students to work individually or in groups to review course materials, complete assignments and participate in the vibrant intellectual life of the campus.",138,2,Prematriculation / Transfer / Matriculation,11.825576,7.224675,0.8078619241714478,0,p0335|p0006|p0008|p0074|p0001,0.748|0.746|0.727|0.721|0.719
p0011,Part 1: General Information,Partners,Duke University,General Information,12,"A private comprehensive teaching and research university, Duke traces its roots to 1838, and officially became Duke University in 1924. In addition to liberal arts and engineering education at the undergraduate level, Duke offers graduate and professional study in arts and sciences, business, divinity, engineering, the environment, law, public policy, medicine and nursing. Duke enrolls more than 15,000 students in its undergraduate, graduate, and professional programs.",66,2,Prematriculation / Transfer / Matriculation,12.313096,7.748753,0.5917825698852539,0,p0307|p0012|p0006|p0034|p0144,0.714|0.707|0.667|0.658|0.627
p0012,Part 1: General Information,Partners,Duke University,General Information,12,"Duke’s home campus is situated on nearly 9,000 acres in Durham, North Carolina, USA, a city of more than 200,000 people. Duke also is active internationally through the Duke-NUS Graduate Medical School in Singapore, Duke Kunshan University in China and numerous research and education programs across the globe. More than 75 percent of Duke students pursue service- learning opportunities in Durham and around the world through DukeEngage and other programs that advance the university’s mission of “knowledge in service to society.”",81,2,Prematriculation / Transfer / Matriculation,12.06929,7.4998803,0.7248616218566895,0,p0011|p0074|p0006|p0307|p0010,0.707|0.691|0.659|0.642|0.637
p0013,Part 1: General Information,Partners,Wuhan University,General Information,12,"Located in Central China’s Hubei province, Wuhan University consistently ranks among the country’s top 10 universities and is a key comprehensive national university under the direct administration of the Ministry of Education.",32,2,Prematriculation / Transfer / Matriculation,12.14795,7.057974,0.6506337523460388,0,p0014|p0428|p0006|p0016|p0004,0.623|0.581|0.560|0.538|0.522
p0014,Part 1: General Information,Partners,Wuhan University,General Information,12,"The college’s history can be traced back to the Ziqiang Institute founded in 1893 by Zhang Zhidong, governor-general of Hubei and Hunan provinces in the late Qing dynasty (1644-1911). In 1928, the institute was renamed as Wuhan National University.",39,2,Prematriculation / Transfer / Matriculation,12.101124,7.0970087,0.5294201374053955,0,p0013|p0006|p0007|p0004|p0428,0.623|0.504|0.443|0.434|0.421
p0015,Part 1: General Information,Partners,Wuhan University,General Information,12,"Its campus is regarded as one of the most beautiful in the country, boasting palatial buildings that blend Eastern and Western architectural styles.",23,10,Career / Mindfulness / Advising,11.686575,7.397377,0.4852498471736908,0,p0008|p0025|p0332|p0335|p0074,0.419|0.405|0.395|0.394|0.390
p0016,Part 1: General Information,Partners,Wuhan University,General Information,13,"The university enjoys partnerships with more than 400 universities and research institutes in over 45 countries and regions, while its more than 300,000 alumni includes at least 100 members of the Chinese Academy of Science and the Chinese Academy of Engineering.",41,1,Physedu / Japanese / Italian,12.28273,6.9321303,0.5578574538230896,0,p0004|p0428|p0013|p0138|p0068,0.567|0.566|0.538|0.530|0.529
p0017,Part 1: General Information,Partners,Kunshan,General Information,13,"Kunshan is located in the southeastern part of Jiangsu province, a satellite city in the greater Suzhou region and adjacent to Shanghai, two of the most developed metropolitan areas in China. Kunshan is regarded as one of the country's most economically successful county-level administrations. It ranked No 1 in the 25 Best County-level Cities in China study by Forbes China for the ninth year running in 2009. With an immigrant population larger than the number of its permanent residents, Kunshan was winner of the 2010 UN-Habitat Scroll of Honor Award, the most prestigious award given by the United Nations, along with Singapore and Vienna in recognition of work carried out in the field of human settlements development, for the city's innovative approach to granting migrants the right to essential services. It also has received titles and awards such as a National Hygiene City, Excellent Tourism City of China and National Garden City, as well as National Model City of Environment Protection and National Model Zone of Ecology.",167,2,Prematriculation / Transfer / Matriculation,11.963331,7.2558947,0.5569762587547302,0,p0010|p0074|p0087|p0023|p0006,0.530|0.506|0.485|0.476|0.466
p0018,Part 1: General Information,Partners,Kunshan,General Information,13,"Kunshan is culturally significant as the origin of Kunshan diao, the melody that ultimately evolved into Kunqu Opera, one of China's oldest extant theatre arts, which has been listed as UNESCO as World Intangible Culture Heritage. It has also been home to famous figures including Zu Chongzhi, Gu Yanwu, Gui Youguang, Gong Xian and Zhu Bailu.",56,11,Asia / Migration / Ethnic,12.146458,3.0697272,0.44968634843826294,0,p0331|p0848|p0867|p0783|p0559,0.538|0.492|0.481|0.474|0.471
p0019,Part 1: General Information,Duke Kunshan University Community Standard,,General Information,13,"All Duke Kunshan University students are required to hold themselves to the highest standards for honesty, integrity, fairness, and responsibility in their academic and co-curricular endeavors. Duke Kunshan University is a community comprised of individuals from diverse cultures and backgrounds. We are dedicated to scholarship, leadership, and service and to the principles of honesty, fairness, respect, and accountability. Members of this community commit to reflecting upon and upholding these principles in all academic and non-academic endeavors, and to protecting and promoting a culture of integrity and trust. To uphold the Community Standard, each student is expected to pledge to hold him/herself to the highest standards for honesty, integrity, fairness, and responsibility in his/her academic and non-academic endeavors, to respect other cultures and embrace all forms of diversity, and to uphold the standards if they are compromised.",136,2,Prematriculation / Transfer / Matriculation,12.028554,7.584063,0.7919504642486572,0,p0350|p0005|p0335|p0001|p0074,0.817|0.799|0.796|0.775|0.746
p0020,Part 2: A Liberal Arts Education at Duke Kunshan University,A 21st Century Curriculum,,A Liberal Arts Education at Duke Kunshan University,14,"The Duke Kunshan University curriculum begins from liberal arts principles and is imbued with the hallmarks of a Duke education blended with Chinese tradition: interdisciplinary approaches, engagement with research questions, problem-based and team-based learning, and opportunities for students to craft individual pathways and deepen their intellectual engagement over time. It is a kind of education that builds critical thinking and problem-solving skills, simultaneously conferring a broad base of knowledge and fostering the ability to interrogate that knowledge and apply it flexibly. It is also deeply cross-cultural in its orientation: Duke Kunshan University gives all participants the continual experience of learning to see from multiple points of view and to work together across cultural boundaries—a crucial skill for the future.",119,2,Prematriculation / Transfer / Matriculation,11.780646,7.112241,0.9087022542953491,0,p0007|p0023|p0008|p0025|p0004,0.848|0.831|0.807|0.807|0.806
p0021,Part 2: A Liberal Arts Education at Duke Kunshan University,A Liberal Arts College Experience,,A Liberal Arts Education at Duke Kunshan University,14,"The small-scale residential setting at Duke Kunshan University offers significant opportunities for innovative and integrated forms of learning, an especially close connection between faculty and students, and the intermixing of students with different interests. In addition, Duke Kunshan University offers creative alignments between its undergraduate curriculum and selected areas of research strength at Duke Kunshan University and at Duke. Liberal arts colleges provide direct access to research opportunities for undergraduates – they leverage their small size and commitment to teaching to provide opportunities for one-on-one and small team-based scholarly mentoring. In the United States, liberal arts colleges disproportionately produce students who go on to earn PhD’s. Duke Kunshan University offers the same kinds of focus on discovery and the co-creation of knowledge as at liberal arts colleges with the added dimension of research centers on site and connections to a major research university in the United States and to Wuhan University in China.",153,2,Prematriculation / Transfer / Matriculation,11.665896,7.0792775,0.8451992273330688,0,p0025|p0004|p0023|p0300|p0020,0.773|0.751|0.728|0.726|0.725
p0022,Part 2: A Liberal Arts Education at Duke Kunshan University,Dual Degrees,,A Liberal Arts Education at Duke Kunshan University,14,Duke Kunshan University students successfully completing the course of study required by Duke Kunshan University and Duke University will be conferred both a Duke Kunshan University graduation certificate and diploma officially approved by the MOE as well as a diploma from Duke University indicating that the degree has been granted in accordance with the requirements of Duke Kunshan University and Duke University (Duke University is accredited by SACSCOC). All students must fulfill the requirements for both the Duke University and the Duke Kunshan University degrees. Students will be alumni of both institutions.,92,2,Prematriculation / Transfer / Matriculation,13.023763,7.6474695,0.7265220880508423,0,p0063|p0034|p0142|p0126|p0064,0.868|0.827|0.824|0.789|0.785
p0023,Part 2: A Liberal Arts Education at Duke Kunshan University,Animating Principles,,A Liberal Arts Education at Duke Kunshan University,14,"Duke Kunshan University provides a 21st century liberal arts and sciences education that helps students develop a sense of social responsibility and global citizenship, as well as strong and transferable intellectual and practical skills such as communication, analytical and problem-solving skills, and a demonstrated ability to apply knowledge and skills in real-world settings.",53,2,Prematriculation / Transfer / Matriculation,11.839738,7.172685,0.8994248509407043,0,p0007|p0020|p0008|p0335|p0001,0.835|0.831|0.831|0.828|0.785
p0024,Part 2: A Liberal Arts Education at Duke Kunshan University,Animating Principles,,A Liberal Arts Education at Duke Kunshan University,15,"The overarching goals are embedded in the seven animating principles that are expressed throughout the curriculum: • Rooted Globalism: To cultivate informed and engaged citizens who are knowledgeable about each other’s histories, traditions of thought and affiliations; and skilled in navigating among local, national and global identities and commitments. • Collaborative Problem-Solving: To instill the habits of collaboration and the ability to synthesize disparate insights in solving complex challenges. • Research and Practice: To enhance the ability to forge links between theory and practice in the many-sided and rapidly changing world of human need. • Lucid Communication: To develop the ability to communicate effectively, both orally and in writing, and to listen attentively to different viewpoints in coming to mature judgments. • Independence and Creativity: To nurture free inquiry, deep reflection and a drive to ask interesting questions and find compelling answers. • Wise Leadership: To shape thinkers and doers who possess the moral compass to guide communities and institutions toward a common good and who have the wisdom and technical competence to deal effectively with complexity. • A Purposeful Life: To form reflective scholars who test their core beliefs, connect their course of study to big questions of meaning, and who build the capacity for lifelong learning and exploration.",210,10,Career / Mindfulness / Advising,9.602887,1.4392928,0.5557695627212524,1,p0027|p0416|p0060|p0037|p0026,0.600|0.578|0.558|0.556|0.527
p0025,Part 3: The Curriculum,Overview,,The Curriculum,16,"The Duke Kunshan University undergraduate curriculum can be described as a “research-inflected liberal arts experience” that builds on the unique DNA of Duke as a major research university but with a strong liberal arts philosophy, structure and orientation. The curriculum does not rely on traditional majors housed in departments, but rather is built on interdisciplinary and disciplinary components in and across three thematic areas: (1) natural and applied sciences, (2) social sciences, and (3) arts and humanities. Flexibility and inter-disciplinarity are hallmarks of this curriculum, along with signature work that enables students to engage scholarship both individually and within a community of learners. This curriculum is designed to be compatible with the quality and depth of a Duke undergraduate degree but is unique and distinct from the current Duke undergraduate experience, which is aligned more with a traditional major’s structure.",140,2,Prematriculation / Transfer / Matriculation,11.806181,7.069891,0.7419951558113098,0,p0020|p0004|p0023|p0021|p0008,0.807|0.784|0.783|0.773|0.761
p0026,Part 3: The Curriculum,Overview,,The Curriculum,16,"The curriculum fosters learning communities of students and faculty whose intellectual interactions revolve around two groups: (1) The interdisciplinary community, which spans laterally a variety of disciplines. To the big questions at the core of each interdisciplinary community will be deployed a variety of disciplines, voices, viewpoints and expertise, usually also from a variety of divisions. The deep expertise brought to bear on discussion will be provided by both faculty and advanced students. (2) The disciplinary specialization, which is akin to, or even entirely aligned to, a traditional vertical discipline. From this community comes the training in the methods, knowledge, and skills of a specific discipline. Individual courses that belong to an interdisciplinary community or disciplinary specialization may be taken at various stages of a students’ career. But the interdisciplinary community comes first in a students’ overall development – it provides a broad intellectual home and is followed by or is in parallel to more specialized work.",157,10,Career / Mindfulness / Advising,9.357934,2.1713972,0.5572497844696045,0,p0055|p0027|p0604|p0051|p0770,0.770|0.755|0.677|0.654|0.643
p0027,Part 3: The Curriculum,Overview,,The Curriculum,16,"The dual structure is also flexible, to accommodate a variety of student goals and outcomes. Some students might choose to pursue a less deep path in the disciplinary specialization while focusing more on developing broad expertise in the questions underlying the interdisciplinary community— and in that case the outcome can be a powerful kind of integrative education for students whose goal is not graduate school or specialized study, which is where a great many careers and life paths lie. This approach allows for a highly integrative, team-based approach to problem solving and knowledge acquisition. For students oriented towards graduate study, the integrative and out-looking approach in the interdisciplinary community broadens and enriches their deeper specialist expertise. Our strong expectation is that a student with deep expertise who also has interacted in a significant, deep way with an interdisciplinary group focused on big questions will be more, not less, appealing to graduate schools or other specialty pursuits. For certain disciplines, students oriented towards graduate school may also need to use some electives, guided independent studies, research, online courses and Study Abroad courses to deepen expertise beyond the number of courses required for the disciplinary specialization.",194,10,Career / Mindfulness / Advising,9.427486,2.0194237,0.5327286720275879,0,p0026|p0055|p0031|p0060|p0024,0.755|0.686|0.629|0.624|0.600
p0028,Part 3: The Curriculum,Overview,,The Curriculum,16,"To ensure that Duke Kunshan University students develop the ability to communicate effectively, guided practice in writing and speaking are built into the fabric of the curriculum. All three Divisional Foundations sequences provide opportunities for students to practice the specialized discourse of their chosen field, while Common Core courses help students learn to communicate as scholars and professionals to broader audiences. Toward the end of their undergraduate studies, all students take on more advanced writing and speaking challenges as part of their signature work and capstone projects.",87,2,Prematriculation / Transfer / Matriculation,12.239381,6.636957,0.6927841901779175,0,p0045|p0025|p0008|p0020|p0059,0.667|0.657|0.642|0.630|0.630
p0029,Part 3: The Curriculum,Key Components,,The Curriculum,17,"The Duke Kunshan University undergraduate curriculum emphasizes shared knowledge and experience, integrated learning and deep learning, and flexible pathways. The key components are:",23,2,Prematriculation / Transfer / Matriculation,11.84214,7.120869,0.6738751530647278,0,p0008|p0020|p0023|p0335|p0025,0.773|0.758|0.750|0.744|0.740
p0030,Part 3: The Curriculum,Key Components,Structures,The Curriculum,17,"• Divisional areas of knowledge organize the faculty and the curriculum – Natural and Applied Sciences; Social Sciences; and Arts and Humanities – rather than traditional majors or departments. • Intensive 7-week terms enable students to take two in-depth courses with the flexibility to take some courses in 14-week blocks. • Fridays are designed for practica, field trips, internships, co-curricular activities, and civic engagement. • Mini-term courses provide a focused exposure to a single topic while enabling students to move outside of their comfort zones. There are no grades for these non-credit courses. • Seminars of fewer than 20 students are the primary mechanism for instruction and the means by which excellence in writing, speaking and listening are nurtured, supplemented by courses in English for Academic Purposes.",127,10,Career / Mindfulness / Advising,13.929727,6.4517756,0.7159733772277832,0,p0031|p0071|p0033|p0028|p0072,0.718|0.663|0.609|0.603|0.601
p0031,Part 3: The Curriculum,Key Components,Core Components,The Curriculum,17,"• Common Core courses required of all students focus on big questions and critical challenges. Students take one per year for three years. • Language courses required in English, Chinese or potentially a third language. • Majors that have interdisciplinary and disciplinary components, with the former serving as the entry point and primary definition of a students’ academic community and the latter providing specialized training, as well as divisional foundation courses that prepare students for advanced study and signature work that focuses on a question, problem or issue and includes independent research, a senior thesis or creative production. • Electives that broaden students’ educational experience via simple distributional requirements and additionally enable them either to develop greater specialized knowledge or to further increase the breadth of their study. • Experiential learning opportunities that align the formal curriculum with practica, internships and other hands-on offerings are required.",146,10,Career / Mindfulness / Advising,13.94822,6.4234533,0.751722514629364,0,p0030|p0033|p0051|p0027|p0060,0.718|0.704|0.638|0.629|0.628
p0032,Part 3: The Curriculum,Key Components,Core Components,The Curriculum,17,"These components are reflected in specific requirements: • General Education: 3 common core courses (12 credits), 2-4 language courses (8-16 credits) depending on proficiency, 3 electives (12 credits) as distributional requirements, and one Quantitative Reasoning course (4 credits)",38,1,Physedu / Japanese / Italian,14.219594,6.614233,0.7198209762573242,0,p0033|p0052|p0070|p0208|p0215,0.808|0.691|0.681|0.648|0.631
p0033,Part 3: The Curriculum,Key Components,Core Components,The Curriculum,18,"• Major: 16-19 courses (64 to 76 credits) (foundation, interdisciplinary, disciplinary, and capstone) • Electives: 8-13 courses (32 to 52 credits) depending on division and language proficiency, which include the three electives as distributional requirements and one Quantitative Reasoning course in General Education • Other requirements: 1 non-credit mini-term course and 1 Signature Work project that includes a practice-oriented Experiential Learning component (internships, civic engagement, etc.)",66,1,Physedu / Japanese / Italian,14.272447,6.548347,0.7538261413574219,0,p0032|p0052|p0070|p0031|p0396,0.808|0.766|0.705|0.704|0.666
p0034,Part 3: The Curriculum,Key Components,Core Components,The Curriculum,18,"Students who complete Duke Kunshan University’s 4-year undergraduate curriculum will receive two degrees, one from Duke University and one from Duke Kunshan University. A total of 136 Duke Kunshan University credits is required for graduation with a Duke Kunshan University bachelor’s degree,1 which is equivalent to 34 Duke University course credits (1 Duke course credit is equivalent to 4 Duke Kunshan University credits). A total of 34 Duke University course credits is required for graduation with a Duke bachelor’s degree. More details on the course credit requirement are explained below in the Degree Requirement section.",95,2,Prematriculation / Transfer / Matriculation,13.120528,7.6363826,0.6717748641967773,0,p0064|p0065|p0069|p0022|p0212,0.909|0.899|0.862|0.827|0.814
p0035,Part 3: The Curriculum,Key Components,Core Components,The Curriculum,18,"1 There are additional MOE requirements for the Chinese mainland and Hong Kong, Macau, Taiwan students to obtain a Duke Kunshan University bachelor’s degree. See section on Credits Required for Degrees.",31,2,Prematriculation / Transfer / Matriculation,12.8329,7.451735,0.6369540691375732,0,p0063|p0065|p0142|p0064|p0022,0.832|0.806|0.786|0.786|0.754
p0036,Part 3: The Curriculum,Key Components,Core Components,The Curriculum,19,a students from Chinese Mainland and HMT b optional for international students c students from HMT may substitute additional CHSC courses for military training,24,1,Physedu / Japanese / Italian,13.410437,6.7796564,0.5504906177520752,0,p0067|p0557|p0138|p0204|p0215,0.740|0.613|0.556|0.548|0.547
p0037,Part 3: The Curriculum,Degree Requirements,"General Education Requirements / Common Core (3 courses, 12 credits)",The Curriculum,20,"Common Core courses provide opportunities for students to develop a degree of common knowledge and shared experiences. One dimension of this commonality is a set of core courses that focus on big questions and critical challenges with which every student should be prepared to engage. Engagement will draw from and integrate humanistic and scientific knowledge, including its historical context and cultural traditions of thought about value, the nature of reality, and what it is to be human. Such knowledge is both a means for addressing challenges and a pre-requisite for identifying what our challenges are and how we might address them. Common Core courses also provide regular instruction and guided practice in writing and speaking for non-specialist audiences. Students take these courses one per year, in sequence, so that the common experience and development of communication skills extend across time.",140,10,Career / Mindfulness / Advising,12.923468,5.7484183,0.5696563124656677,0,p0038|p0028|p0030|p0031|p0712,0.671|0.611|0.591|0.574|0.560
p0038,Part 3: The Curriculum,Degree Requirements,"General Education Requirements / Common Core (3 courses, 12 credits)",The Curriculum,20,"The three common core courses are China in the World (Year 1), Global Challenges in Science, Technology and Health (Year 2), and Ethics, Citizenship and the Examined Life (Year 3). In order to promote the common experience among the same class of students, these three common core courses must be taken during the Fall or Spring term in the designated year of study.",63,1,Physedu / Japanese / Italian,13.243844,5.5713944,0.624383807182312,0,p0037|p0032|p0555|p0712|p0557,0.671|0.559|0.541|0.532|0.522
p0039,Part 3: The Curriculum,Degree Requirements,"General Education Requirements / Distribution Requirement (3 courses, 12 credits)",The Curriculum,20,"The distributional requirement is intended to broaden students’ educational experience and ensure that all graduates have an acquaintance with a broad variety of fields of inquiry and approaches to knowledge. Students are required to take at least one four-credit course2 in each of the three divisional areas: arts and humanities, natural and applied sciences, and social sciences. Courses that fulfill the distribution requirement are designated by divisional area attributes. The distribution requirement cannot be fulfilled with AP or IPC credits.",80,1,Physedu / Japanese / Italian,14.232787,6.864403,0.7171058654785156,0,p0041|p0070|p0052|p0033|p0032,0.814|0.650|0.637|0.599|0.592
p0040,Part 3: The Curriculum,Degree Requirements,"General Education Requirements / Distribution Requirement (3 courses, 12 credits)",The Curriculum,20,1. Courses with two divisional area attributes can be only counted as one area attribute; 2. Courses with both a Quantitative Reasoning (QR) attribute and a divisional area attribute can only be counted as one of these attributes; 3. Transfer credit from Duke or other academic institutions through study abroad or summer programs will need the review and approval from the division chair to fulfil the distributional requirement.,68,1,Physedu / Japanese / Italian,14.295592,6.9365873,0.6258803606033325,0,p0043|p0047|p0041|p0039|p0145,0.697|0.651|0.643|0.589|0.566
p0041,Part 3: The Curriculum,Degree Requirements,"General Education Requirements / Distribution Requirement (3 courses, 12 credits)",The Curriculum,20,2 A student may fulfil the distribution requirement in a divisional area by taking two two-credit courses (four credits in total) with that divisional area attribute.,26,1,Physedu / Japanese / Italian,14.291504,6.857461,0.6429910063743591,0,p0039|p0040|p0070|p0157|p0032,0.814|0.643|0.617|0.605|0.593
p0042,Part 3: The Curriculum,Degree Requirements,"General Education Requirements / Quantitative Reasoning Course Requirement (1 course, 4 credits)",The Curriculum,21,The Quantitative Reasoning (QR) requirement aims to ensure that all students graduate with critical skills in quantitative analysis and deductive reasoning.,21,6,Compsci / Algorithms / Math,14.357479,6.81432,0.42840576171875,1,p0043|p0902|p0040|p1068|p0032,0.711|0.516|0.502|0.452|0.444
p0043,Part 3: The Curriculum,Degree Requirements,"General Education Requirements / Quantitative Reasoning Course Requirement (1 course, 4 credits)",The Curriculum,21,"The QR requirement can be fulfilled by taking a course with the Quantitative Reasoning (QR) attribute3 or by approved transfer credit from study abroad or summer programs for computer science, mathematics, or statistics courses. Transfer credit requires the review and approval from the appropriate division chair to fulfil the distributional requirement. The QR requirement cannot be fulfilled by AP or IPC credits.",62,1,Physedu / Japanese / Italian,14.167997,7.088631,0.5312530994415283,1,p0042|p0040|p1068|p0317|p0145,0.711|0.697|0.528|0.501|0.500
p0044,Part 3: The Curriculum,Degree Requirements,"General Education Requirements / Language Courses (2-4 courses, 8-16 credits)",The Curriculum,21,"One of Duke Kunshan University’s goals is for students to graduate with strong skills in multiple languages, especially English and Chinese. To this end, all students are required to take 8-16 credits of foreign language courses appropriate to their needs.",40,2,Prematriculation / Transfer / Matriculation,12.943879,6.9121614,0.7583674192428589,0,p0064|p0046|p0049|p0065|p0212,0.809|0.770|0.767|0.767|0.764
p0045,Part 3: The Curriculum,Degree Requirements,"General Education Requirements / Language Courses (2-4 courses, 8-16 credits)",The Curriculum,21,"Duke Kunshan University’s medium of instruction is English, so it is imperative that all students have a strong command of English. Further, the ability to produce effective academic papers and presentations in English is especially important. Students whose secondary education was not in English medium schools will generally benefit from instruction in academic English skills, and will therefore be assigned to the English for Academic Purposes (EAP) track at Duke Kunshan University and be required to take two course sequences, EAP 101A and 101B and EAP 102A and 102B. Students can further develop their academic English skills by taking elective EAP courses and/or written and oral communication (WOC) courses.",109,2,Prematriculation / Transfer / Matriculation,12.619272,6.572248,0.6837555170059204,0,p0049|p0134|p0044|p0131|p0148,0.819|0.818|0.729|0.692|0.683
p0046,Part 3: The Curriculum,Degree Requirements,"General Education Requirements / Language Courses (2-4 courses, 8-16 credits)",The Curriculum,21,"Students at Duke Kunshan University should also attain a high level in Chinese, not only because Duke Kunshan University is located in China, but also because Chinese is already one of the world’s most important global languages. For this reason, students who are not required to be in the EAP track and who do not yet have a strong academic and professional command of Chinese will be assigned to a Chinese as Second Language (CSL) track, and assigned to a course appropriate to their Chinese level based on the results of a Duke Kunshan University placement examination process. All CSL-track students are required to meet two criteria: they must take at least eight credits of Chinese language courses (normally four 2-credit courses), and they must successfully complete CHINESE 202B or a higher level course. That is to say, students who begin their Chinese study in CHINESE 101A are required to take Chinese courses until they complete CHINESE 202B; students who begin studying Chinese in CHINESE 201A or a higher-level course are required to take 8 credits, starting with and including whatever level course they are placed into. After satisfying their foreign language requirement, CSL-track students are encouraged to continue developing their Chinese language skills by taking higher level elective courses in Chinese, and",213,1,Physedu / Japanese / Italian,13.12712,6.5130424,0.7277593612670898,0,p0355|p0136|p0137|p0049|p0044,0.853|0.828|0.799|0.796|0.770
p0047,Part 3: The Curriculum,Degree Requirements,"General Education Requirements / Language Courses (2-4 courses, 8-16 credits)",The Curriculum,21,3 Courses with more than one attribute can only be counted as one of these attributes.,16,1,Physedu / Japanese / Italian,14.365885,6.8645544,0.5826432704925537,0,p0040|p0173|p0032|p0371|p0041,0.651|0.551|0.543|0.541|0.537
p0048,Part 3: The Curriculum,Degree Requirements,"General Education Requirements / Language Courses (2-4 courses, 8-16 credits)",The Curriculum,22,also by designing and carrying out Chinese learning plans either on their own or with guidance and support from the Writing and Language Studio.,24,1,Physedu / Japanese / Italian,13.27345,4.27282,0.5104891061782837,1,p0552|p0138|p0534|p0553|p0523,0.583|0.579|0.578|0.577|0.571
p0049,Part 3: The Curriculum,Degree Requirements,"General Education Requirements / Language Courses (2-4 courses, 8-16 credits)",The Curriculum,22,"Students who enter Duke Kunshan University with such a strong command of both English and Chinese that they can readily do academic work in both languages - and that no appropriate EAP and CSL courses are offered for them - will not be assigned to either the EAP track or the CSL track. These students can satisfy their foreign language requirement in several ways. One option is to take advanced written and oral communication (WOC) courses. (Because the content of different sections of some WOC courses differ considerably, in some cases students are allowed to take more than one WOC course of the same course number if the course content of the two courses is different.) Another option is to take courses in an additional language.",126,2,Prematriculation / Transfer / Matriculation,12.837884,6.6338005,0.6837616562843323,0,p0045|p0046|p0148|p0044|p0136,0.819|0.796|0.773|0.767|0.750
p0050,Part 3: The Curriculum,Degree Requirements,"General Education Requirements / Language Courses (2-4 courses, 8-16 credits)",The Curriculum,22,More information on language placement is in the Entrance Credit and Placement sections of Part 6.,16,1,Physedu / Japanese / Italian,15.23332,5.1546597,0.4738750457763672,1,p0630|p0674|p0672|p0629|p0148,0.660|0.615|0.597|0.576|0.567
p0051,Part 3: The Curriculum,Degree Requirements,"Major Requirements (16-19 courses, 64-76 credits)",The Curriculum,22,"Majors have interdisciplinary and disciplinary components, with the former serving as the entry point and primary definition of a students’ academic community and the latter providing specialized training, as well as divisional foundation courses that prepare students for advanced study and signature work that focuses on a question, problem or issue and includes independent research, a senior thesis or creative production.",61,10,Career / Mindfulness / Advising,9.363429,2.122705,0.579802393913269,0,p0055|p0026|p0031|p0052|p0448,0.711|0.654|0.638|0.628|0.626
p0052,Part 3: The Curriculum,Degree Requirements,"Major Requirements (16-19 courses, 64-76 credits)",The Curriculum,22,"Requirements for each major include Divisional Foundation Courses, Interdisciplinary Studies Courses, Disciplinary Studies Courses, Signature Work and Experiential Education. The detailed course requirements for each major are listed in Part 10: Majors and Courses.",34,1,Physedu / Japanese / Italian,14.33568,6.560938,0.748389720916748,0,p0033|p0353|p0032|p0362|p0410,0.766|0.761|0.691|0.644|0.641
p0053,Part 3: The Curriculum,Degree Requirements,"Major Requirements (16-19 courses, 64-76 credits)",The Curriculum,22,"Students are responsible for meeting the requirements of a major as stated in the bulletin for the year in which they matriculated at DKU;4 however, they have the option of meeting requirements in the major changed subsequent to the students’ matriculation.",41,1,Physedu / Japanese / Italian,13.187394,8.064874,0.644295334815979,0,p0171|p0186|p0187|p0121|p0141,0.712|0.605|0.594|0.593|0.568
p0054,Part 3: The Curriculum,Degree Requirements,"Major Requirements (16-19 courses, 64-76 credits) / Divisional Foundation Courses (2 to 4 courses, 8 to 16 credits, depending on major)",The Curriculum,22,Divisional Foundation courses provide opportunities to develop knowledge and skills essential to advanced work in each division.,17,10,Career / Mindfulness / Advising,14.264423,6.566734,0.5633602142333984,0,p0052|p0040|p0039|p0041|p0051,0.627|0.543|0.499|0.498|0.485
p0055,Part 3: The Curriculum,Degree Requirements,"Major Requirements (16-19 courses, 64-76 credits) / Interdisciplinary Studies (4 to 7 courses, 16 to 28 credits, depending on major)",The Curriculum,22,"Interdisciplinary courses are characterized by distinct curricular pathways spanning several traditional disciplines. These are broad but defined areas of study that encourage integrative and multidisciplinary habits of inquiry and knowledge acquisition. The interdisciplinary component of a major serves as a primary definition of the student’s academic community. It requires 4 to 7 courses and might be problem-focused, comparative and cross-cultural, or innovative fusions",63,10,Career / Mindfulness / Advising,9.354977,2.1566706,0.6391048431396484,0,p0026|p0051|p0027|p0604|p0407,0.770|0.711|0.686|0.628|0.624
p0056,Part 3: The Curriculum,Degree Requirements,"Major Requirements (16-19 courses, 64-76 credits) / Interdisciplinary Studies (4 to 7 courses, 16 to 28 credits, depending on major)",The Curriculum,22,4 Students in the Class of 2022 should follow the AY 2019-20 Undergraduate Bulletin because some of the courses in the original requirements may no longer exist.,27,1,Physedu / Japanese / Italian,13.946187,5.8768697,0.5367950797080994,0,p0363|p0364|p0053|p0220|p0073,0.553|0.547|0.525|0.524|0.508
p0057,Part 3: The Curriculum,Degree Requirements,"Major Requirements (16-19 courses, 64-76 credits) / Interdisciplinary Studies (4 to 7 courses, 16 to 28 credits, depending on major)",The Curriculum,23,"within or across divisions. In the social sciences and the arts and humanities communities, students in their 3rd and/or 4th years will undertake advanced seminars that enable them to integrate their studies from more specialized areas.",36,10,Career / Mindfulness / Advising,9.295107,2.474481,0.5350310802459717,0,p0604|p0605|p0770|p0026|p0881,0.675|0.672|0.632|0.622|0.615
p0058,Part 3: The Curriculum,Degree Requirements,"Major Requirements (16-19 courses, 64-76 credits) / Disciplinary Studies (4 to 8 courses, 16 to 32 credits, depending on major)",The Curriculum,23,"Students will also develop a disciplinary study, which often will map to the tools and methods of a traditional discipline and further enable students to be competitive for graduate school or other advanced work.",34,10,Career / Mindfulness / Advising,9.404773,2.1277614,0.5484334826469421,0,p0026|p0051|p0448|p0060|p0027,0.599|0.568|0.548|0.543|0.542
p0059,Part 3: The Curriculum,Degree Requirements,"Major Requirements (16-19 courses, 64-76 credits) / Signature Work and Experiential Education (8 credits and one Experiential Learning activity)",The Curriculum,23,"Duke Kunshan University graduates will have experience addressing complex problems outside the classroom as well as within, developing these skills through “Signature Work”. Signature Work encourages students to seek creative alignments between curricular pathways and to engage in experiential learning that leads to the creation of knowledge and products for scholarly, private sector and public audiences.",56,2,Prematriculation / Transfer / Matriculation,11.704821,6.614689,0.564041256904602,0,p0061|p0060|p0072|p0008|p0028,0.709|0.706|0.642|0.636|0.630
p0060,Part 3: The Curriculum,Degree Requirements,"Major Requirements (16-19 courses, 64-76 credits) / Signature Work and Experiential Education (8 credits and one Experiential Learning activity)",The Curriculum,23,"Signature Work calls for each student to identify one or more questions, problems, or issues that are of particular importance to him or herself and to society, and to investigate these through a combination of curricular and related co-curricular experiences. Students develop guided pathways, identify questions, and undertake projects early in their academic career. During the sophomore year students work with their advisors and faculty mentors to begin identifying the major questions, problems, or issues on which they would like to work, and to develop a pathway that includes three thematically linked courses drawn from students' interdisciplinary studies, disciplinary studies or electives, one or more co-curricular or experiential activities, and two capstone courses in which a student creates a substantial scholarly or creative signature product. Experiences derived from the co-curricular experiential learning component should establish, build on, solidify, or enhance academic work aligned with the Signature Work project. These experiences should help DKU undergraduate students prepare for their next steps beyond DKU. Experiential learning activities might include, but are not limited to, internships, practica, laboratory work, creative arts-based project, entrepreneurship-based project, community-based fieldwork or other civic projects.",187,10,Career / Mindfulness / Advising,11.592917,6.4812603,0.6458743810653687,0,p0072|p0059|p0061|p0062|p0031,0.714|0.706|0.700|0.652|0.628
p0061,Part 3: The Curriculum,Degree Requirements,"Major Requirements (16-19 courses, 64-76 credits) / Signature Work and Experiential Education (8 credits and one Experiential Learning activity)",The Curriculum,23,"The Signature Work Project will vary across fields and disciplines, but will always include substantial scholarly writing, reflection on learning, and publicly visible results. A student's Signature Work topic will be identified by the end of the sophomore year, at the latest. In the junior and senior years, a student will create an e-portfolio that captures both the Signature Work Product a student has produced and a narrative explaining the larger inquiry informing their Signature Work Project. Further information is available in the Signature Work Guide.",86,10,Career / Mindfulness / Advising,11.618739,6.425495,0.3996681869029999,1,p0059|p0060|p0072|p0062|p0258,0.709|0.700|0.676|0.560|0.478
p0062,Part 3: The Curriculum,Degree Requirements,"Major Requirements (16-19 courses, 64-76 credits) / Signature Work and Experiential Education (8 credits and one Experiential Learning activity)",The Curriculum,24,Three courses thematically Capstone Courses Signature Product linked to chosen topic. Scholarly or creative product Two senior capstone incorporating mentored courses leading to Experiential Education scholarly research and co- signature product. curricular components. One or more experiential activities after year one.,41,10,Career / Mindfulness / Advising,11.692727,6.4556804,0.6221476793289185,0,p0060|p0072|p0059|p0061|p0291,0.652|0.623|0.570|0.560|0.523
p0063,Part 3: The Curriculum,Degree Requirements,Credits Required for Degree,The Curriculum,24,"Duke Kunshan University adheres to the academic standards upheld by Duke University and the relevant requirements for graduation and degree awarding by the education administration authorities of China. All undergraduate students must meet the requirements of both Duke University and Duke Kunshan University before they can graduate and be awarded a graduation certificate and a bachelor’s degree from Duke Kunshan University, as well as a bachelor’s degree from Duke University.",70,2,Prematriculation / Transfer / Matriculation,12.901894,7.586689,0.677656888961792,0,p0022|p0065|p0035|p0142|p0064,0.868|0.839|0.832|0.815|0.810
p0064,Part 3: The Curriculum,Degree Requirements,Credits Required for Degree,The Curriculum,24,"A total of 136 Duke Kunshan University credits is required for international students to graduate and obtain the degrees, inclusive of 34 Duke Kunshan University credits earned through courses taught or co-taught by Duke faculty (i.e. 8.5 courses; 1 course credit at Duke is equivalent to 4 Duke Kunshan University credits). The specific Chinese Society and Culture courses required by the Ministry of Education of China for Chinese students are optional for international students. Students should note that the Chinese Society and Culture courses are taught in Chinese and do not count toward the 136 credits for the Duke degree.",100,2,Prematriculation / Transfer / Matriculation,13.099317,7.440349,0.7156879901885986,0,p0065|p0034|p0069|p0212|p0063,0.934|0.909|0.838|0.811|0.810
p0065,Part 3: The Curriculum,Degree Requirements,Credits Required for Degree,The Curriculum,24,"A total of 156 (Class of 2022) or 158 (Class of 2023 and beyond) Duke Kunshan University credits is required for Chinese students to graduate and obtain the degrees, including: (1) 136 Duke Kunshan University credits required for graduation with a Duke University bachelor’s degree, inclusive of 34 Duke Kunshan University credits earned through courses taught or co-taught by Duke faculty (i.e. 8.5 courses; 1 course credit at Duke is equivalent to 4 Duke Kunshan University credits); and (2) 20 (Class of 2022) or 22 (Class of 2023 and beyond) Duke Kunshan University credits required by the education administration authorities of China. The aforementioned graduation requirements apply to all Chinese students, including those from Hong Kong, Macau, and Taiwan. The detailed explanations are as follows:",125,2,Prematriculation / Transfer / Matriculation,13.061014,7.4966216,0.7326434850692749,0,p0064|p0034|p0063|p0069|p0035,0.934|0.899|0.839|0.819|0.806
p0066,Part 3: The Curriculum,Degree Requirements,Credits Required for Degree,The Curriculum,25,"For students from the Chinese mainland, the credit-bearing requirements specified by the education administration authorities of China are: (1) Chinese Society and Culture courses (16 credits in total); (2) Military training (2 credits); (3) Eight half-credit physical education courses (4 credits in total, 2 of which can count toward the 136 credits for the Duke degree), and passing the physical proficiency test set by Ministry of Education of China. The total required credits is 156, inclusive of the 136 credits required for all students.",84,1,Physedu / Japanese / Italian,13.407775,7.110944,0.7090834975242615,0,p0068|p0065|p0064|p0223|p0208,1.000|0.784|0.782|0.768|0.726
p0067,Part 3: The Curriculum,Degree Requirements,Credits Required for Degree,The Curriculum,25,"Students from Hong Kong, Macau, and Taiwan must meet the same requirements as those from the Chinese mainland. However, they may substitute the military training credits with credits from specific designated Chinese studies courses, or they can voluntarily take military training to get the corresponding credits.",46,1,Physedu / Japanese / Italian,13.225629,7.0830297,0.5842201709747314,0,p0036|p0066|p0068|p0035|p0204,0.740|0.656|0.656|0.643|0.624
p0068,Part 3: The Curriculum,Degree Requirements,Credits Required for Degree,The Curriculum,25,"For students from the Chinese mainland, the credit-bearing requirements specified by the education administration authorities of China are: (1) Chinese Society and Culture courses (16 credits in total); (2) Military training (4 credits); (3) Eight half-credit physical education courses (4 credits in total, 2 of which can count toward the 136 credits for the Duke degree), and passing the physical proficiency test set by Ministry of Education of China. The total required credits is 158, inclusive of the 136 credits required for all students.",84,1,Physedu / Japanese / Italian,13.451949,7.1352324,0.708909273147583,0,p0066|p0065|p0064|p0223|p0208,1.000|0.785|0.783|0.766|0.726
p0069,Part 3: The Curriculum,Degree Requirements,Credits Required for Degree,The Curriculum,25,"Course credit at Duke Kunshan University follows the same standard as Duke University in terms of instruction hours and out-of-class study hours. Of the 136 credits required for a Duke University degree, a maximum of 8 credits passed with a D grade (D, D+, D-) can be used toward the 136 credits requirement. The 136 credits may include (1) no more than 2 credits in physical education activity courses (i.e., four half-credit activity courses); (2) no more than eight elected credits taken on a Credit/No Credit grading basis (not including courses offered only on that basis); (3) no more than 40 credits combining any allowable transfer credits including AP/IPC, transfer credits for study abroad, etc.; and (4) no more than Duke Kunshan University equivalent of 24 credits in graduate and professional school courses not listed in the Duke Kunshan University Undergraduate Programs Bulletin. These courses include all courses offered by Duke Kunshan University graduate programs, Duke schools of business, law, divinity, nursing, and all graduate courses numbered 700 and above. These courses are generally not open to undergraduates and require special permission to enroll. For limitations on transfer credit and Advanced Placement credit, see the sections on “Advanced Placement” and “Transfer of Work Taken Elsewhere” in Part 6: “Academic Procedures and Information”.",212,2,Prematriculation / Transfer / Matriculation,13.240131,7.802591,0.7165117859840393,0,p0223|p0034|p0140|p0315|p0064,0.897|0.862|0.856|0.848|0.838
p0070,Part 3: The Curriculum,Degree Requirements,Credits Required for Degree,The Curriculum,26,"To meet the 136-credit requirement, students need to complete additional elective courses in addition to completing the General Education and Major Requirements. The curriculum is designed to enable a wide range of flexibility for students. Some may elect to use their full range of electives to go wide and broad while others may elect to dive deep into their areas of disciplinary study.",63,1,Physedu / Japanese / Italian,14.310938,6.7044134,0.7544817328453064,0,p0033|p0475|p0032|p0473|p0212,0.705|0.701|0.681|0.668|0.652
p0071,Part 3: The Curriculum,Degree Requirements,Non-Credit Mini-Term Courses,The Curriculum,26,"Mini-term courses are intensive, non-credit, non-graded, one-week short courses. There are two types of mini-term courses:",16,1,Physedu / Japanese / Italian,14.181379,6.737176,0.5495370626449585,0,p0073|p0030|p0157|p0361|p0033,0.702|0.663|0.556|0.554|0.527
p0072,Part 3: The Curriculum,Degree Requirements,Non-Credit Mini-Term Courses,The Curriculum,26,Exploratory Courses provide a focused exposure to a single topic while enabling students o to move outside of their comfort zones. These courses encourage students to explore their intellectual interests and unfamiliar academic fields and locate their passions by offering short seminar-style courses in a risk-free setting. Exploratory courses are intended for the generalist with minimal or no pre-requisites and could be academically or experientially oriented. Signature Work Courses provide structured time for sophomores or juniors to focus on o planning or research for their Signature Work project. These courses function as incubators which enable students to develop a better understanding of a particular topic or field and the strategies for narrowing their focus so as to carry out advanced work. Some Signature Work Mini-Terms require pre-requisites.,127,10,Career / Mindfulness / Advising,11.70976,6.358482,0.600029706954956,0,p0060|p0061|p0059|p0062|p0030,0.714|0.676|0.642|0.623|0.601
p0073,Part 3: The Curriculum,Degree Requirements,Non-Credit Mini-Term Courses,The Curriculum,26,Mini-Term courses are offered between the two sessions of the spring term. Students in the Class of 2022 are not required to take a mini-term course but may if desired. Students in the Class of 2023 and beyond are required to take one mini-term course in order to fulfill their degree requirement. Students may enroll in additional mini-term courses as space permits. Students can take these courses any time during their four-year study at Duke Kunshan University.,77,2,Prematriculation / Transfer / Matriculation,13.527894,7.8894835,0.673974871635437,0,p0071|p0186|p0143|p0132|p0141,0.702|0.696|0.640|0.635|0.632
p0074,"Part 4: Admission, Scholarships and Financial Aid",Principles of Selection,,"Admission, Scholarships and Financial Aid",27,"Duke Kunshan University seeks high-caliber, diverse, and talented students with 60-70% of the student population from China, and 30-40% of students from the rest of the world. Like Duke University, academic excellence and accomplishments are important factors for admissions. In line with our own unique institutional identity, we also place a very high value on qualities such as perseverance, global-mindedness, entrepreneurialism and ability to make an impact.",67,2,Prematriculation / Transfer / Matriculation,12.100966,7.337558,0.6479830741882324,0,p0006|p0335|p0001|p0004|p0023,0.783|0.771|0.759|0.756|0.747
p0075,"Part 4: Admission, Scholarships and Financial Aid",Principles of Selection,,"Admission, Scholarships and Financial Aid",27,"Applicants may be invited to attend an interview either in-person, by phone or via video- conference. Strong candidates from the Chinese mainland as well as Hong Kong, Macau and Taiwan will be invited to Duke Kunshan University for a one-day campus visit including an interview and an English writing test. All interviews are conducted in English.",56,2,Prematriculation / Transfer / Matriculation,12.426861,7.2389946,0.6931418180465698,0,p0035|p0335|p0045|p0004|p0049,0.700|0.691|0.660|0.655|0.650
p0076,"Part 4: Admission, Scholarships and Financial Aid",Application Timelines,,"Admission, Scholarships and Financial Aid",27,"International students (students who do not hold Chinese citizenship) will need to complete the Common Application and select a decision plan (Early Decision or Regular Decision), which determines the admissions timeline. Students may select only one decision plan and those who have selected Early Decision will not be reconsidered during the Regular Decision cycle if an admissions decision is made during the Early Decision round.",65,1,Physedu / Japanese / Italian,12.267906,8.334404,0.7193522453308105,0,p0078|p0077|p0079|p0080|p0081,0.749|0.654|0.620|0.603|0.572
p0077,"Part 4: Admission, Scholarships and Financial Aid",Application Timelines,,"Admission, Scholarships and Financial Aid",27,Early Decision (International Students only) • Application Deadline: November 2 • Decision Notification Date: Mid-December • Acceptance of Offer: By January 5,22,7,Incomplete / Withdrawal / Probation,12.213809,8.351428,0.7129273414611816,0,p0078|p0080|p0081|p0076|p0082,0.836|0.703|0.670|0.654|0.574
p0078,"Part 4: Admission, Scholarships and Financial Aid",Application Timelines,,"Admission, Scholarships and Financial Aid",27,Regular Decision (International Students) • Application Deadline: January 4 • Decision Notification Date: Mid-March • Acceptance of Offer: By May 1 Chinese Students:,23,1,Physedu / Japanese / Italian,12.173905,8.439606,0.7955966591835022,0,p0077|p0080|p0076|p0081|p0084,0.836|0.813|0.749|0.713|0.656
p0079,"Part 4: Admission, Scholarships and Financial Aid",Application Timelines,,"Admission, Scholarships and Financial Aid",28,"All Chinese students, including students from Hong Kong, Macau and Taiwan, applying to Duke Kunshan University must complete the application in the Slate system, and choose the Regular Decision plan for application.",32,2,Prematriculation / Transfer / Matriculation,12.496275,7.9629707,0.8129727840423584,0,p0089|p0035|p0085|p0063|p0074,0.687|0.661|0.656|0.647|0.644
p0080,"Part 4: Admission, Scholarships and Financial Aid",Application Timelines,,"Admission, Scholarships and Financial Aid",28,Regular Decision (Chinese Mainland Students) • Application Deadline: January 3 • Campus Day: March • Release of Shortlist: Early April • Gaokao: Early June • University Selection in the MOE System: Late June • Admission & Release of Offer: Early-Mid July,41,1,Physedu / Japanese / Italian,12.319161,8.404769,0.7505099773406982,0,p0078|p0081|p0077|p0156|p0076,0.813|0.810|0.703|0.659|0.603
p0081,"Part 4: Admission, Scholarships and Financial Aid",Application Timelines,,"Admission, Scholarships and Financial Aid",28,"Regular Decision (Hong Kong, Macau, Taiwan & Overseas Chinese Students) • Application Deadline: January 3 • Campus Day: March • Release of Shortlist: Early April • Pre-admission of Taiwan Students with GSAT (General Scholastic Ability Test): Early April • JEE (Joint Entrance Examination): Mid-May • University Selection in the MOE System: Mid-June • Admission & Release of Offer: Early-Mid July",60,1,Physedu / Japanese / Italian,12.271518,8.394506,0.7972570061683655,0,p0080|p0078|p0085|p0077|p0076,0.810|0.713|0.702|0.670|0.572
p0082,"Part 4: Admission, Scholarships and Financial Aid",Application Requirements,,"Admission, Scholarships and Financial Aid",28,"International Applicants need to submit the following: • The Common Application form including personal essays • High School Transcript5 • External Exam results or predicted scores, if applicable (e.g. IB, WAEC, GCSE, A-Levels, etc.) • Two Teacher Recommendation Letters • Counselor Recommendation Letter • SAT or ACT exams6 • Early Decision Agreement (if applicable) • OPTIONAL: SAT Subject Tests o TOEFL/IELTS or Duolingo for Non-Native English speakers o",68,1,Physedu / Japanese / Italian,12.127393,8.159377,0.7016506195068359,0,p0085|p0084|p0135|p0077|p0134,0.762|0.748|0.627|0.574|0.533
p0083,"Part 4: Admission, Scholarships and Financial Aid",Application Requirements,,"Admission, Scholarships and Financial Aid",28,5 A final high school transcript will be due upon high school graduation and before enrolling at DKU. 6 Verified SAT or ACT Scores from the testing center will be due before enrolling at DKU.,35,2,Prematriculation / Transfer / Matriculation,13.126946,8.008604,0.5789148211479187,1,p0171|p0128|p0127|p0316|p0317,0.623|0.621|0.611|0.600|0.591
p0084,"Part 4: Admission, Scholarships and Financial Aid",Application Requirements,,"Admission, Scholarships and Financial Aid",29,"Chinese Applicants from the Chinese mainland need to submit the following: • The Slate Application form including Personal essays • Mid-term and Final Grades in each term of Senior High School • A Teacher Recommendation Form • School Recommendation Form • Main honors and awards • TOEFL, IELTS, Duolinguo, or THUSSAT (optional) • Signed Consent Form • Gaokao Score (upon completion)",61,1,Physedu / Japanese / Italian,12.1354475,8.174447,0.7865495681762695,0,p0085|p0082|p0078|p0079|p0134,0.911|0.748|0.656|0.628|0.592
p0085,"Part 4: Admission, Scholarships and Financial Aid",Application Requirements,,"Admission, Scholarships and Financial Aid",29,"Chinese Applicants from Hong Kong, Macau Taiwan and Overseas need to submit the following: • The Slate Application form including essays • Mid-term and Final Grades in each term of Senior High School • A Teacher Recommendation Form • TOEFL, IELTS or Duolingo (optional) • Test Scores Joint Entrance Exam (JEE); or o GSAT (Taiwan applicants only) o",58,1,Physedu / Japanese / Italian,12.152602,8.220692,0.8095237016677856,0,p0084|p0082|p0081|p0079|p0078,0.911|0.762|0.702|0.656|0.650
p0086,"Part 4: Admission, Scholarships and Financial Aid",Application Requirements,,"Admission, Scholarships and Financial Aid",29,"After a preliminary review, all qualified mainland applicants will be invited to attend one of the Campus Days on weekends in March. On the Campus Day, applicants will be invited to attend a series of activities, including interviews, mock classes and writing assessment.",43,7,Incomplete / Withdrawal / Probation,12.516271,8.455977,0.6143455505371094,0,p0080|p0075|p0081|p0308|p0306,0.593|0.556|0.537|0.505|0.504
p0087,"Part 4: Admission, Scholarships and Financial Aid",Scholarships and Financial Aid,,"Admission, Scholarships and Financial Aid",29,"To support a globally diverse cohort of students from a variety of backgrounds, Duke Kunshan offers both need-based and merit-based awards up to and including the cost of full-tuition.",29,2,Prematriculation / Transfer / Matriculation,11.947724,7.451882,0.6595042943954468,0,p0335|p0074|p0007|p0023|p0019,0.718|0.709|0.699|0.690|0.682
p0088,"Part 4: Admission, Scholarships and Financial Aid",Scholarships and Financial Aid,,"Admission, Scholarships and Financial Aid",29,All applicants for admission are automatically considered for merit scholarships. A separate application is not required.,16,7,Incomplete / Withdrawal / Probation,12.670823,8.508224,0.536481499671936,1,p0090|p0087|p0169|p0314|p0133,0.485|0.476|0.476|0.446|0.434
p0089,"Part 4: Admission, Scholarships and Financial Aid",Scholarships and Financial Aid,,"Admission, Scholarships and Financial Aid",29,"When completing the Common or Slate Application, all applicants must indicate a “yes” in the financial aid interest box in order to be considered for need-based financial aid. International applicants must also submit the CSS Profile with their admissions application. The CSS code for Duke Kunshan University is 7059. Financial aid applicants will need to provide documentation to demonstrate that their current financial situation is a direct barrier to affording the tuition fees.",73,2,Prematriculation / Transfer / Matriculation,12.750089,8.002957,0.7205318212509155,0,p0090|p0142|p0079|p0063|p0131,0.782|0.687|0.687|0.670|0.669
p0090,"Part 4: Admission, Scholarships and Financial Aid",Scholarships and Financial Aid,,"Admission, Scholarships and Financial Aid",29,"For International students, need-based financial aid is reserved for applicants with a strong academic record yet a demonstrated lack of financial resources to cover tuition payments. Admission decisions are based on the overall assessment of all application materials. However, in order to best support the financial needs of all students who ultimately enroll, Duke Kunshan has a need-aware admissions process that may place some consideration on an applicant’s level of financial need in relation to available space and funds. Admitted international students who did not apply for financial aid during the admissions application phase are ineligible to apply for financial aid for any year of undergraduate study.",107,2,Prematriculation / Transfer / Matriculation,12.6311245,8.479791,0.7447996139526367,0,p0089|p0092|p0087|p0167|p0131,0.782|0.683|0.668|0.664|0.658
p0091,Part 5: Financial Information,Tuition and Fees,,Financial Information,31,College is an expensive investment. Fees paid by students do not cover the full cost of an education at the University. The income from endowment and contributions from alumni and other concerned individuals help meet the balance and assure each student the opportunity to pursue an education of unusually high quality.,51,7,Incomplete / Withdrawal / Probation,12.2951145,9.130453,0.6336073875427246,0,p0106|p0092|p0309|p0314|p0312,0.553|0.533|0.528|0.517|0.508
p0092,Part 5: Financial Information,Tuition and Fees,,Financial Information,31,"Students are urged to give their attention first to the selection of institutions that meet their intellectual and personal needs, and then to the devising of a sound plan for meeting the cost of their education. This process will require an in-depth knowledge of both the university’s financial aid program and the resources of the student’s family. Information describing in detail the various forms of financial aid may be obtained from the Office of International Enrollment Management or the Office of China Enrollment Management.",84,1,Physedu / Japanese / Italian,12.2116995,9.047212,0.6834916472434998,0,p0090|p0314|p0099|p0106|p0096,0.683|0.677|0.626|0.582|0.541
p0093,Part 5: Financial Information,Estimated Expenses,,Financial Information,31,"The figures in this section are projections and are subject to change. Certain basic expenditures, such as tuition and room and board are considered in preparing a student’s budget. These necessary expenditures, with a reasonable amount allotted for miscellaneous items, are shown below:",43,7,Incomplete / Withdrawal / Probation,12.288291,9.192699,0.5935473442077637,0,p0099|p0106|p0094|p0092|p0105,0.537|0.507|0.483|0.478|0.448
p0094,Part 5: Financial Information,Estimated Expenses,,Financial Information,31,"UG 2021-2022 Cost of Attendance for International Students Figures are in USD 1st Year Students Fall 2021 Spring 2022 (Kunshan) (Kunshan) Tuition $29,043 $29,043 Health Insurance $1,116 $0.00 Student Fees (Health Fee, Recreation Fee, etc.) $0.00 $0.00 Books & Supplies $650.00 $650.00 Residence $1,433 $1,433 Board $1,426 $1,426 International Travel $3,000 $0.00 Miscellaneous/Personal Expenses $905.00 $905.00 Total Cost of Attendance $37,573 $33,457",62,2,Prematriculation / Transfer / Matriculation,12.177975,9.098692,0.6867803931236267,0,p0097|p0098|p0095|p0099|p0100,0.646|0.607|0.606|0.595|0.593
p0095,Part 5: Financial Information,Estimated Expenses,,Financial Information,31,"Note: Assuming the exchange rate is 6.63, the tuition per year is about RMB385,104. The residence charge per term at Duke Kunshan University is RMB9,500 for single room and RMB7,500 for double room.",33,2,Prematriculation / Transfer / Matriculation,12.537803,8.686325,0.596645712852478,0,p0310|p0034|p0315|p0064|p0069,0.807|0.696|0.675|0.673|0.671
p0096,Part 5: Financial Information,Estimated Expenses,,Financial Information,32,"International Travel includes an estimate of the cost of one roundtrip from an international destination to Shanghai for international students, typical visa costs, and the additional health check and registration costs associated with establishing legal residence in China for non-Chinese students. Students wishing to return to their home countries during breaks in their study before the end of the year should budget additional funds for these trips.",67,11,Asia / Migration / Ethnic,12.068376,9.145243,0.5857957005500793,0,p0099|p0098|p0102|p0092|p0436,0.679|0.602|0.550|0.541|0.504
p0097,Part 5: Financial Information,Estimated Expenses,,Financial Information,32,"Tuition ¥ 85,000 ¥ 85,000 - Social Insurance ¥ 300 - - Student Fees (Health Fee, Recreation Fee, etc.) - - - Books & Supplies ¥ 4,310 ¥ 4,310 ¥ 200 Residence ¥ 9,500 ¥ 9,500 - Board ¥ 9,450 ¥ 9,450 ¥ 4,410 Domestic Travel ¥ 1,000 ¥ 1,000 - Miscellaneous/Personal Expenses ¥ 6,000 ¥ 6,000 ¥ 2,625 Total Cost of Attendance ¥ 115,560 ¥ 115,260 ¥ 7,235",69,1,Physedu / Japanese / Italian,12.198498,9.075472,0.5492523908615112,0,p0094|p0102|p0099|p0098|p0095,0.646|0.535|0.522|0.483|0.481
p0098,Part 5: Financial Information,Estimated Expenses,,Financial Information,32,"Note: Domestic Travel includes two return trips (RMB 1,000 each) for PRC students to go back to their hometown during breaks. Textbook fee will be charged based on actual costs.",30,1,Physedu / Japanese / Italian,12.146922,9.188453,0.6936017274856567,0,p0102|p0099|p0094|p0096|p0311,0.657|0.614|0.607|0.602|0.551
p0099,Part 5: Financial Information,Estimated Expenses,,Financial Information,32,"It should be noted that additional expenses incurred will depend to a large extent upon the tastes and habits of the individual. The average undergraduate student, however, can plan on a budget of approximately $71,029 for international students and ￥230,819 for Chinese students for one academic year (￥238,054 for students who take the Chinese Society and Cultural courses in the summer of 2022). These budgets represent most student living expenses except for cable, telephone, parking, travel costs, loan fees, and major clothing purchases.",83,1,Physedu / Japanese / Italian,12.132409,9.107116,0.6574379205703735,0,p0102|p0096|p0092|p0098|p0311,0.692|0.679|0.626|0.614|0.610
p0100,Part 5: Financial Information,Estimated Expenses,Enrollment Deposit,Financial Information,32,"International students are required to pay an enrollment deposit of USD 1,000 if they accept the admissions offer from the University. The deposit is non-refundable, but can then be used to pay tuition and fees.",35,7,Incomplete / Withdrawal / Probation,12.284076,9.081045,0.6887633800506592,0,p0101|p0314|p0094|p0090|p0103,0.611|0.595|0.593|0.577|0.553
p0101,Part 5: Financial Information,Estimated Expenses,Campus Deposit,Financial Information,32,"Students shall pay a campus deposit of ￥2,000 (or USD 300) before they arrive on campus. The deposit would be used to pay for any losses and damages caused to university properties and miscellaneous charges such as residence damages, excessive cleaning, refrigerator rental, library overdue fines, damaged or lost books, replacement processing fees, etc. If the deposit is not sufficient to cover the charges, the student will be responsible for settling all outstanding amounts and replenishing their campus deposit balance to RMB 2,000 (or USD 300) after the payment due date. If the full amount of the campus deposit drops below RMB 2,000 (or USD 300), access to the student residence and library collections may be restricted. The campus deposit will be rolled over from year to year, and the balance will be refunded to the student after their graduation or withdrawal from the university.",145,7,Incomplete / Withdrawal / Probation,12.672377,9.634209,0.7314449548721313,0,p0100|p0119|p0117|p0108|p0116,0.611|0.584|0.581|0.565|0.553
p0102,Part 5: Financial Information,Estimated Expenses,Residence Charge,Financial Information,33,"The residence charge for a single room is RMB 9,500 (equivalent to USD 1,433 for International students) per term; for a double room, the fee is RMB 7,500 (equivalent to USD 1,131 for International students per term). There is no additional Residence charge for students taking the required Chinese courses during the summer.",53,1,Physedu / Japanese / Italian,12.149871,9.148431,0.5980330109596252,0,p0099|p0098|p0095|p0094|p0096,0.692|0.657|0.589|0.577|0.550
p0103,Part 5: Financial Information,Estimated Expenses,Health Insurance,Financial Information,33,International students are required to purchase and enroll in the Health Insurance Plan (including ISOS) from the university. It is optional for Chinese Students to purchase social insurance.,28,1,Physedu / Japanese / Italian,12.113548,8.917225,0.502545177936554,1,p0318|p0100|p0076|p0078|p0436,0.582|0.553|0.540|0.539|0.513
p0104,Part 5: Financial Information,Estimated Expenses,Fees for Courses,Financial Information,33,"Additional fees may be charged for certain physical education activities, optional study trips, lab work and applied music courses.",19,7,Incomplete / Withdrawal / Probation,12.312156,9.296191,0.603645920753479,0,p0311|p0106|p0109|p0318|p0091,0.506|0.500|0.497|0.492|0.471
p0105,Part 5: Financial Information,Estimated Expenses,Study Away Costs,Financial Information,33,"For the costs of Study Away, please see the section on Study Away in Part 8.",16,7,Incomplete / Withdrawal / Probation,12.369901,8.989664,0.6086150407791138,0,p0303|p0314|p0301|p0114|p0312,0.604|0.534|0.512|0.500|0.482
p0106,Part 5: Financial Information,Estimated Expenses,Student Bills,Financial Information,33,Tuition and fees are due before the start of each term. It is the responsibility of students to pay the entire billed amount by the due date listed on the bill. Students applying for financial aid should complete that process by the assigned due date.,45,7,Incomplete / Withdrawal / Probation,12.480167,9.314452,0.676384449005127,0,p0092|p0110|p0314|p0169|p0091,0.582|0.581|0.555|0.554|0.553
p0107,Part 5: Financial Information,Estimated Expenses,Student Bills,Financial Information,33,"Details of bills are available electronically on the Student Information System, and students will also receive bills via e-mail. Students may view up-to-date student account history on the Student Information System.",31,7,Incomplete / Withdrawal / Probation,13.044351,9.019999,0.4868074059486389,1,p0150|p0264|p0266|p0198|p0106,0.597|0.504|0.489|0.487|0.461
p0108,Part 5: Financial Information,Estimated Expenses,Payment,Financial Information,33,"Students who receive the RMB bill should pay in RMB; while students who receive the USD bill should pay in USD. For detail payment instructions, please refer to the student bill.",31,7,Incomplete / Withdrawal / Probation,12.38442,9.396307,0.6269927620887756,0,p0101|p0109|p0102|p0106|p0098,0.565|0.514|0.513|0.508|0.504
p0109,Part 5: Financial Information,Estimated Expenses,Payment,Financial Information,33,"Service charges are normally assessed by the sending bank. For overseas payment, the intermediary bank might also be involved in completing the wire transfer and charge service fee. Please make sure you include or pay for the service charge before initiating your wire transfer. Your student account will be credited for the actual amount received (net of fees assessed by both the sending bank and the intermediary bank).",68,7,Incomplete / Withdrawal / Probation,12.474289,9.290477,0.5099493265151978,1,p0108|p0104|p0106|p0146|p0107,0.514|0.497|0.490|0.420|0.406
p0110,Part 5: Financial Information,Estimated Expenses,Restriction on Past Due Accounts,Financial Information,34,"Tuition and fees are due before the start of each term. If your account remains unpaid, you will not be allowed to register for future terms and may be administratively withdrawn from the University. As long as your account is past due, you may not have access to academic transcripts, be able to have academic credits certified, or receive a diploma at graduation. If your account remains outstanding after your departure from the University, it may be referred to a collection agency and reported to a credit bureau.",88,7,Incomplete / Withdrawal / Probation,13.013578,9.569269,0.6609681844711304,0,p0119|p0161|p0224|p0151|p0133,0.652|0.610|0.604|0.599|0.583
p0111,Part 5: Financial Information,Refund,,Financial Information,34,"When students take a leave of absence, withdraw from the University, or are withdrawn by the University, an adjustment to tuition may occur, depending on the date and the reason for the withdrawal or leave of absence.",37,7,Incomplete / Withdrawal / Probation,13.193524,9.970242,0.6833333969116211,0,p0114|p0117|p0246|p0119|p0252,0.872|0.756|0.694|0.681|0.677
p0112,Part 5: Financial Information,Refund,,Financial Information,34,"If the tuition adjustment results in a credit balance, the student or parent may elect to have the balance refunded or carried forward for future terms.",26,7,Incomplete / Withdrawal / Probation,12.970831,9.901536,0.6241684556007385,0,p0116|p0113|p0119|p0213|p0106,0.599|0.574|0.553|0.542|0.538
p0113,Part 5: Financial Information,Refund,,Financial Information,34,The University Tuition Withdrawal Adjustment policy is compliant with the Jiangsu Education Department’s regulations. The tuition withdrawal adjustment is calculated on a term basis as the tuition is charged and will be processed with all other refundable charges.,38,7,Incomplete / Withdrawal / Probation,13.153945,9.910014,0.6872416138648987,0,p0114|p0111|p0246|p0112|p0117,0.663|0.623|0.609|0.574|0.562
p0114,Part 5: Financial Information,Refund,,Financial Information,34,The tuition withdrawal adjustments for students who take a leave of absence or withdraw from the University shall follow the following guidelines:,22,7,Incomplete / Withdrawal / Probation,13.199082,9.894746,0.6923759579658508,0,p0111|p0117|p0252|p0248|p0113,0.872|0.717|0.684|0.675|0.663
p0115,Part 5: Financial Information,Refund,,Financial Information,34,** The refund percentage here refers to the percentage that will be refunded out of the net tuition for the term in which the student takes a leave of absence or withdraws.,32,7,Incomplete / Withdrawal / Probation,12.893985,10.054587,0.6059814095497131,0,p0120|p0117|p0119|p0118|p0112,0.696|0.646|0.569|0.556|0.508
p0116,Part 5: Financial Information,Refund,,Financial Information,35,"a. For students who cannot pass the physical examination within three months after the program begins, the University will refund full tuition to students.",24,7,Incomplete / Withdrawal / Probation,12.99623,9.903137,0.7034828066825867,0,p0119|p0117|p0244|p0246|p0118,0.683|0.651|0.637|0.610|0.609
p0117,Part 5: Financial Information,Refund,,Financial Information,35,"b. For students who voluntarily withdraw or take a leave of absence from the University, the University will refund according to the above schedule.",24,7,Incomplete / Withdrawal / Probation,13.043606,9.991215,0.7005606889724731,0,p0118|p0119|p0111|p0120|p0246,0.823|0.797|0.756|0.724|0.722
p0118,Part 5: Financial Information,Refund,,Financial Information,35,"c. For students who are suspended, put on involuntary leave of absence, or dismissed from the University due to violation of University policies and regulations, no refund will be granted.",30,7,Incomplete / Withdrawal / Probation,13.074118,10.002321,0.6225640773773193,0,p0119|p0117|p0252|p0246|p0151,0.854|0.823|0.699|0.670|0.636
p0119,Part 5: Financial Information,Refund,,Financial Information,35,"d. For students who are suspended or take a leave of absence from the University due to a medical condition, the University will refund according to the above schedule. The University will not charge the students during the suspension or leave period. Students need to pay for the tuition of the term when they return to the University.",58,7,Incomplete / Withdrawal / Probation,13.0040655,9.964319,0.7422661781311035,0,p0118|p0117|p0116|p0111|p0249,0.854|0.797|0.683|0.681|0.668
p0120,Part 5: Financial Information,Refund,,Financial Information,35,"e. Students who voluntarily withdraw or take a leave of absence from the University will received a pro-rated refund of their housing fee, calculated based on the nightly rates.",29,7,Incomplete / Withdrawal / Probation,12.977288,10.0042095,0.6980000734329224,0,p0117|p0115|p0119|p0118|p0111,0.724|0.696|0.663|0.628|0.592
p0121,Part 6: Academic Procedures and Information,Academic Integrity,,Academic Procedures and Information,36,"All DKU students are responsible for adhering to the Duke Kunshan University Community Standard (see section on Community Standard, Part 1). Each student admitted to DKU is required to sign the Community Standard before classes begin. The DKU Community Standard stresses the commitment that students share with all members of the community to enhance the climate for honesty, fairness, respect, and accountability at DKU. Students affirm their commitment to foster this climate by signing a pledge that includes taking constructive action if they witness or know about behavior they perceive to be inconsistent with the DKU Community Standard, which may include violation of university policies. Students are responsible for maintaining high standards of academic honesty and personal integrity in all matters, including reporting the results of their studies, laboratory work, and research; completing assignments; writing papers; and taking quizzes, tests, and examinations. When confronted with a possible violation of academic integrity, it is important that faculty members deal fairly and consistently with students.",163,2,Prematriculation / Transfer / Matriculation,12.601066,7.817462,0.5676250457763672,0,p0019|p0267|p0124|p0350|p0005,0.733|0.670|0.666|0.631|0.626
p0122,Part 6: Academic Procedures and Information,Academic Integrity,,Academic Procedures and Information,36,"The University’s disciplinary process is independent of, and in addition to, an instructor’s decision on how to grade academically dishonest work. Instructors are expected to communicate with students their policy regarding grading of an academically dishonest assignment (e.g., zero on the assignment, reduced/failing grade for the course, or other approach). An instructor may only implement this penalty if the student has accepted responsibility for academic dishonesty (by accepting the penalty) or has been found responsible for such through the proceedings of the Undergraduate Academic Review Board (UARB).",87,7,Incomplete / Withdrawal / Probation,14.849447,9.632923,0.5758981704711914,0,p0271|p0125|p0272|p0273|p0124,0.683|0.667|0.590|0.569|0.549
p0123,Part 6: Academic Procedures and Information,Academic Integrity,,Academic Procedures and Information,36,Any case reviewed by the UARB shall be kept strictly confidential and only those parties involved in investigating and resolving the case should know the details of the case and its resolution.,32,7,Incomplete / Withdrawal / Probation,14.808384,9.593791,0.1655689775943756,1,p0125|p0124|p0264|p0274|p0122,0.401|0.353|0.343|0.339|0.326
p0124,Part 6: Academic Procedures and Information,Academic Integrity,,Academic Procedures and Information,36,"Violations of academic integrity that occur while the student is residing at Duke University or other institution (for example, during a study-abroad program) will be handled by the host institution according to the host institution’s policies, although DKU reserves the option to investigate the case and impose additional penalties if such action is deemed warranted. In the event a DKU student is suspected of an academic integrity violation at Duke University, DKU may share information regarding previous academic integrity violations that occurred at DKU. Duke University, at its discretion, may use this information in the resolution of disciplinary proceedings.",99,2,Prematriculation / Transfer / Matriculation,12.98206,8.252976,0.5543275475502014,0,p0267|p0121|p0210|p0316|p0178,0.731|0.666|0.650|0.640|0.623
p0125,Part 6: Academic Procedures and Information,Academic Integrity,Academic Integrity: Undergraduate Program Policies,Academic Procedures and Information,36,"Members of the faculty teaching undergraduates are expected to consult with the Dean of Undergraduate Studies regarding cases of possible academic misconduct. Minor, first-time infractions (those that would not be grounds for suspension or more severe censure if proven true) may be resolved between the faculty member and the student. The faculty member should submit a written record of the violation and how it was resolved using the Faculty-Student Resolution Form to the Dean of Undergraduate Studies or designee, who maintains a record and determines if there have been previous violations. If the student is dissatisfied with the resolution, he or she may appeal to the Dean of Undergraduate Studies or designee. Cases that are more serious, second- time offenses or student appeals must be handled more formally through the Undergraduate Academic Review Board (UARB).",135,7,Incomplete / Withdrawal / Probation,14.829477,9.727833,0.5565968751907349,0,p0269|p0122|p0271|p0270|p0279,0.720|0.667|0.666|0.648|0.620
p0126,Part 6: Academic Procedures and Information,Entrance Credit and Placement,,Academic Procedures and Information,37,Duke Kunshan University recognizes three types of college-level work you may have completed prior to matriculation at Duke Kunshan University: • Advanced Placement Credit (AP) • International Placement Credit (IPC) • Prematriculation College Credit,34,2,Prematriculation / Transfer / Matriculation,13.418215,7.747167,0.6898932456970215,0,p0132|p0127|p0141|p0142|p0131,0.863|0.838|0.825|0.803|0.798
p0127,Part 6: Academic Procedures and Information,Entrance Credit and Placement,,Academic Procedures and Information,37,"Scores on the tests listed below, documented previous educational experience, and DKU placement tests are the criteria that can be used to determine a student’s qualifications for certain advanced courses. In addition, a limited amount of elective course credit may be awarded on the basis of precollege examination and/or credits earned of the three types listed above. Duke Kunshan University will record on students’ permanent Duke Kunshan University records courses of these three types completed prior to their matriculation at Duke Kunshan University. The three types of precollege work are regarded as equivalent and may be used for placement into higher-level coursework and to satisfy major requirements at Duke Kunshan University to the extent allowed by each major. Additionally, students may be granted up to 8 elective credits toward the degree requirement of 136 credits for any combination of AP, IPC or prematriculation credit. AP, IPC and prematriculation credits may not be used to satisfy the quantitative reasoning requirement or any other general education requirements. Enrollment in a course for which AP, IPC or prematriculation credit has been given will cause the AP, IPC or prematriculation credit to be forfeited.",190,2,Prematriculation / Transfer / Matriculation,13.426216,7.74378,0.7479093670845032,0,p0132|p0141|p0126|p0131|p0069,0.861|0.844|0.838|0.829|0.814
p0128,Part 6: Academic Procedures and Information,Entrance Credit and Placement,,Academic Procedures and Information,37,"All AP, IPC and prematriculation credits that Duke Kunshan University recognizes, along with the equivalent course, will appear on the DKU transcript. The University does not recognize any AP or IPC exams that are taken after a student begins at DKU nor does it recognize equivalent exams granting degree credit (CLEP, locally administered placement tests, etc.).",56,2,Prematriculation / Transfer / Matriculation,13.316509,7.77548,0.6707940101623535,0,p0127|p0131|p0126|p0132|p0256,0.811|0.783|0.783|0.768|0.735
p0129,Part 6: Academic Procedures and Information,Entrance Credit and Placement,Forfeiture of Precollege Credit Awarded,Academic Procedures and Information,37,"Students who successfully complete a course at Duke Kunshan University for which they received precollege credit may not use that precollege credit or any higher precollege credit in that subject to satisfy degree requirements, but the precollege work will remain on the Duke Kunshan University transcript. A student who enrolls in a course for which precollege credit was awarded and who subsequently fails or withdraws from the course after the Drop/Add deadline will be allowed to apply the pre-college credit toward graduation requirements according to the policy governing use of such credits (see above).",94,2,Prematriculation / Transfer / Matriculation,13.621195,7.985285,0.7661128640174866,0,p0132|p0141|p0127|p0152|p0140,0.829|0.810|0.778|0.764|0.739
p0130,Part 6: Academic Procedures and Information,Entrance Credit and Placement,College Board Advanced Placement Program (AP) Examinations,Academic Procedures and Information,38,"Duke Kunshan University recognizes the Advanced Placement program of the College Board. A score of four or five on College Board Advanced Placement Program Examinations, taken prior to matriculation at Duke Kunshan, is the basis for consideration of placement in advanced courses. Approval of the faculty and the corresponding division chair or the Director of the LCC is required before final placement is made. Scores must be submitted directly from the appropriate testing service to the Office of the University Registrar.",81,2,Prematriculation / Transfer / Matriculation,13.337755,7.732517,0.6847847700119019,0,p0139|p0126|p0127|p0131|p0132,0.810|0.773|0.767|0.766|0.750
p0131,Part 6: Academic Procedures and Information,Entrance Credit and Placement,International Placement Credit (IPC),Academic Procedures and Information,38,"Duke Kunshan University recognizes the International Baccalaureate Program; the French Baccalaureate; the British, Hong Kong, or Singapore A Level Examinations; the Cambridge pre-U; the Caribbean Advance Proficiency Examination; the German Abitur; the Swiss Federal Maturity Certificate; the All India Senior School Certificate Examination; the Indian School Certificate examination; and the Israeli Matriculation Certificate. Scores acceptable for consideration are determined by the faculty and evaluated by the Office of the Registrar. Course equivalents for these programs may be recorded on a student’s permanent Duke Kunshan University record for placement and credit according to the same policy governing use of AP (see above). These credits may be used to satisfy the quantitative reasoning requirement but not other general education requirements; any combination of two IPC or AP courses may be used toward the required 136 credits for graduation.",136,2,Prematriculation / Transfer / Matriculation,13.48043,7.7888656,0.752048909664154,0,p0127|p0132|p0141|p0126|p0128,0.829|0.827|0.802|0.798|0.783
p0132,Part 6: Academic Procedures and Information,Entrance Credit and Placement,Prematriculation Credit,Academic Procedures and Information,38,"First-year Duke Kunshan students may submit for evaluation college courses taken at another accredited college or university after commencement of the student’s junior year of high school. (For details concerning transferring this work, see the section “Work Taken During High School.”) Prematriculation credits awarded for such work may be used as electives and, thus, may not be used to satisfy the general education requirements. Any combination of eight prematriculation, IPC, or AP credits may be used toward the 136 credits required for graduation (credits do not have to be designated by the student). No prematriculation credit will be awarded for college coursework completed on a study abroad program undertaken prior to matriculation at Duke Kunshan.",115,2,Prematriculation / Transfer / Matriculation,13.484587,7.890893,0.7980879545211792,0,p0141|p0126|p0127|p0129|p0131,0.921|0.863|0.861|0.829|0.827
p0133,Part 6: Academic Procedures and Information,Entrance Credit and Placement,Prematriculation Credit,Academic Procedures and Information,38,"For any of the above three types of college-level work, students are expected to submit their scores and/or any other required documents during their first term on campus. After the first term, no entrance credits will be accepted.",38,7,Incomplete / Withdrawal / Probation,13.958725,8.832918,0.7070527076721191,0,p0220|p0132|p0218|p0141|p0222,0.666|0.634|0.632|0.624|0.619
p0134,Part 6: Academic Procedures and Information,Entrance Credit and Placement,Placement in Languages,Academic Procedures and Information,38,"Entering students who attended Chinese high schools where English is normally not the medium of instruction will typically be assigned to the English for Academic Purposes (EAP) track. The written and oral English skills of EAP track applicants will be assessed during the application process, and applicants will need to demonstrate strong written and oral English skills in order to be admitted to Duke Kunshan University.",66,2,Prematriculation / Transfer / Matriculation,12.558633,6.4160132,0.5006937384605408,0,p0045|p0136|p0135|p0049|p0046,0.818|0.722|0.721|0.711|0.682
p0135,Part 6: Academic Procedures and Information,Entrance Credit and Placement,Placement in Languages,Academic Procedures and Information,39,"In cases where students assigned to the EAP track feel they should be assigned to another track, they may make a request in writing to the Director of the Language and Culture Center. Standardized test scores such as TOEFL, IELTS, SAT, and ACT can be included as supporting evidence in the request. However, the key question is whether or not students have had substantial training in academic English, especially training in writing papers in English, and so the request should provide evidence of such training. (Passing scores on tests such as TOEFL and IELTS are not, in and of themselves, sufficient evidence of adequate academic English skills such as the ability to write course papers in English, give effective presentations in English, and so forth.)",125,1,Physedu / Japanese / Italian,12.214449,5.4418674,0.4253065586090088,1,p0134|p0354|p0631|p0635|p0082,0.721|0.672|0.634|0.632|0.627
p0136,Part 6: Academic Procedures and Information,Entrance Credit and Placement,Placement in Languages,Academic Procedures and Information,39,"Entering International students who attended high schools where English was the medium of instruction will normally be assigned to the Chinese as a Second Language (CSL) track. During orientation at Duke Kunshan University, the Chinese skills of CSL track students will be assessed through a placement process that includes an interview, and they will be assigned to appropriate Chinese courses based on the results. In cases where students assigned to the CSL track feel they should be assigned to another track, they may make a request in writing to the Director of the Language and Culture Center.",97,1,Physedu / Japanese / Italian,12.952036,6.4395313,0.5027825236320496,0,p0046|p0049|p0137|p0355|p0134,0.828|0.750|0.741|0.732|0.722
p0137,Part 6: Academic Procedures and Information,Entrance Credit and Placement,Placement in Languages,Academic Procedures and Information,39,CSL-track students who are placed above CHIN 402 normally satisfy their language requirement by taking eight credits of advanced Chinese course electives above the CHIN 402 level.,27,1,Physedu / Japanese / Italian,13.198562,6.333727,0.5191195011138916,0,p0355|p0046|p0136|p0523|p0519,0.858|0.799|0.741|0.723|0.714
p0138,Part 6: Academic Procedures and Information,Entrance Credit and Placement,Placement in Languages,Academic Procedures and Information,39,"International students who demonstrate that they already have a full academic/professional command of Chinese can fulfill their language requirement by taking eight credits of a combination of the following kinds of courses: • Advanced Chinese courses covering areas where there is still room for improvement (e.g. Classical Chinese); • Additional languages (e.g. French, Japanese); • Advanced written and oral communication (WOC) courses.",62,1,Physedu / Japanese / Italian,13.1933775,6.4706454,0.5079683661460876,0,p0355|p0044|p0046|p0356|p0521,0.743|0.728|0.714|0.703|0.683
p0139,Part 6: Academic Procedures and Information,Entrance Credit and Placement,Other Placement Tests,Academic Procedures and Information,39,"Duke Kunshan University may offer additional placement tests in selected subjects for incoming students. Such tests will generally be offered during orientation, although some might be available online during the summer preceding matriculation. Students may be allowed to register for designated advanced courses based upon their scores on these tests. However, placement test results do not carry any academic credit. Placement tests give placement based on formal coursework taken prior to matriculation at Duke Kunshan and may not be taken by upper class students.",84,2,Prematriculation / Transfer / Matriculation,13.337682,7.683479,0.6442338824272156,0,p0130|p0127|p0022|p0126|p0131,0.810|0.740|0.722|0.715|0.704
p0140,Part 6: Academic Procedures and Information,Transfer of Work Taken Elsewhere,,Academic Procedures and Information,39,"A Duke Kunshan University student may receive credit for a maximum of 40 credits taken elsewhere, through a combination of AP/IPC credit or approved transfer or study away credit. Of those 40 credits, a maximum of 8 may be from AP/IPC/prematriculation credits (see section on Entrance Credit and Placement) prior to matriculation, and a maximum of 8 may be from coursework undertaken while on voluntary leave of absence for personal or medical reasons. No credit will be accepted for coursework taken while a Duke Kunshan University student is withdrawn, suspended, or on involuntary leave of absence.",96,2,Prematriculation / Transfer / Matriculation,13.28688,8.076822,0.749262809753418,0,p0315|p0069|p0143|p0212|p0205,0.923|0.856|0.852|0.848|0.842
p0141,Part 6: Academic Procedures and Information,Transfer of Work Taken Elsewhere,Work Taken During High School,Academic Procedures and Information,40,"College-level courses taken elsewhere prior to matriculation at Duke Kunshan may be considered for prematriculation credit provided they meet each of the following criteria: were taken after the commencement of the junior year of high school and yielded a grade of B- or better, not used to meet high school diploma requirements, taken on the college campus, taken in competition with degree candidates of the college, taught by a regular member of the college faculty, offered as part of the regular curriculum of the college, and not taken on a study abroad program completed prior to matriculation at Duke Kunshan. Formal review of courses meeting these criteria will proceed after an official transcript of all college courses taken and documentation pertaining to these criteria are received by the university registrar. (See also the section on entrance credit in this chapter for a discussion of the number of prematriculation credits that can transfer and how they may be used at Duke Kunshan.)",161,2,Prematriculation / Transfer / Matriculation,13.506123,7.8995023,0.7947032451629639,0,p0132|p0127|p0126|p0129|p0131,0.921|0.844|0.825|0.810|0.802
p0142,Part 6: Academic Procedures and Information,Transfer of Work Taken Elsewhere,Work Taken After Matriculation at Duke Kunshan University,Academic Procedures and Information,40,All coursework undertaken after matriculation as a full-time degree-seeking student at Duke Kunshan University must be at another accredited four-year institution in the United States or similarly accredited institution abroad and with a liberal arts and general education curriculum.,39,2,Prematriculation / Transfer / Matriculation,12.992625,7.684394,0.6615138053894043,0,p0022|p0063|p0126|p0034|p0006,0.824|0.815|0.803|0.802|0.800
p0143,Part 6: Academic Procedures and Information,Transfer of Work Taken Elsewhere,Work Taken After Matriculation at Duke Kunshan University,Academic Procedures and Information,40,"Duke Kunshan University students may study away for a fall or spring term and/or during the summer, either at Duke University or on a Duke Kunshan University-approved program sponsored by another university. In no instance may a student transfer more than 40 credits when combining study abroad, the allowable number of independent transfer courses, and AP/IPC credit. Courses taken at other institutions could count toward the major if approved by the relevant academic unit. However, specific majors may place limits on the types of courses taken at Duke or other universities that can be counted toward the major.",98,2,Prematriculation / Transfer / Matriculation,13.291402,8.131662,0.7250288128852844,0,p0315|p0140|p0069|p0147|p0205,0.873|0.852|0.835|0.807|0.791
p0144,Part 6: Academic Procedures and Information,Transfer of Work Taken Elsewhere,Work Taken After Matriculation at Duke Kunshan University,Academic Procedures and Information,40,For courses taken at Duke University: All grades earned at Duke University are entered on the official record at Duke Kunshan University and are used in determining the grade point average. Courses taken at Duke University with CR/NC grading or the equivalent are accepted for transfer credit (See more information in the section on Credit/No Credit (CR/NC) Grading System).,59,2,Prematriculation / Transfer / Matriculation,13.36521,7.8945894,0.6745039224624634,0,p0145|p0316|p0317|p0256|p0223,0.872|0.820|0.786|0.782|0.772
p0145,Part 6: Academic Procedures and Information,Transfer of Work Taken Elsewhere,Work Taken After Matriculation at Duke Kunshan University,Academic Procedures and Information,40,"For courses taken at universities other than Duke University: Only those courses taken in which grades of C- or better have been earned are acceptable for transfer credit; courses taken at other institutions with CR/NC grading or the equivalent are not accepted for transfer credit. All other courses approved for transfer are listed on the student’s permanent record at Duke Kunshan University, but grades earned are not recorded or used in determining the grade point average.",76,2,Prematriculation / Transfer / Matriculation,13.208477,8.196455,0.6982539296150208,0,p0144|p0317|p0315|p0147|p0316,0.872|0.857|0.794|0.768|0.765
p0146,Part 6: Academic Procedures and Information,Transfer of Work Taken Elsewhere,Work Taken After Matriculation at Duke Kunshan University,Academic Procedures and Information,41,"Credit transfer is awarded by the Office of the Registrar, based upon recommendation of the faculty and outcome of the Host-DKU Credit Transfer Approval review process coordinated through the Office of Global Education. Courses may be determined to be: approved as fully equivalent to a DKU course; approved to fulfill a thematic area major requirement at DKU; approved as a general elective; or, denied eligibility for credit transfer. Courses approved for credit transfer at Duke Kunshan University may be given a 100 to 300 number, lower to upper level. Once the limit of transferred credit has been reached, no additional transferred work will be displayed on the record or used as a substitute for a previously transferred course. Further information is available from the Office of Global Education.",128,2,Prematriculation / Transfer / Matriculation,12.869084,8.322482,0.6725810766220093,0,p0317|p0147|p0315|p0302|p0145,0.897|0.842|0.809|0.782|0.759
p0147,Part 6: Academic Procedures and Information,Transfer of Work Taken Elsewhere,Work Taken After Matriculation at Duke Kunshan University,Academic Procedures and Information,41,"Approval forms for Duke Kunshan University students taking courses at institutions other than Duke Kunshan University and Duke University may be obtained online or from the Office of Global Education. Students wishing to transfer credit for study at another accredited college or university while on leave, on a DKU-approved study abroad program, or during the summer must complete and receive approval through published credit-transfer review processes. No credit will be accepted for coursework taken while a Duke Kunshan University student is withdrawn, suspended, or on involuntary leave of absence.",89,2,Prematriculation / Transfer / Matriculation,13.1957245,8.421144,0.7398474216461182,0,p0315|p0317|p0146|p0301|p0143,0.873|0.857|0.842|0.825|0.807
p0148,Part 6: Academic Procedures and Information,Transfer of Work Taken Elsewhere,Transfer Credit for Foreign Language,Academic Procedures and Information,41,"The same rules that apply to the transferring of courses to meet other curriculum requirements apply to foreign language courses. Foreign language courses taken elsewhere and approved for transfer as credit to Duke Kunshan University may be considered in language placement, but students will still be asked to go through Duke Kunshan University’s Chinese language placement process in order to ensure that they are placed into the most appropriate Duke Kunshan University course for their proficiency level.",77,2,Prematriculation / Transfer / Matriculation,12.972948,6.8316483,0.6135944128036499,0,p0049|p0044|p0046|p0315|p0145,0.773|0.753|0.743|0.728|0.727
p0149,Part 6: Academic Procedures and Information,Time Limit for Completing Undergraduate Degree,,Academic Procedures and Information,41,"Undergraduates at Duke Kunshan University are expected to complete the bachelor’s degree in eight terms of enrollment. This period may be extended with approval from the Office of Undergraduate Studies for legitimate reasons, but the maximum length should not exceed six years, including the time taken for leave of absence. For students who are taking a leave of absence for military service reasons, the maximum length could be further extended by two years.",73,2,Prematriculation / Transfer / Matriculation,13.10414,8.1505785,0.6398109197616577,0,p0142|p0140|p0315|p0247|p0245,0.760|0.716|0.711|0.706|0.698
p0150,Part 6: Academic Procedures and Information,Registration,,Academic Procedures and Information,41,"Students are expected to register at specified times for each successive term. Prior to registration each student receives instructions via e-mail. Students prepare a course plan via the Student Information System, and should discuss it at an appointed time with their academic advisor prior to registration.",46,7,Incomplete / Withdrawal / Probation,13.375885,8.851311,0.5425833463668823,0,p0107|p0198|p0072|p0171|p0186,0.597|0.540|0.539|0.538|0.523
p0151,Part 6: Academic Procedures and Information,Registration,,Academic Procedures and Information,42,"Those students who have not paid any fees owed to or fines imposed by the university (such as student residence fines, library fines, and other possible fines) by the date specified for registration for the following term will not be permitted to register for the following term until such fees and fines have been paid in full, notwithstanding the fact that the student may have paid in full the tuition for the following term. Students who, for any reason, fail to register for the fall or spring term are placed on involuntary administrative leave of absence and must apply for reinstatement if they wish to return. The deadlines to file return applications, including all required supporting materials, are 5:00 p.m. May 1 (BJT) for Fall or Summer Term and 5:00 p.m. October 15 (BJT) for Spring Term. Late or incomplete applications will not be accepted.",145,7,Incomplete / Withdrawal / Probation,13.195458,9.791249,0.5704506635665894,0,p0252|p0161|p0118|p0244|p0234,0.753|0.637|0.636|0.602|0.599
p0152,Part 6: Academic Procedures and Information,Registration,Course Changes after Classes Begin in the Fall and Spring Terms (Class Drop/Add),Academic Procedures and Information,42,"Students may drop and add courses during the Drop/Add period at their own discretion. Courses dropped during this period do not appear on the official Duke Kunshan transcript. After the Drop/Add period, no course may be added; also, a course may not be changed to or from the audit basis. A student may elect to change the grading basis to Credit/No Credit following the deadlines outlined in the section on Credit/No Credit Grading System.",74,2,Prematriculation / Transfer / Matriculation,13.547143,8.267561,0.7831056714057922,0,p0129|p0315|p0140|p0132|p0147,0.764|0.748|0.736|0.720|0.719
p0153,Part 6: Academic Procedures and Information,Registration,Withdrawal from a Course,Academic Procedures and Information,42,"Withdrawing from a course differs from dropping a course. Students drop the course themselves during the Drop/Add period, and the course does not appear on their official transcript. To withdraw from a course after the Drop/Add period, the student must obtain permission from his or her academic advisor. After the Drop/Add period, students permitted to withdraw from a course receive a designation of W for that course on their academic record. The deadline for requesting withdrawal from a course in a fall/spring term is four weeks prior to the last day of classes for fourteen-week courses and two weeks prior to the last day of classes for seven-week courses. The deadline applies to course withdrawals for any reason other than medical. Coursework discontinued without the advisor’s permission will result in a grade of F.",134,7,Incomplete / Withdrawal / Probation,13.514769,9.97756,0.7019971609115601,0,p0244|p0166|p0248|p0154|p0163,0.828|0.797|0.755|0.748|0.736
p0154,Part 6: Academic Procedures and Information,Registration,Withdrawal from a Course,Academic Procedures and Information,42,"Withdrawing from a course is permitted in multiple fall/spring terms, as long as a student maintains a course load of at least 16 credits. Withdrawing from a course to an underload (fewer than 16 credits) is generally permitted only once in a fall or spring term. However, a student may begin another term in an underload with certain restrictions (see below). A student may also be permitted to withdraw to an underload more than once if there are significant medical reasons (see below). Students are cautioned that taking an underload may result in a delayed graduation date. (See section on Satisfactory Performance Each Term (Term Credit Requirements).)",107,7,Incomplete / Withdrawal / Probation,13.576143,9.342232,0.6403025388717651,0,p0163|p0160|p0153|p0168|p0161,0.815|0.761|0.748|0.727|0.723
p0155,Part 6: Academic Procedures and Information,Registration,Withdrawal from a Course,Academic Procedures and Information,42,"If a student notes errors in his/her course schedule, he/she should immediately consult with his/her advisor during the one-week schedule correction period that occurs immediately after Drop/Add ends.",28,7,Incomplete / Withdrawal / Probation,14.180922,9.76744,0.4865722060203552,0,p0192|p0153|p0273|p0279|p0194,0.520|0.500|0.484|0.480|0.471
p0156,Part 6: Academic Procedures and Information,Registration,Course Changes for the Summer Terms,Academic Procedures and Information,43,Summer Terms are structured for first-year Chinese students to take courses to meet the MOE requirements. First-year students who wish to delay taking the required Chinese courses must submit a petition form to the Office of the Registrar. The deadline for withdrawal from a course will be two weeks prior to the last day of classes for summer term courses. All course changes need to be approved by the student’s academic advisor and processed by the Office of the Registrar.,80,7,Incomplete / Withdrawal / Probation,12.841344,8.928605,0.5848283767700195,0,p0080|p0304|p0078|p0153|p0234,0.659|0.646|0.646|0.630|0.612
p0157,Part 6: Academic Procedures and Information,Undergraduate Course Load,,Academic Procedures and Information,43,"Students are reminded that it is their responsibility to be certain that their course load conforms with academic requirements. In fall and spring terms, the normal course load is 16-20 credits (8-10 credits in each 7-week session). In addition, students may enroll in up to one credit of PE courses without special permission from their advisor. In the first 7-week session of their first term, first- year students are restricted to a maximum of 8 credits (one four-credit course, one two-credit language course, and one additional two-credit course), plus one PE course. The maximum number of credits a student can take in any subsequent 7-week session without special permission is 10 (two 4-credit courses and one 2-credit course) plus one PE course. Students should note that in order to reach the 136 credits required for graduation, they will need 8 additional credits beyond the minimum course load of 16 credits per term for eight terms. These additional credits can be earned by any combination of terms in which a student registers for greater than the 16-credit minimum, AP and IPC credits, or transfer credits. Students who enroll in or withdraw to an underload, earn a failing grade (F or NC), or repeat a course in any term should work with their academic advisor to develop a plan to make up credits in order to avoid a delayed graduation date.",229,7,Incomplete / Withdrawal / Probation,13.911448,8.881769,0.7094501852989197,0,p0158|p0159|p0224|p0174|p0167,0.760|0.735|0.718|0.709|0.703
p0158,Part 6: Academic Procedures and Information,Undergraduate Course Load,Students on Academic Probation,Academic Procedures and Information,43,Students on academic probation may register for no more than 16 credits plus one PE course during the term of probation. The Dean of Undergraduate Studies may also limit the course load for a student who has previously received an academic warning. Students on academic probation are expected to remain in a full course load during the term of probation and will be permitted to withdraw to an underload only in extenuating circumstances.,73,7,Incomplete / Withdrawal / Probation,14.082113,9.384403,0.6758787631988525,0,p0241|p0231|p0242|p0157|p0232,0.835|0.807|0.785|0.760|0.741
p0159,Part 6: Academic Procedures and Information,Undergraduate Course Load,Overload,Academic Procedures and Information,43,"Only in exceptional cases and with special permission of both the academic advisor and the Dean of Undergraduate Studies or designee, could a student enroll in an overload (defined as more than 10 credits in a 7-week session or more than 20 credits in a term, exclusive of PE), up to a maximum of 24 credits. In determining whether to approve an overload, the academic advisor and the Dean of Undergraduate Studies will carefully consider the student’s academic history, including grades and the number of courses taken in the past. Students should not count on an overload later to compensate for a previous underload.",104,7,Incomplete / Withdrawal / Probation,13.686285,9.102696,0.6157698035240173,0,p0157|p0168|p0158|p0161|p0160,0.735|0.696|0.685|0.683|0.673
p0160,Part 6: Academic Procedures and Information,Undergraduate Course Load,Underload,Academic Procedures and Information,44,"Two categories of underloads (defined as a course load between 12 and 15 credits, exclusive of PE credits) may be authorized: withdrawal to underload and enrollment to underload. With the exception of medical, the maximum number of underloads under any circumstances (withdrawal or enrollment to an underload) is two terms. Students may make a request to their advisors to enroll in an underload up to twice during their time at Duke Kunshan University. A student may withdraw to an underload only once during their undergraduate career, although medical withdrawals are not counted in this number. Thus, there are only two possible enrollment patterns involving two underloads: • One withdrawal to an underload plus one enrollment in an underload, or • Two enrollments in an underload",125,7,Incomplete / Withdrawal / Probation,13.569959,9.179807,0.676235020160675,0,p0167|p0154|p0163|p0161|p0168,0.804|0.761|0.746|0.711|0.711
p0161,Part 6: Academic Procedures and Information,Undergraduate Course Load,Underload,Academic Procedures and Information,44,"Students should take note that an underload may affect a student’s scholarship or ability to graduate on time; 8 additional credits above the minimum of 16 per term are needed in order to meet the 136 credits requirement for graduation. Students should not count on an overload later to compensate for a previous underload. Students taking an underload will be ineligible for the Dean’s list and the Dean’s List with Distinction during that term. Each term, the Office of the Registrar will review all students with an enrollment under 16 credits. Students in an unauthorized underload may be placed on involuntary administrative leave of absence and have to apply for reinstatement if they wish to return. (See section on Leave of Absence.)",122,7,Incomplete / Withdrawal / Probation,13.604138,9.310576,0.6776882410049438,0,p0168|p0163|p0154|p0160|p0167,0.834|0.727|0.723|0.711|0.693
p0162,Part 6: Academic Procedures and Information,Undergraduate Course Load,Underload,Academic Procedures and Information,44,"Seniors needing only 3 courses to graduate may request an underload for their last. Seniors who anticipate that they will need fewer than 3 courses to graduate must apply before the first day of classes in the last term for part-time degree status (11 or fewer credits, exclusive of PE), which is not affected by or a part of the underload enrollment policy described here.",65,7,Incomplete / Withdrawal / Probation,13.620506,9.081554,0.6201515197753906,0,p0168|p0254|p0160|p0157|p0167,0.753|0.696|0.688|0.687|0.685
p0163,Part 6: Academic Procedures and Information,Undergraduate Course Load,Withdrawal to an Underload,Academic Procedures and Information,44,"During the term, upon recommendation from the academic advisor, the Dean of Undergraduate Studies may permit a student “for compelling reasons” to withdraw from a normal course load to an underload. Such a withdrawal to an underload is possible only prior to the final four weeks of classes for 14-week long courses and the final two weeks of classes for 7-week long courses. Students are permitted to withdraw to an underload only once in their academic career. The only exception to this policy is when a student is granted special permission to withdraw from a course to an underload for medical reasons (See Medical Withdrawal from a Course)",108,7,Incomplete / Withdrawal / Probation,13.493424,9.653518,0.6246721744537354,0,p0154|p0160|p0153|p0161|p0168,0.815|0.746|0.736|0.727|0.718
p0164,Part 6: Academic Procedures and Information,Undergraduate Course Load,Medical Withdrawal from a Course,Academic Procedures and Information,44,"A student who experiences medical problems that seriously interfere with their ability to meet their academic responsibilities should schedule an appointment with their advisor as soon as possible to discuss all of their options. Depending on how debilitating the medical situation is, and when in the term the health concerns emerge, it may be the case that other types of relief, such as an incomplete or a medical leave of absence, are more appropriate than medical withdrawal from a course.",80,7,Incomplete / Withdrawal / Probation,13.436686,10.154348,0.37354910373687744,1,p0165|p0190|p0248|p0166|p0249,0.678|0.671|0.643|0.634|0.634
p0165,Part 6: Academic Procedures and Information,Undergraduate Course Load,Medical Withdrawal from a Course,Academic Procedures and Information,45,"The decision whether to approve a course withdrawal for medical reasons is an administrative one to be made by the Dean of Undergraduate Studies or designee, informed by the opinion of the student’s attending health care provider but not driven by it. Beyond information provided by the health care professional, the Dean of designee will take into account all that is known about the student’s situation at Duke Kunshan, including such factors as medical history, use of resources in the past, compliance with medical expectations, how the student has conducted their academic responsibilities in courses to date, and other such indicators that the student has been managing their condition and academic affairs in responsible ways.",115,7,Incomplete / Withdrawal / Probation,13.460364,10.014069,0.604630708694458,0,p0164|p0166|p0163|p0246|p0247,0.678|0.642|0.620|0.618|0.614
p0166,Part 6: Academic Procedures and Information,Undergraduate Course Load,Medical Withdrawal from a Course,Academic Procedures and Information,45,"Medical course withdrawals are subject to the same deadline as all other course withdrawals. Likewise, such courses receive a designation of W on the student’s academic record. Students deemed eligible to take a medical Leave of Absence (See Leave of Absence) after the regular course withdrawal deadline will have the option, upon obtaining the appropriate approvals from the instructor, to choose to receive the grade of I in one or more courses instead of the W grade. The student may then complete the course as described in the section on Incomplete Coursework.",92,7,Incomplete / Withdrawal / Probation,13.444419,10.128082,0.6401325464248657,0,p0248|p0244|p0153|p0249|p0163,0.897|0.813|0.797|0.751|0.673
p0167,Part 6: Academic Procedures and Information,Undergraduate Course Load,Enrollment in an Underload,Academic Procedures and Information,45,"Under certain specific circumstances, students with a strong academic record may start a term enrolled in an underload of between 12 and 15 credits (exclusive of PE). This is permitted a maximum of two times in a student’s academic career and requires approval of both the academic advisor and the Dean of Undergraduate Studies. To enroll in an underload, a student must meet the following minimum criteria for eligibility: • Have a declared major • Have a GPA of at least 3.0 and not be on academic probation • Be enrolled on campus at Duke Kunshan – enrolling in an underload is not permitted when you are studying abroad or otherwise away from Duke Kunshan • For a first underload term: have already passed at least 64 credits • For a second underload term, have passed at least 84 credits prior to the 6th term or 104 credits prior to the 7th term, or 124 prior to the 8th term (including AP, IPC, and transfer credits",166,2,Prematriculation / Transfer / Matriculation,13.643258,8.905935,0.7632911801338196,0,p0160|p0168|p0132|p0069|p0143,0.804|0.761|0.731|0.724|0.721
p0168,Part 6: Academic Procedures and Information,Undergraduate Course Load,Enrollment in an Underload,Academic Procedures and Information,45,"When considering whether to enroll in an underload, students should note that they: • will be ineligible for the Dean’s list and the Dean’s List with Distinction during that term; • may not withdraw from a course during the underload term; • must pass at least 12 course credits in order to meet term continuation requirements; and • may need to make up credits (e.g., in summer or in future terms) to stay on track for graduation.",77,7,Incomplete / Withdrawal / Probation,13.626263,9.173537,0.663264811038971,0,p0161|p0167|p0162|p0154|p0163,0.834|0.761|0.753|0.727|0.718
p0169,Part 6: Academic Procedures and Information,Undergraduate Course Load,Enrollment in an Underload,Academic Procedures and Information,45,Students should also consider whether enrollment in an underload might affect their: • scholarship or financial aid – check the conditions of your award;,24,7,Incomplete / Withdrawal / Probation,13.403047,9.156832,0.5523672103881836,0,p0161|p0168|p0159|p0162|p0090,0.682|0.678|0.571|0.570|0.560
p0170,Part 6: Academic Procedures and Information,Undergraduate Course Load,Enrollment in an Underload,Academic Procedures and Information,46,• subsequent application to graduate or professional school – consult a graduate or professional school advisor.,16,7,Incomplete / Withdrawal / Probation,10.647857,7.176304,0.4244878888130188,1,p0284|p0283|p0031|p0282|p0314,0.459|0.442|0.436|0.434|0.433
p0171,Part 6: Academic Procedures and Information,Eligibility for Courses,,Academic Procedures and Information,46,"Students are responsible for ensuring that they have the stated prerequisites for a course. Students must check the course description to determine if they have taken the necessary prerequisites before enrolling in the course. As pre-requisites may get revised periodically, the most up-to-date information about course eligibility is provided in DKU Hub. Students may direct additional questions about course sequencing to their advisors, the Office of Undergraduate Advising, or the appropriate major coordinator.",73,1,Physedu / Japanese / Italian,12.911756,8.088097,0.5956138372421265,0,p0053|p0313|p0083|p0127|p0210,0.712|0.624|0.623|0.613|0.594
p0172,Part 6: Academic Procedures and Information,Eligibility for Courses,,Academic Procedures and Information,46,"In certain subjects, such as the sciences, mathematics, and the foreign languages (particularly at the introductory and intermediate levels), some lower level courses must be taken in sequence because the content presented at one level is necessary for successful work at the next level. Given this circumstance, it follows that students who complete a higher level course in a sequence may not subsequently enroll in a lower one that is a prerequisite for the higher course in that sequence. For example, a student cannot take Chinese 101 after having successfully completed Chinese 102. Students earning a C- or below in a course that is a prerequisite for another course should consult with their academic advisor and/or the course instructor before enrolling in the subsequent course in the sequence.",128,1,Physedu / Japanese / Italian,13.305481,6.2825804,0.6672776937484741,0,p0046|p0174|p0519|p0521|p0534,0.641|0.631|0.615|0.596|0.589
p0173,Part 6: Academic Procedures and Information,Eligibility for Courses,,Academic Procedures and Information,46,Students may not register for two courses officially listed as meeting at the same time.,15,7,Incomplete / Withdrawal / Probation,14.037025,7.793457,0.47965100407600403,1,p0047|p0181|p0280|p0180|p0186,0.551|0.523|0.484|0.469|0.447
p0174,Part 6: Academic Procedures and Information,Eligibility for Courses,,Academic Procedures and Information,46,"First-year students may only enroll in 300- to 400-level courses with instructor consent. Juniors and seniors may enroll in 500- to 600-level (graduate-level, open to advanced undergraduates) courses. Sophomores wishing to enroll in a 500- to 600-level course must secure permission of the instructor of the course and of their advisors. Undergraduates are normally not allowed to enroll in 700- to 900-level courses. Under exceptional circumstances, however, permission to do so may be granted to a junior or senior, provided the instructor, the Director of Graduate Studies in the corresponding program and their advisors give their signed permission. Seniors who, at the beginning of the final term, lack no more than 12 credits toward the fulfillment of the requirements for the bachelor’s degree may enroll in graduate courses, for a maximum course load of 20 credits.",136,7,Incomplete / Withdrawal / Probation,13.857017,8.676043,0.6514905691146851,0,p0157|p0254|p0162|p0172|p0167,0.709|0.680|0.666|0.631|0.624
p0175,Part 6: Academic Procedures and Information,Course Repeat,,Academic Procedures and Information,46,"Students are permitted to repeat courses they’ve taken at Duke Kunshan University in which they have received a grade of C- or below. A course may be repeated only at Duke Kunshan University, although in rare cases and only by petition to the Dean of Undergraduate Studies or designee, a student might be permitted to repeat a Duke Kunshan course at Duke University or repeat a Duke University course at Duke Kunshan University. Such requests will only be considered if there is an equivalent course offered at both universities.",89,2,Prematriculation / Transfer / Matriculation,13.121033,7.844886,0.6804171800613403,0,p0178|p0142|p0022|p0255|p0143,0.813|0.752|0.731|0.698|0.697
p0176,Part 6: Academic Procedures and Information,Course Repeat,,Academic Procedures and Information,46,"Students who failed a course need permission from their academic advisor before registering for the same course a second time. Students who received a passing grade (C-, D+, D, D-) for a course but who wish to repeat it to improve that grade and their GPA may do so only with permission from both their academic advisor and the Dean of Undergraduate Studies or designee. A student may NOT repeat a course for which the grade of record is CR, regardless of what the original grade was. The student should appeal in writing to their academic advisor, who will make a recommendation to the Dean of Undergraduate Studies, whose decision is final.",112,7,Incomplete / Withdrawal / Probation,14.576856,8.967855,0.6808004379272461,0,p0179|p0209|p0207|p0214|p0178,0.704|0.674|0.641|0.639|0.614
p0177,Part 6: Academic Procedures and Information,Course Repeat,,Academic Procedures and Information,47,"The grade earned in the repeated course as well as the grade earned originally appear on the transcript, the former identified as a repeat; both grades count in the grade point average, but the credit for only one counts toward the required number of courses for term credit requirements and the 136 credits required for graduation. A student may not use a CR/NC option on a course being taken for a second (or more) time. (See section on Credit/No Credit (CR/NC) Grading System.)",83,7,Incomplete / Withdrawal / Probation,14.654049,8.473717,0.6549570560455322,0,p0201|p0209|p0214|p0207|p0204,0.806|0.791|0.741|0.728|0.717
p0178,Part 6: Academic Procedures and Information,Course Repeat,,Academic Procedures and Information,47,"A student may not repeat a course after having passed another course for which the original course is a specific prerequisite. Except in the rare case of a successful petition to repeat a DKU course at Duke or a Duke course at DKU, a student may not substitute a different course or a course taken at another institution for a repeat of a course taken at Duke Kunshan University. If a student repeats a course at another institution, the credits will not transfer; the previous DKU grade will not change and will remain in the student's GPA calculation. A course taken at another institution with a grade of C- or above and not transferred to Duke Kunshan University may not be repeated at Duke Kunshan University. If it is determined such a course has been taken elsewhere and repeated at Duke Kunshan University, the Duke Kunshan University course will be removed from the academic record. A course previously passed at another educational institution, however, may be audited at Duke Kunshan University.",171,2,Prematriculation / Transfer / Matriculation,13.455714,8.138324,0.770738959312439,0,p0175|p0316|p0210|p0152|p0317,0.813|0.758|0.731|0.716|0.706
p0179,Part 6: Academic Procedures and Information,Course Repeat,,Academic Procedures and Information,47,"If the student wishes to repeat a course for a second time, that individual must submit an appeal in writing to their assigned academic advisor explaining the purpose of repeating the course and outlining a plan of study, including a plan to seek help from either the professor and/or the Academic Resource Center to demonstrate intention to improve their chance of passing the course. The advisor will make a recommendation to the Dean of Undergraduate Studies or designee, whose decision whether or not to grant permission is final. The course will count only once towards the 136 credits required for graduation and for fulfillment of term credit requirements.",108,7,Incomplete / Withdrawal / Probation,14.106075,8.578399,0.6868241429328918,0,p0176|p0175|p0178|p0177|p0157,0.704|0.658|0.625|0.616|0.614
p0180,Part 6: Academic Procedures and Information,Course Repeat,,Academic Procedures and Information,47,"Certain courses as designated in the course description (such as Research Independent Study, certain WOC courses, and applied music courses) may be repeated for credit without special permission.",28,1,Physedu / Japanese / Italian,13.9743185,7.5047164,0.6182448863983154,0,p0185|p0070|p0181|p0129|p0205,0.621|0.617|0.590|0.584|0.578
p0181,Part 6: Academic Procedures and Information,Course Audit,,Academic Procedures and Information,47,"With the written consent of the instructor and permission of the academic advisor, a full-time degree student is allowed to audit one or more courses in addition to the normal program. An audited course counts as part of the course load (see section on Undergraduate Course Load). Students who audit a course submit no daily work and take no examinations, but are expected to attend class sessions. They do not receive credit for the course, but the audited course will appear on the transcript. Students must register for audited courses by submitting a signed course audit form to the Office of the University Registrar. The prohibition against registering for two courses meeting at the same time applies. After the Drop/Add period in any term, no student classified as an auditor in a particular course may take the course for credit, and no student taking a course for credit may be reclassified as an auditor. Physical education activity, studio art, applied music, and dance technique/performance courses may not be audited. A student may not repeat for credit any course previously audited. Undergraduates who have been dismissed, suspended, or placed on leave of absence may not audit or enroll in a course for credit at Duke Kunshan University.",206,7,Incomplete / Withdrawal / Probation,13.528732,7.9497857,0.7244482040405273,0,p0178|p0152|p0069|p0147|p0132,0.687|0.684|0.651|0.643|0.620
p0182,Part 6: Academic Procedures and Information,Two-Credit Writing Courses,,Academic Procedures and Information,48,"First-year students are encouraged to take a 2-credit writing course (W) during their first session at DKU. The primary goal of the 2-credit writing courses is to give students a chance to practice and develop their writing skills (e.g. stating positions clearly, explaining ideas well, supporting arguments) through studying and then writing about an interesting topic. Writing assignments include any kind of expository writing that fits the subject matter of the course (e.g. position papers, argument papers, policy briefs, critiques, summaries, reports, editorials, literature reviews). These courses will require weekly writing assignments and student writing will be the main factor in the course grade. Students will also learn citation practices and how to find and evaluate references for their writing.",120,1,Physedu / Japanese / Italian,11.742585,5.187443,0.574074923992157,0,p1097|p1088|p0631|p1090|p0633,0.668|0.668|0.658|0.625|0.617
p0183,Part 6: Academic Procedures and Information,Independent Studies,,Academic Procedures and Information,48,"Independent study enables a student to pursue for course credit individual interests under the supervision of a faculty member. Independent study is of two types: Independent Study (non- research) and Research Independent Study. Both require approval of the instructor involved as well as the advisors and the appropriate division chair or Director of the Language and Culture Center; student-faculty meetings at least once a week for a 7-week course or once every two weeks for a 14- week course; completion of a final product during the term for which a student is registered for the course; and evaluation by the instructor of the work, including the final product, associated with the independent study.",113,10,Career / Mindfulness / Advising,12.668129,5.2642875,0.409201979637146,1,p0184|p0553|p1082|p1085|p0640,0.793|0.586|0.526|0.506|0.506
p0184,Part 6: Academic Procedures and Information,Independent Studies,,Academic Procedures and Information,48,"Courses entitled Independent Study or INDSTU are individual non-research directed study in a field of special interest on a previously approved topic taken under the supervision of a faculty member and resulting in an academic and/or artistic product. Courses entitled Research Independent Study or RINDSTU are individual research in a field of special interest under the supervision of a faculty member, the central goal of which is a substantive paper or written report containing significant analysis and interpretation of a previously approved topic. Research Independent Study courses may be repeated for credit. Students may not do a Research Independent Study related to their Signature Work topic in the same term in which they are registered for a capstone course.",119,10,Career / Mindfulness / Advising,12.636391,5.2157364,0.46192145347595215,1,p0183|p0640|p0180|p0553|p1085,0.793|0.549|0.542|0.526|0.501
p0185,Part 6: Academic Procedures and Information,Submission of Term Paper,,Academic Procedures and Information,49,Students who wish (under unusual circumstances) to submit a single paper for credit in more than one course must receive prior written permission from each course instructor. The student must indicate the multiple submission on the title page of the paper.,41,7,Incomplete / Withdrawal / Probation,14.059429,7.44532,0.5382697582244873,0,p0180|p0179|p0182|p0041|p1098,0.621|0.546|0.537|0.526|0.505
p0186,Part 6: Academic Procedures and Information,Declaration of Major,,Academic Procedures and Information,49,"All undergraduate students enter Duke Kunshan University without a major and are assigned an academic advisor. When preparing to declare a major in the sophomore year, students work with their advisors, and potentially others who have advised them, to develop a long-range academic plan. This plan lays out the courses they anticipate taking in their remaining terms and is reviewed by their advisor to confirm that it will meet established requirements for graduation. Although students may declare a major as early as the beginning of fall term of the sophomore year, all students must secure formal approval of their long-range plans and declare a major no later than the last teaching day of the first seven-week session in their fourth term. Until then, students should be exploring different options of majors to ensure that they are making the best choice for themselves. Students who do not declare their major may be prevented from registering for classes for their fifth undergraduate term and from participating in a term or study abroad program.",171,2,Prematriculation / Transfer / Matriculation,13.540464,8.31456,0.7394721508026123,0,p0187|p0073|p0143|p0167|p0141,0.710|0.696|0.692|0.685|0.683
p0187,Part 6: Academic Procedures and Information,Declaration of Major,,Academic Procedures and Information,49,"Students who have declared a major and wish to change it may do so by submitting a form to the Office of the University Registrar. No changes in majors can be made after the end of the Drop/Add period of the first session of the spring term in the senior year. Students receive three confirmations of their graduation: a Duke University diploma (issued by Duke University), a Duke Kunshan University diploma (from the Ministry of Education of the PRC), and a Duke Kunshan University graduation certificate (from the Ministry of Education of the PRC).",94,2,Prematriculation / Transfer / Matriculation,13.389366,7.9858437,0.6603173017501831,0,p0260|p0022|p0186|p0141|p0063,0.715|0.714|0.710|0.706|0.702
p0188,Part 6: Academic Procedures and Information,Class Attendance and Missed Work,,Academic Procedures and Information,49,"Responsibility for class attendance rests with individual students, and since regular and punctual class attendance is expected, students must accept the consequences of failure to attend. Instructors who are concerned about a student’s attendance should first reach out to the student. If in their opinion, the student absence is excessive, instructors may contact the student's academic advisor and/or the Office of Undergraduate Advising.",63,7,Incomplete / Withdrawal / Probation,13.996707,9.923534,0.5270456671714783,0,p0189|p0279|p0278|p0197|p0190,0.690|0.641|0.570|0.565|0.547
p0189,Part 6: Academic Procedures and Information,Class Attendance and Missed Work,,Academic Procedures and Information,49,"Missed work associated with absence from class is accommodated in two circumstances: 1) illness or other extraordinary personal circumstance, and 2) religious observance. Missed work associated with any other absence is not covered by this policy. In courses where a defined number of absences is permitted, students should make judicious use of them and save them for unavoidable circumstances. Students are encouraged to discuss any absence, planned or unexpected, with their instructor to determine whether accommodation is possible. The nature of the accommodation, if any, is to be determined by the faculty member in accordance with their attendance policy as outlined in the course syllabus. It should be noted that personal travel arrangements, including before or after school breaks, are not an excuse for missed work or class absences; students are advised to consult the syllabus when making such arrangements to avoid missing class or graded work.",147,7,Incomplete / Withdrawal / Probation,13.685091,9.952329,0.5042605400085449,0,p0188|p0281|p0249|p0247|p0197,0.690|0.624|0.623|0.603|0.599
p0190,Part 6: Academic Procedures and Information,Class Attendance and Missed Work,,Academic Procedures and Information,50,"If a student will miss 2 or more consecutive instructional days due to illness, s/he should obtain official documentation from either Campus Health Services/Counseling and Psychological Services or from an external health care provider. The Campus Health Services/Counseling and Psychological Services will work with the Dean of Undergraduate Studies or designee to coordinate with the student’s instructors and academic advisor to support the student. Absences of a single day or less due to illness are generally handled directly between the student and faculty.",83,7,Incomplete / Withdrawal / Probation,13.506095,10.123634,0.47162091732025146,1,p0164|p0249|p0248|p0189|p0165,0.671|0.593|0.587|0.586|0.579
p0191,Part 6: Academic Procedures and Information,Class Scheduling,,Academic Procedures and Information,50,"Class times are officially scheduled at registration unless designated “to be arranged” (TBA). After registration begins, no class time may be changed without prior permission of the Registrar’s Office. Within-class tests (except for the final exam) are to be given during the regular class meeting times.",46,7,Incomplete / Withdrawal / Probation,13.85237,9.74835,0.4825587272644043,0,p0195|p0197|p0206|p0196|p0150,0.691|0.517|0.506|0.479|0.468
p0192,Part 6: Academic Procedures and Information,Incomplete Coursework and Excused Absence from Final Exam,,Academic Procedures and Information,50,"If, because of illness, emergency, or circumstances outside a student’s reasonable control, a student cannot complete work for a course or cannot attend the final examination, the student may request in writing to the instructor the assignment of an I (incomplete) for the course. The student is expected to also discuss the I grade with their academic advisor. An incomplete grade will not be authorized if the student has a history of excessive absences or failure to complete coursework in a timely fashion in the course in question. If the request for an incomplete (I) grade is approved by the instructor in the course, then the student must satisfactorily complete the work by the last class day of the fifth week of the subsequent seven-week session except when an earlier deadline has been established by the instructor. An earlier deadline will be established when there is a question of the student’s ability to clear their academic probation and meet term continuation requirements, or the professor decides an earlier deadline date is appropriate. An I assigned in the second session of fall or spring must be resolved in the first session of the succeeding spring or fall term, respectively. An I assigned in the summer must be resolved in the succeeding fall term. If the I is not completed by the deadline, it will convert to an F and be reported to the Office of the Registrar. A student who is not enrolled in the university, including a student who experiences a voluntary or involuntary separation, withdrawal, or leave of absence from Duke Kunshan University in the session following receipt of an I, or who is studying away during the session following receipt of an I must still clear the I by the designated deadline. Students may not complete work in a course after graduation.",304,7,Incomplete / Withdrawal / Probation,13.981309,9.868481,0.6121876835823059,0,p0194|p0197|p0230|p0243|p0233,0.796|0.701|0.659|0.639|0.619
p0193,Part 6: Academic Procedures and Information,Incomplete Coursework and Excused Absence from Final Exam,,Academic Procedures and Information,50,"Once recorded, a notation of the I will remain permanently on the student’s record, even after the final grade is assigned for the course. In addition, an I cancels eligibility for Dean’s List and Dean’s List with Distinction in the semester in which the I grade was issued.",48,7,Incomplete / Withdrawal / Probation,14.652257,9.221852,0.595362663269043,0,p0272|p0244|p0194|p0213|p0166,0.621|0.578|0.569|0.569|0.548
p0194,Part 6: Academic Procedures and Information,Incomplete Coursework and Excused Absence from Final Exam,,Academic Procedures and Information,50,"For purposes of determining satisfactory progress each term and toward graduation, incomplete work in a course indicated by a grade of I is not presumed to be satisfactory performance in that course. Because a grade of I is not presumed to be satisfactory performance, a course with an unresolved I grade may not be used to fulfill a pre-requisite requirement. A student registered for a course with a prerequisite in which they have an I grade must either drop the course or resolve the I with a passing grade before the end of the drop/add period. For cases in which probationary status or term continuation is in question, incomplete work must be resolved in time for final grades to be submitted to the Office of the University Registrar no later than the weekday preceding the first day of classes of the subsequent fall or spring term (see section on Academic Warning, Probation, and Suspension).",154,7,Incomplete / Withdrawal / Probation,14.233418,9.541353,0.6921505928039551,0,p0192|p0243|p0233|p0230|p0237,0.796|0.766|0.751|0.745|0.741
p0195,Part 6: Academic Procedures and Information,Final Examinations,,Academic Procedures and Information,51,"The times and places of final examinations for each session are officially scheduled by the Office of the Registrar, generally according to the day and hour of the regular course meeting; changes may not be made in the schedule without the approval of the registrar. If a final examination is to be given in a course, it will be given during the official final exam period. Take-home examinations are due at the regularly scheduled hour of an examination, based on the time period of the class. In courses in which final examinations are not scheduled, an exam that substitutes for a final examination may not be given in the last week of classes. Hourly tests may be given in the last week of classes, whether or not a final examination is administered during the exam period. In the summer session, final examinations are held on the last two days of the term.",152,7,Incomplete / Withdrawal / Probation,13.79137,9.829848,0.5320416688919067,0,p0197|p0191|p0196|p0192|p0206,0.712|0.691|0.690|0.533|0.501
p0196,Part 6: Academic Procedures and Information,Final Examinations,,Academic Procedures and Information,51,"No later than the end of the first week of classes each session, the instructor is required to announce plans for the final examination exercise. The form of the final exercise is determined by the instructor. However, a final written examination may not exceed three hours in length and a final take-home examination may not require more than three hours in the actual writing.",64,7,Incomplete / Withdrawal / Probation,13.843117,9.794384,0.4933290481567383,0,p0195|p0197|p0192|p0191|p0116,0.690|0.592|0.516|0.479|0.479
p0197,Part 6: Academic Procedures and Information,Final Examinations,,Academic Procedures and Information,51,"Any student late for an examination may not expect time beyond the end of the scheduled period. A student who fails to take any scheduled final examination shall receive a grade of F in the course, unless they are excused for reasons deemed sufficient by the instructor. If they are excused they shall receive an I (Incomplete). (See section on Incomplete Grades). Students must take final exams at the officially scheduled times. Because end-of-the-term travel arrangements are not the basis for changing a final examination date, students are advised to consult the final examination schedule when making such arrangements. Deferral of a final examination will not be authorized if the student has a history of excessive absences or failure to complete coursework in a timely fashion in the course in question.",131,7,Incomplete / Withdrawal / Probation,13.829844,9.922379,0.6347506046295166,0,p0195|p0192|p0194|p0244|p0153,0.712|0.701|0.639|0.626|0.605
p0198,Part 6: Academic Procedures and Information,Grading and Grade Requirements,,Academic Procedures and Information,51,"Final grades on academic work are provided to students via the Student Information System after the examinations at the end of each session. While there are no formal midterm grades, at the middle of each session faculty are asked to notify the Advising Office of first-year students whose academic performance at that point in the session is C- or below. Such students will be contacted by their academic advisors.",69,7,Incomplete / Withdrawal / Probation,13.794519,9.021525,0.5967803597450256,0,p0266|p0150|p0194|p0272|p0229,0.599|0.540|0.538|0.530|0.529
p0199,Part 6: Academic Procedures and Information,Grading and Grade Requirements,Passing Grades,Academic Procedures and Information,52,"Passing grades are A, exceptional; B, superior; C, satisfactory; CR, pass (See Credit/No Credit grading system below); and D, low pass. These grades (except CR) may be modified by a plus or minus.",33,7,Incomplete / Withdrawal / Probation,14.623001,8.563184,0.4812195599079132,1,p0214|p0207|p0201|p0200|p0202,0.559|0.542|0.539|0.527|0.524
p0200,Part 6: Academic Procedures and Information,Grading and Grade Requirements,Passing Grades,Academic Procedures and Information,52,"Although the D grade represents low pass, not more than 8 credits passed with D grades (D+, D, D-) may be counted among those required for term credit requirements or among the 136 credits required for graduation. Courses for which a D grade is earned, however, may satisfy other requirements. For information on repeating a course with a D grade, see the section on Course Repeat.",66,1,Physedu / Japanese / Italian,14.516798,8.416047,0.6302039623260498,0,p0238|p0228|p0177|p0223|p0208,0.739|0.703|0.698|0.665|0.632
p0201,Part 6: Academic Procedures and Information,Grading and Grade Requirements,Failing Grades,Academic Procedures and Information,52,"A grade of F or NC (See section Credit/No Credit grading system below) indicates that the student has failed to meet the requirements for the course. The grade is recorded on the student’s record. The course must be repeated and a passing grade earned in order for credit to be awarded. If the student registers for the course again, the second entry of the course and the new grade earned are made on the record, but the first entry is not removed. In such cases, both grades are included in the calculation of the cumulative grade point average, but the credit for only one is counted for term credit requirements or among the 136 credits required for graduation.",118,7,Incomplete / Withdrawal / Probation,14.658238,8.668605,0.6478455662727356,0,p0177|p0236|p0226|p0214|p0207,0.806|0.756|0.735|0.720|0.718
p0202,Part 6: Academic Procedures and Information,Grading and Grade Requirements,Grade Point Average,Academic Procedures and Information,52,The grade point average is based on grades earned in courses offering credit at Duke Kunshan University and Duke University and may be calculated based on the following numerical equivalencies to the grading system:,34,2,Prematriculation / Transfer / Matriculation,13.988648,8.040228,0.5450121164321899,0,p0144|p0204|p0130|p0131|p0256,0.763|0.693|0.658|0.643|0.625
p0203,Part 6: Academic Procedures and Information,Grading and Grade Requirements,Grade Point Average,Academic Procedures and Information,52,A+ 4.0 C+ 2.3 A 4.0 C 2.0 A- 3.7 C- 1.7 B+ 3.3 D+ 1.3 B 3.0 D 1.0 B- 2.7 D- 1.0 F 0,26,8,Chem / Phys / Intgsci,14.3512125,8.570308,0.12851886451244354,1,p0201|p0202|p0240|p0238|p0200,0.280|0.277|0.276|0.266|0.262
p0204,Part 6: Academic Procedures and Information,Grading and Grade Requirements,Grade Point Average,Academic Procedures and Information,52,"All grades that appear on the record, with the exception of CR and NC, military training (or designated substitutions for students from Hong Kong, Macau, and Taiwan), and the designated Chinese society and culture courses specified by the education administration authorities of China (see section on Credits Required for Degrees), are included in the calculation of the cumulative grade point average. For repeated courses, both grades will be calculated into the cumulative grade point average, but only one will count toward the credits required for graduation. The term and cumulative grade point averages are determined at the end of each term and displayed for students.",105,1,Physedu / Japanese / Italian,14.238795,7.9403014,0.6288246512413025,0,p0177|p0201|p0215|p0208|p0202,0.717|0.705|0.701|0.695|0.693
p0205,Part 6: Academic Procedures and Information,Grading and Grade Requirements,Credit/No Credit (CR/NC) Grading System for the Classes of 2022-2024,Academic Procedures and Information,53,"In order to encourage students to explore the richness and variety of Duke Kunshan University’s curricular offerings without worrying unduly about grades, students may elect to take up to four credits each term and summer session on a Credit/No Credit basis. No more than sixteen credits (in either two-credit or four-credit courses) towards the 136 credits requirement may be taken on a Credit/No Credit basis. The limit of sixteen credits does not apply to courses that are only offered on the Credit/No Credit basis.",84,2,Prematriculation / Transfer / Matriculation,13.378885,7.652841,0.6996047496795654,0,p0212|p0140|p0069|p0034|p0143,0.983|0.842|0.815|0.795|0.791
p0206,Part 6: Academic Procedures and Information,Grading and Grade Requirements,Credit/No Credit (CR/NC) Grading System for the Classes of 2022-2024,Academic Procedures and Information,53,"All students will register for regular graded courses on a graded basis, and faculty will assign regular grades throughout the term, as well as a final grade for the course. However, a student may elect to change the grading basis to Credit/No Credit at any time up until the end of the Drop/Add period of the first session of the subsequent term in which the student is enrolled, with the exception of students in their graduating term, who must elect to change the grading basis within 24 hours after the grades are posted.",93,7,Incomplete / Withdrawal / Probation,14.71514,9.166262,0.6990364789962769,0,p0213|p0216|p0272|p0211|p0152,0.928|0.681|0.655|0.653|0.650
p0207,Part 6: Academic Procedures and Information,Grading and Grade Requirements,Credit/No Credit (CR/NC) Grading System for the Classes of 2022-2024,Academic Procedures and Information,53,"In the fall or spring term, a student must be enrolled in no less than a normal course load of 16 credits to be approved to change the grading basis of a course to CR/NC. In order to receive a CR (Credit), a student must have received a grade of C- or better in the course. A grade of D+ or below will be reflected on the transcript as NC (No Credit). Neither CR nor NC will be factored into the grade point average. Students who receive NC will receive no credit for the course and will be ineligible for Dean’s List in that term. Students who receive CR may still be eligible for the dean’s list if they have completed at least 16 credits for a regularly assigned grade (see section on Dean’s List). In determining whether a student should be placed on academic warning, probation or suspended for academic reasons, a grade of NC earned in a course (other than PE courses), whether that course is offered only on the CR/NC basis or the student elects to take it on the CR/NC basis, is considered equivalent to a grade of F.",193,7,Incomplete / Withdrawal / Probation,14.672265,8.699621,0.708284854888916,0,p0214|p0236|p0226|p0216|p0209,0.945|0.799|0.780|0.779|0.752
p0208,Part 6: Academic Procedures and Information,Grading and Grade Requirements,Credit/No Credit (CR/NC) Grading System for the Classes of 2022-2024,Academic Procedures and Information,53,"In their first year (two terms), students may use up to eight of the sixteen CR/NC credits for any course, up to a maximum of 4 credits per term. For students in their 3rd term and beyond, CHINESE 201A-B and CHINESE 202A-B may also be taken on a CR/NC basis. Courses taken on a CR/NC basis from the 3rd term onward (except those courses offered only on this basis and the previously mentioned 200-level Chinese language courses) do not count toward general education requirements or any other degree requirements (major, including prerequisites), unless by special permission from the Office of Undergraduate Studies. For students in any year, courses in which a CR is earned do count toward the requirement for 136 credits and term credit requirements.",126,1,Physedu / Japanese / Italian,13.728715,6.830285,0.6356548070907593,0,p0215|p0066|p0068|p0355|p0177,0.985|0.726|0.726|0.713|0.702
p0209,Part 6: Academic Procedures and Information,Grading and Grade Requirements,Credit/No Credit (CR/NC) Grading System for the Classes of 2022-2024,Academic Procedures and Information,53,"A student who has taken a course on a CR/NC basis and earned a CR may not retake the course. A course for which a grade of NC is assigned cannot be used to satisfy the prerequisite for another course, even if the original grade was a passing grade (D+, D, or D-). A student may not use a CR/NC option on a course being taken for a second (or more) time. (See section on Credit/No Credit (CR/NC) Grading System.)",80,7,Incomplete / Withdrawal / Probation,14.751948,8.754194,0.6721112728118896,0,p0177|p0216|p0211|p0214|p0207,0.791|0.783|0.772|0.770|0.752
p0210,Part 6: Academic Procedures and Information,Grading and Grade Requirements,Credit/No Credit (CR/NC) Grading System for the Classes of 2022-2024,Academic Procedures and Information,53,"With the exception of study at Duke University, students studying abroad may not receive credit for courses taken on a CR/NC (or Pass/Fail or Satisfactory/Unsatisfactory) basis. Courses taken while a DKU student is studying away at Duke University may be taken on a Duke Satisfactory/Unsatisfactory basis, subject to Duke’s processes, regulations and deadlines – which may differ from those at DKU. Courses taken at Duke on a S/U basis will transfer back to DKU and be recorded using DKU’s CR/NC system. Such courses will be subject to all regulations and limitations stated for the DKU CR/NC policy in the DKU Bulletin, including all restrictions on the number of credits and which courses can be taken on this basis. Students declaring S/U at Duke are required to consult their DKU academic advisor to ensure that they will be using a DKU CR/NC option in an appropriate manner. Students who use S/U on a Duke course that cannot be transferred over as CR/NC at DKU will not earn credits for the course and may be ineligible to retake it at either institution.",180,2,Prematriculation / Transfer / Matriculation,13.254217,8.253169,0.7581835985183716,0,p0316|p0317|p0147|p0178|p0144,0.961|0.842|0.741|0.731|0.718
p0211,Part 6: Academic Procedures and Information,Grading and Grade Requirements,Credit/No Credit (CR/NC) Grading System for the Classes of 2022-2024,Academic Procedures and Information,54,"The change of grading basis to CR/NC can be done through filing a form with the registrar, but students need to get approval from their advisors. Students who receive a NC (by changing a grade of D+ or below) should be mindful of continuation requirements, e.g. that they may be subject to academic suspension (see section on Continuation), or that they may have to take an extra course a later term or during the summer in order to ensure that they graduate on time. Once a student has notified the registrar to change the grading basis to CR/NC, it may not be changed back to a regular grade. Students are especially encouraged to make use of the CR/NC option in their first year to take courses they feel might lie outside of their areas of perceived interest, strength, or expertise.",140,7,Incomplete / Withdrawal / Probation,14.83333,8.915206,0.6099879741668701,0,p0216|p0209|p0214|p0207|p0236,0.959|0.772|0.763|0.747|0.690
p0212,Part 6: Academic Procedures and Information,Grading and Grade Requirements,Credit/No Credit (CR/NC) Grading System for the Class of 2025 and Beyond,Academic Procedures and Information,54,"In order to encourage students to explore the richness and variety of Duke Kunshan University’s curricular offerings without worrying unduly about grades, students may elect to take up to four credits each session on a Credit/No Credit basis. No more than sixteen credits (in either two-credit or four-credit courses) towards the 136 credits requirement may be taken on a Credit/No Credit basis. The limit of sixteen credits does not apply to courses that are only offered on the Credit/No Credit basis.",81,2,Prematriculation / Transfer / Matriculation,13.353088,7.4655123,0.6858351230621338,0,p0205|p0140|p0069|p0034|p0064,0.983|0.848|0.823|0.814|0.811
p0213,Part 6: Academic Procedures and Information,Grading and Grade Requirements,Credit/No Credit (CR/NC) Grading System for the Class of 2025 and Beyond,Academic Procedures and Information,54,"All students will register for regular graded courses on a graded basis, and faculty will assign regular grades throughout the term, as well as a final grade for the course. However, a student may elect to change the grading basis to Credit/No Credit at any time up until the course withdrawal deadline of the session in which the student takes the course. Once this declaration is made, the grading basis cannot be changed back to a regular grade.",78,7,Incomplete / Withdrawal / Probation,14.727345,9.048928,0.7067977786064148,0,p0206|p0216|p0211|p0209|p0272,0.928|0.700|0.677|0.674|0.669
p0214,Part 6: Academic Procedures and Information,Grading and Grade Requirements,Credit/No Credit (CR/NC) Grading System for the Class of 2025 and Beyond,Academic Procedures and Information,54,"First-year students in the first session of their first term must be enrolled in no less than a normal course load of 6 credits to be approved to change the grading basis of a course to CR/NC. In all subsequent sessions, a student must be enrolled in no less than a normal course load of 8 credits to be approved to change the grading basis of a course to CR/NC. In order to receive a CR (Credit), a student must have received a grade of C- or better in the course. A grade of D+ or below will be reflected on the transcript as NC (No Credit). Neither CR nor NC will be factored into the grade point average. Students who receive NC will receive no credit for the course and will be ineligible for Dean’s List in that term. Students who receive CR may still be eligible for the dean’s list if they have completed at least 16 credits for a regularly assigned grade (see section on Dean’s List). In determining whether a student should be placed on academic warning, a grade of NC earned in a course (other than PE courses), whether that course is offered only on the CR/NC basis or the student elects to take it on the CR/NC basis, is considered equivalent to a grade of F.",222,7,Incomplete / Withdrawal / Probation,14.722516,8.709602,0.7357455492019653,0,p0207|p0216|p0236|p0209|p0211,0.945|0.806|0.805|0.770|0.763
p0215,Part 6: Academic Procedures and Information,Grading and Grade Requirements,Credit/No Credit (CR/NC) Grading System for the Class of 2025 and Beyond,Academic Procedures and Information,55,"In their first year (two terms, 4 sessions), students may use the CR/NC credits for any course, up to a maximum of 4 credits per session. For students in their 3rd term and beyond, CHINESE 201A- B and CHINESE 202A-B may also be taken on a CR/NC basis. Courses taken on a CR/NC basis from the 3rd term onward (except those courses offered only on this basis and the previously mentioned 200-level Chinese language courses) may not count toward general education requirements or any other degree requirements (major, including prerequisites), unless by special permission from the Dean of Undergraduate Studies or designee. For students in any year, courses in which a CR is earned do count toward the requirement for 136 credits and term credit requirements.",126,1,Physedu / Japanese / Italian,13.707078,6.8114643,0.6470351815223694,0,p0208|p0355|p0066|p0068|p0046,0.985|0.720|0.719|0.719|0.707
p0216,Part 6: Academic Procedures and Information,Grading and Grade Requirements,Credit/No Credit (CR/NC) Grading System for the Class of 2025 and Beyond,Academic Procedures and Information,55,"The change of grading basis to CR/NC can be done through filing a form with the registrar, but students need to get approval from their advisors. Students who receive a NC (by changing a grade of D+ or below) should be mindful of term credit requirements, e.g. that they may be subject to academic warning (see section on Progress Toward Graduation), or that they may have to take an extra course a later term or during the summer in order to ensure that they graduate on time. Once a student has notified the registrar to change the grading basis to CR/NC, it may not be changed back to a regular grade. Students are especially encouraged to make use of the CR/NC option in their first year to take courses they feel might lie outside of their areas of perceived interest, strength, or expertise.",143,7,Incomplete / Withdrawal / Probation,14.835662,8.8573885,0.6142585277557373,0,p0211|p0214|p0209|p0207|p0236,0.959|0.806|0.783|0.779|0.711
p0217,Part 6: Academic Procedures and Information,Grading and Grade Requirements,The W and WA Designations,Academic Procedures and Information,55,The designation W is recorded when a student officially withdraws from a course after the Drop/Add period. (See the sections on course changes in the section on Registration). WA indicates withdrawal from an audited course.,35,7,Incomplete / Withdrawal / Probation,13.470139,10.064863,0.5295196771621704,0,p0244|p0166|p0153|p0248|p0111,0.692|0.657|0.641|0.523|0.497
p0218,Part 6: Academic Procedures and Information,Progress toward Degree,,Academic Procedures and Information,56,"Students must achieve a satisfactory record of academic performance each term and make satisfactory progress toward graduation each year. Progress is assessed primarily by a student’s grade-point average. (See also the section on Academic Warning, Probation, and Suspension relevant for your class year.) However, other factors including enrollment in an underload, withdrawal to an underload, course repeat, grades of F or NC, D grades beyond 8 credits, leaves of absence, and suspensions may impact the total number of credits and therefore hinder a student’s progress toward graduation. Students should discuss with their academic advisor any factors that might impact their ability to meet term credit requirements.",106,7,Incomplete / Withdrawal / Probation,14.193758,9.00493,0.7134641408920288,0,p0224|p0232|p0230|p0221|p0241,0.696|0.686|0.676|0.670|0.662
p0219,Part 6: Academic Procedures and Information,Progress toward Degree,,Academic Procedures and Information,56,Students who fail to meet the minimum credit requirements each term will receive an academic warning.,16,7,Incomplete / Withdrawal / Probation,14.069734,8.847937,0.6300254464149475,0,p0224|p0227|p0220|p0218|p0157,0.743|0.690|0.675|0.633|0.613
p0220,Part 6: Academic Procedures and Information,Progress toward Degree,Satisfactory Performance Each Term (Term Credit Requirements),Academic Procedures and Information,56,Students must make satisfactory progress toward fulfillment of curricular requirements and credits each term. All students must meet the following minimum requirements at the start of each fall and spring term or receive an academic warning:,36,7,Incomplete / Withdrawal / Probation,14.056436,8.84232,0.6819165945053101,0,p0219|p0133|p0218|p0224|p0239,0.675|0.666|0.661|0.621|0.611
p0221,Part 6: Academic Procedures and Information,Progress toward Degree,Satisfactory Performance Each Term (Term Credit Requirements),Academic Procedures and Information,56,"To be on track for an on-time A student should An academic warning will be graduation, at the start of the have earned at least7 issued to students who have earned less than7 2nd term at Duke Kunshan 16 credits 12 credits 3rd term at Duke Kunshan 34 credits 30 credits 4th term at Duke Kunshan 52 credits 46 credits 5th term at Duke Kunshan 68 credits 62 credits 6th term at Duke Kunshan 84 credits 78 credits 7th term at Duke Kunshan 102 credits 96 credits 8th term at Duke Kunshan 116 credits 112 credits",96,7,Incomplete / Withdrawal / Probation,13.851012,8.678414,0.7609211206436157,0,p0224|p0218|p0152|p0132|p0167,0.701|0.670|0.656|0.649|0.643
p0222,Part 6: Academic Procedures and Information,Progress toward Degree,Satisfactory Performance Each Term (Term Credit Requirements),Academic Procedures and Information,56,"Students may not carry an underload without the permission of their advisors and the Dean of Undergraduate Studies or designee. For the purposes of calculating term credit requirements, incomplete work in any course is considered a failure to achieve satisfactory performance in that course and will be counted as 0 credits.",51,7,Incomplete / Withdrawal / Probation,13.803554,8.993964,0.6294054388999939,0,p0168|p0224|p0133|p0218|p0161,0.697|0.632|0.619|0.616|0.613
p0223,Part 6: Academic Procedures and Information,Progress toward Degree,Satisfactory Performance Each Term (Term Credit Requirements),Academic Procedures and Information,56,"7 A maximum of 8 credits passed with a D grade (D, D+, D-) can be counted. The credit count may include (1) no more than 2 credits in physical education activity courses (i.e., four half-credit activity courses)’ (2) no more than 8 credits taken on a CR/NC grading basis (not including courses offered only on that basis); (3) no more than 40 credits combining any allowable transfer credits, including AP/IPC, transfer credits for study abroad, etc.; and (4) no more than the Duke Kunshan University equivalent of 24 credits in graduate and professional school courses not listed in the Duke University Undergraduate Programs Bulletin. (See Section 3, Credits Required for Degrees.)",112,2,Prematriculation / Transfer / Matriculation,13.364531,7.6074476,0.6779319047927856,0,p0069|p0034|p0140|p0065|p0064,0.897|0.809|0.784|0.780|0.778
p0224,Part 6: Academic Procedures and Information,Progress toward Degree,Satisfactory Performance Each Term (Term Credit Requirements),Academic Procedures and Information,57,"Students who receive an academic warning for failing to meet the term credit requirements may make up additional credits by enrolling in 20 credits in a subsequent term, enrolling in an overload once a positive academic trajectory has been established, or completing summer coursework at Duke or on another approved study away program. (See Section on Study Away.). Alternatively, students might delay their graduation date. (See Section on Time Limit for Completing Undergraduate Degree.)",74,7,Incomplete / Withdrawal / Probation,13.902573,8.903334,0.7298542261123657,0,p0219|p0157|p0221|p0218|p0159,0.743|0.718|0.701|0.696|0.669
p0225,Part 6: Academic Procedures and Information,"Academic Warning, Probation, and Suspension for Students in the Classes of 2022-2024",,Academic Procedures and Information,57,"A student whose academic performance record indicates marginal scholarship, as assessed by grades, as well as term and cumulative grade-point averages, will be subject either to academic warning or academic probation. Failure to clear probationary status in the term of probation will result in a student’s suspension for academic reasons.",50,7,Incomplete / Withdrawal / Probation,14.256531,9.546531,0.5519901514053345,0,p0232|p0235|p0242|p0241|p0231,0.749|0.732|0.719|0.712|0.691
p0226,Part 6: Academic Procedures and Information,"Academic Warning, Probation, and Suspension for Students in the Classes of 2022-2024",,Academic Procedures and Information,57,"In determining whether a student should be placed on academic warning, probation or suspended for academic reasons, a grade of NC earned in a course, whether that course is offered only on the CR/NC basis or the student elects to take it on the CR/NC basis, is considered equivalent to a grade of F. (See also the section on CR/NC Grading system). For purposes of determining academic standing, incomplete work in a course indicated by a grade of I is considered equivalent to a grade of F until the I is resolved. (See section on Incomplete Coursework.) Grades in PE courses are not considered in determining academic warning, probation, or suspension.",111,7,Incomplete / Withdrawal / Probation,14.7398615,8.803285,0.649393618106842,0,p0236|p0237|p0207|p0214|p0201,0.862|0.835|0.780|0.744|0.735
p0227,Part 6: Academic Procedures and Information,"Academic Warning, Probation, and Suspension for Students in the Classes of 2022-2024",,Academic Procedures and Information,57,Failure to meet any of the following standards will result in academic warning by the Office of Undergraduate Studies:,19,7,Incomplete / Withdrawal / Probation,14.108578,9.0327,0.561836838722229,0,p0219|p0229|p0220|p0239|p0280,0.690|0.597|0.585|0.521|0.507
p0228,Part 6: Academic Procedures and Information,"Academic Warning, Probation, and Suspension for Students in the Classes of 2022-2024",,Academic Procedures and Information,57,"1. A single or more grade of F or NC (excluding PE courses) in a term 2. A second or more grade of D (D, D-, D+) over the student’s tenure at DKU 3. Failure to meet the term credit requirements (See section on Term Credit Requirements",47,7,Incomplete / Withdrawal / Probation,14.3228035,8.47188,0.667788028717041,0,p0238|p0200|p0201|p0210|p0218,0.955|0.703|0.671|0.639|0.631
p0229,Part 6: Academic Procedures and Information,"Academic Warning, Probation, and Suspension for Students in the Classes of 2022-2024",,Academic Procedures and Information,57,All students issued an academic warning are required to meet with the Director for Academic Advising or designee to discuss their academic progress. Students should also consult with their academic advisor.,31,7,Incomplete / Withdrawal / Probation,14.0343685,8.967284,0.4852019250392914,0,p0227|p0220|p0219|p0198|p0285,0.597|0.554|0.549|0.529|0.527
p0230,Part 6: Academic Procedures and Information,"Academic Warning, Probation, and Suspension for Students in the Classes of 2022-2024",,Academic Procedures and Information,57,"For a student enrolled in 16 or more credits, the following grades will result in academic probation for the succeeding spring or fall term: during the first term of the freshman year, grades including DD, DF, or FF; during any subsequent spring/fall term, grades including DDD, DF or FF (as long as the student has passed at least 12 credits); and during two consecutive spring/fall terms, grades including DDDD, DDDF, or DDFF. For a student enrolled in an authorized underload (i.e., fewer than 16 credits), the following academic performance will result in academic probation: during the first term of the freshman year, grades of DD or F; during any subsequent fall/spring term, grades including DDD or DF (as long as 12 credits have been passed in that term); and during two consecutive spring/fall terms, grades including DDDD, DDDF, or DDFF. In a case where probation may be in question because of an incomplete grade, the student will be notified by the Office of the Registrar of the need to have the incomplete replaced by a satisfactory grade in order to avoid academic probation. That is, the satisfactory final grade must be sufficient to avoid the combination of D and F grades that would result in academic probation, as described above.",210,7,Incomplete / Withdrawal / Probation,14.257313,9.436554,0.6614128351211548,0,p0194|p0242|p0232|p0239|p0240,0.745|0.713|0.709|0.690|0.678
p0231,Part 6: Academic Procedures and Information,"Academic Warning, Probation, and Suspension for Students in the Classes of 2022-2024",,Academic Procedures and Information,58,"The probation status will be reflected on those academic records used for internal purposes only. Students placed on academic probation must acknowledge their probationary status in writing to the Office of Undergraduate Studies in order to continue at the University. They are also required to meet with the Director for Academic Advising or designee and are expected to seek assistance from campus resources, have their course selection approved by their advisors and meet periodically with a designated academic coach. They may not study away during the probation period. Students are expected to clear their probationary status during the term of probation. In order to do so, they must enroll in 16 credits (plus up to one PE credit), of which no more than 4 credits may be taken on a Credit/No Credit basis. Grades of C, CR, or better must be earned in each course, or a C average must be achieved in that term.",155,7,Incomplete / Withdrawal / Probation,14.266308,9.385744,0.6954745054244995,0,p0241|p0158|p0232|p0242|p0225,0.970|0.807|0.763|0.701|0.691
p0232,Part 6: Academic Procedures and Information,"Academic Warning, Probation, and Suspension for Students in the Classes of 2022-2024",,Academic Procedures and Information,58,"Probationary status cannot be cleared in a term in which students seek permission and are allowed to withdraw to an underload. In such cases, the probationary status continues through the next fall or spring term of enrollment. Students who clear their probationary status by earning a C average in the term but also earn grades that would result in academic probation as described above will continue their probationary status through the next term of enrollment. Students on probation, whether in a normal load or an underload, are required to earn grades of C, CR, or better in each course, or achieve a C average in that term. Students whose probationary status continues to a second term for reason of an underload must adhere to the conditions and standards previously outlined for clearing probation. Failure to do so will result in academic suspension.",142,7,Incomplete / Withdrawal / Probation,14.220067,9.478292,0.6566717028617859,0,p0242|p0231|p0225|p0158|p0241,0.930|0.763|0.749|0.741|0.728
p0233,Part 6: Academic Procedures and Information,"Academic Warning, Probation, and Suspension for Students in the Classes of 2022-2024",,Academic Procedures and Information,58,"Students on academic probation must clear their probationary status as described above (see section on Academic Probation) in order to continue at Duke Kunshan University. For the purposes of clearing academic probation, incomplete work in any course is considered a failure to achieve satisfactory performance in that course. Therefore, where term continuation is in question, incomplete work in any course must be completed with a satisfactory grade sufficient to clear the probationary status in time for final grades to be submitted to the Office of the University Registrar no later than the weekday preceding the first day of classes of the subsequent fall or spring term.",106,7,Incomplete / Withdrawal / Probation,14.166079,9.535755,0.7221684455871582,0,p0243|p0194|p0232|p0242|p0234,0.994|0.751|0.716|0.684|0.645
p0234,Part 6: Academic Procedures and Information,"Academic Warning, Probation, and Suspension for Students in the Classes of 2022-2024",,Academic Procedures and Information,58,"Students who fail to meet the minimum requirements to clear their probationary status are subject to academic suspension for a period of at least two terms (excluding summer term). Those desiring to return after the suspension period may apply for Return to the University. Such students are placed on academic probation if reinstated. Please contact the Office of Undergraduate Studies for more information. Deadlines for filing this application are 5:00 p.m. China time May 1 for return in the subsequent Fall Term and October 15 for return in the subsequent Spring Term. If after return the student fails again to meet the minimum academic requirements and is suspended a second time, the student will be ineligible to enroll again in the future.",122,7,Incomplete / Withdrawal / Probation,14.082306,9.579403,0.599722146987915,0,p0235|p0225|p0242|p0232|p0243,0.753|0.680|0.672|0.663|0.647
p0235,Part 6: Academic Procedures and Information,"Academic Warning, Probation, and Suspension for Students in the Classes of 2022-2024",,Academic Procedures and Information,59,"Though rarely granted, a student suspended for failure to clear their probationary status may appeal for immediate reinstatement. Students should contact the Director for Academic Advising or designee, and adhere to deadlines stated in their suspension letter.",37,7,Incomplete / Withdrawal / Probation,14.18872,9.657494,0.5022609233856201,0,p0234|p0225|p0232|p0242|p0118,0.753|0.732|0.644|0.630|0.617
p0236,Part 6: Academic Procedures and Information,"Academic Warning, Probation, and Suspension for Students in the Class of 2025 and Beyond",,Academic Procedures and Information,59,"In determining whether a student should be placed on academic warning, a grade of NC earned in a course, whether that course is offered only on the CR/NC basis or the student elects to take it on the CR/NC basis, is considered equivalent to a grade of F. (See also the section on CR/NC Grading system).",56,7,Incomplete / Withdrawal / Probation,14.878227,8.8447895,0.5971786975860596,0,p0226|p0214|p0207|p0201|p0209,0.862|0.805|0.799|0.756|0.745
p0237,Part 6: Academic Procedures and Information,"Academic Warning, Probation, and Suspension for Students in the Class of 2025 and Beyond",,Academic Procedures and Information,59,"For purposes of determining academic standing, incomplete work in a course indicated by a grade of I is considered equivalent to a grade of F until the I is resolved. (See section on Incomplete Coursework.) Grades in PE courses are not considered in determining academic warning, probation, or suspension.",49,7,Incomplete / Withdrawal / Probation,14.507875,9.144204,0.6033744215965271,0,p0226|p0194|p0201|p0243|p0236,0.835|0.741|0.616|0.599|0.596
p0238,Part 6: Academic Procedures and Information,"Academic Warning, Probation, and Suspension for Students in the Class of 2025 and Beyond",,Academic Procedures and Information,59,"4. A single or more grade of F or NC (excluding PE courses) in a term 5. A second or more grade of D (D, D-, D+) over the student’s tenure at DKU 6. Failure to meet the term credit requirements (See section on Term Credit Requirements",47,7,Incomplete / Withdrawal / Probation,14.36171,8.452314,0.6604381203651428,0,p0228|p0200|p0201|p0218|p0208,0.955|0.739|0.664|0.626|0.619
p0239,Part 6: Academic Procedures and Information,"Academic Warning, Probation, and Suspension for Students in the Class of 2025 and Beyond",,Academic Procedures and Information,59,"At the end of each fall and spring term, a student must have both a term and a cumulative grade point average of at least 2.000. Failure to meet either of the two following standards will result in academic probation for the following fall or spring term:",47,7,Incomplete / Withdrawal / Probation,14.220355,9.369345,0.6019600033760071,0,p0240|p0241|p0230|p0231|p0242,0.851|0.705|0.690|0.688|0.683
p0240,Part 6: Academic Procedures and Information,"Academic Warning, Probation, and Suspension for Students in the Class of 2025 and Beyond",,Academic Procedures and Information,59,"1. Term grade-point average below 2.000 for any fall or spring term 2. Cumulative grade-point average falls below 2.000 at the end of any fall or spring term In a case where probation may be in question because of an incomplete grade, the student will be notified by the Office of the Registrar of the need to have the incomplete replaced by a satisfactory grade in order to avoid academic probation. That is, the satisfactory final grade must be sufficient to raise both the term and the cumulative grade-point averages to or above 2.000.",94,7,Incomplete / Withdrawal / Probation,14.314576,9.269617,0.5227571725845337,0,p0239|p0230|p0242|p0194|p0232,0.851|0.678|0.629|0.618|0.614
p0241,Part 6: Academic Procedures and Information,"Academic Warning, Probation, and Suspension for Students in the Class of 2025 and Beyond",,Academic Procedures and Information,60,"The probation status will be reflected on those academic records used for internal purposes only. Students placed on academic probation must acknowledge their probationary status in writing to the Office of Undergraduate Studies in order to continue at the University. They are also required to meet with the Director for Academic Advising or designee and are expected to seek assistance from campus resources, have their course selection approved by their advisors and meet periodically with a designated academic coach. They may not study away during the probation period. Students are expected to clear their probationary status during the term of probation. In order to do so, they must enroll in 16 credits (plus up to one PE credit), of which no more than 4 credits may be taken on a Credit/No Credit basis, and achieve term and cumulative grade-point averages of at least 2.000.",144,7,Incomplete / Withdrawal / Probation,14.163493,9.379272,0.6703189611434937,0,p0231|p0158|p0232|p0242|p0225,0.970|0.835|0.728|0.724|0.712
p0242,Part 6: Academic Procedures and Information,"Academic Warning, Probation, and Suspension for Students in the Class of 2025 and Beyond",,Academic Procedures and Information,60,"Probationary status cannot be cleared in a term in which students seek permission and are allowed to withdraw to an underload. In such cases, the probationary status continues through the next fall or spring term of enrollment. Students on probation, whether in a normal load or an underload, are required to achieve the minimum term and cumulative grade-point averages of at least 2.000. Students whose probationary status continues to a second term for reason of an underload must adhere to the conditions and standards previously outlined for clearing probation. Failure to do so will result in academic suspension.",98,7,Incomplete / Withdrawal / Probation,14.212455,9.431135,0.6065869927406311,0,p0232|p0158|p0241|p0225|p0230,0.930|0.785|0.724|0.719|0.713
p0243,Part 6: Academic Procedures and Information,"Academic Warning, Probation, and Suspension for Students in the Class of 2025 and Beyond",,Academic Procedures and Information,60,"Students on academic probation must clear their probationary status as described above (see section on Academic Probation) in order to continue at Duke Kunshan University. For the purposes of clearing academic probation, incomplete work in any course is considered a failure to achieve satisfactory performance in that course. Therefore, where term continuation is in question, incomplete work in any course must be completed with a passing grade in time for final grades to be submitted to the Office of the University Registrar no later than the weekday preceding the first day of classes of the subsequent fall or spring term.",100,7,Incomplete / Withdrawal / Probation,14.118885,9.546564,0.7372490167617798,0,p0233|p0194|p0232|p0242|p0280,0.994|0.766|0.712|0.677|0.656
p0244,Part 6: Academic Procedures and Information,Changes in Status,Voluntary Withdrawal,Academic Procedures and Information,61,"Students who wish to withdraw from the university must give official notification to the Office of Undergraduate Studies. Notification must be received prior to the beginning of classes in any term, or tuition and housing fee will be refunded only partially (See section on Refund in Part 5). For students withdrawing on their own initiative after the beginning of classes and up to the first day of the last two weeks of 7-week classes or of the last four weeks of 14-week classes in the fall or spring terms, a W is assigned in lieu of a regular grade for each course. After these dates, an F grade is recorded unless withdrawal is caused by an emergency beyond the control of the student, in which case a W is assigned by the University Registrar. Alternatively, students withdrawing for medical reasons during this period will have the option, upon obtaining the appropriate approvals from the instructor, to choose to receive the grade of I in one or more courses instead of the W grade. The student may then complete the course as described in the section on Incomplete Coursework.",188,7,Incomplete / Withdrawal / Probation,13.407037,9.990665,0.714053750038147,0,p0153|p0166|p0248|p0217|p0252,0.828|0.813|0.775|0.692|0.681
p0245,Part 6: Academic Procedures and Information,Changes in Status,Voluntary Withdrawal,Academic Procedures and Information,61,Withdrawals from the university during a term or session will not be approved after the last day of classes. This also applies to courses offered in Summer terms. Students who withdraw from the University may have to apply through the Admissions Office if they wish to return. Students who intend to return to Duke Kunshan University are advised to take a Leave of Absence if possible.,66,2,Prematriculation / Transfer / Matriculation,13.232247,9.551912,0.6650288105010986,0,p0246|p0247|p0147|p0315|p0280,0.839|0.778|0.749|0.740|0.703
p0246,Part 6: Academic Procedures and Information,Changes in Status,Involuntary Withdrawal,Academic Procedures and Information,61,"Students may be involuntarily withdrawn for academic reasons or disciplinary reasons, as well as administratively. Refunding will follow that of voluntary withdrawal except under circumstances where students are withdrawn for disciplinary reasons. For students who are withdrawn for disciplinary reasons, no tuition or housing fee will be refunded. Students' withdrawal will be noted accordingly on the official academic record. Students who are involuntarily withdrawn are ineligible to undertake any coursework scheduled at Duke Kunshan University and may not enroll again in the future.",83,7,Incomplete / Withdrawal / Probation,13.099278,9.750303,0.6770446300506592,0,p0245|p0117|p0315|p0147|p0111,0.839|0.722|0.716|0.699|0.694
p0247,Part 6: Academic Procedures and Information,Changes in Status,Leave of Absence,Academic Procedures and Information,61,"Students who wish to take time away from their studies but intend to return to Duke Kunshan University are advised to take a Leave of Absence if possible. Most leaves of absence are granted for two reasons: personal or medical. After finishing the first term of the first year, students in good standing may request a personal leave of absence for one or two terms by completing a leave of absence request form and submitting it to the Office of Undergraduate Studies prior to the first day of classes of the term in which the leave is granted. A personal leave of absence starts after one term ends and before the next term begins. A personal leave of absence is not granted for a term in which classes have begun, except in extreme cases such as family death or recent diagnosis of terminal illness.",144,7,Incomplete / Withdrawal / Probation,13.330893,9.7288265,0.5835953950881958,0,p0245|p0149|p0253|p0248|p0249,0.778|0.706|0.703|0.701|0.698
p0248,Part 6: Academic Procedures and Information,Changes in Status,Leave of Absence,Academic Procedures and Information,62,"A medical leave of absence with proper documentation may be granted at any time but with one restriction. Students requesting a medical leave of absence during a current term must file the leave of absence forms with the Office of Undergraduate Studies prior to the end of the last day of classes of that term. Students who request a medical leave of absence for a current term and submit their leave request prior to the last day of classes will be assigned W in lieu of a regular grade for each course. Students taking a medical leave of absence during the final four weeks of classes for 14- week long courses and the final two weeks of classes for 7-week long courses will have the option, upon obtaining the appropriate approvals from the instructor, to choose to receive the grade of I in one or more courses instead of the W grade. The student may then complete the course as described in the section on Incomplete Coursework. In most cases, students electing to take a medical leave of absence will be expected to remain on medical leave of absence through the following fall or spring term. Refunding will follow that of voluntary withdrawal.",203,7,Incomplete / Withdrawal / Probation,13.392782,10.130831,0.5993056297302246,0,p0166|p0249|p0244|p0153|p0252,0.897|0.802|0.775|0.755|0.709
p0249,Part 6: Academic Procedures and Information,Changes in Status,Leave of Absence,Academic Procedures and Information,62,"A medical leave of absence will not be retroactively granted for a term for which the last day of classes has already occurred. Students returning from a medical leave of absence, at the discretion of university officials, may not be allowed to participate in university programs such as, but not limited to, study abroad for the term immediately following their return to active status.",64,7,Incomplete / Withdrawal / Probation,13.287297,10.0477705,0.5290591716766357,0,p0248|p0166|p0252|p0247|p0119,0.802|0.751|0.711|0.698|0.668
p0250,Part 6: Academic Procedures and Information,Changes in Status,Leave of Absence,Academic Procedures and Information,62,"Students called to military service can request a leave of absence as early as the first term in the first year. If the leave of absence starts from the first term in their freshmen year, students should first complete all the new student registration procedures before applying for a leave of absence.",52,7,Incomplete / Withdrawal / Probation,13.369286,10.071346,0.40925854444503784,1,p0248|p0252|p0247|p0249|p0304,0.651|0.640|0.621|0.618|0.574
p0251,Part 6: Academic Procedures and Information,Changes in Status,Leave of Absence,Academic Procedures and Information,62,"A student may receive transfer credit for no more than two courses, up to a maximum of 8 credits, taken at another accredited four-year institution in the US or similarly accredited institution abroad and with a liberal arts and general education curriculum while on leave of absence for personal or medical reasons.",52,7,Incomplete / Withdrawal / Probation,13.260841,8.322462,0.6203165054321289,0,p0315|p0145|p0317|p0140|p0143,0.726|0.654|0.651|0.643|0.639
p0252,Part 6: Academic Procedures and Information,Changes in Status,Leave of Absence,Academic Procedures and Information,62,"Return from any type of leave of absence, including suspension or an involuntary leave of absence, is contingent upon approval of a Return from Leave of Absence application. The deadlines to file such applications, including all supporting materials, are 5:00 p.m. May 1 (BJT) for Fall Term and 5:00 p.m. October 15 (BJT) for Spring Term. Late or incomplete applications will not be accepted. The University reserves the right to request necessary documentation and have conversations with appropriate parties, determined on a case-by-case basis, to confirm that the student is qualified and/or ready for return. Registration information will be provided by the university registrar to all students who are approved to return from a leave of absence. All returning students must register prior to the first day of classes for the term of intended enrollment. Students who are scheduled to return from leave of absence who fail to apply to return from leave of absence, extend their leave of absence, voluntarily withdraw from the university, or register for courses by the end of drop/add of the term they are expected back will be administratively withdrawn from the university and must apply for readmission if they wish to return.",198,7,Incomplete / Withdrawal / Probation,13.227157,10.096285,0.5944079160690308,0,p0151|p0117|p0249|p0248|p0118,0.753|0.721|0.711|0.709|0.699
p0253,Part 6: Academic Procedures and Information,Changes in Status,Leave of Absence,Academic Procedures and Information,62,Students who undertake independent study under Duke Kunshan University supervision and for Duke Kunshan University credit are not on leave of absence even if studying elsewhere.,26,2,Prematriculation / Transfer / Matriculation,13.214059,8.647221,0.5905460119247437,0,p0147|p0315|p0247|p0245|p0140,0.711|0.710|0.703|0.680|0.676
p0254,Part 6: Academic Procedures and Information,Changes in Status,Full-time and Part-time Degree Status,Academic Procedures and Information,63,"Candidates for degrees must enroll in a normal course load (i.e., at least 16 credits) each term unless they are eligible and have received permission from their academic advisor and the Dean of Undergraduate Studies or designee to be enrolled in fewer than 16 credits. Students who intend to change from full-time to part-time status must request permission from the Office of Undergraduate Studies. Except for extraordinary circumstances, such permission is given only to students for the final term of their senior year. Students must register their intention to be part-time prior to the first day of class of the term in which the part-time status is requested. Part-time students may register for no less than 4 credits and no more than 11 credits. Part-time students may be denied university housing. (See section on Progress toward Degree.)",137,7,Incomplete / Withdrawal / Probation,13.663153,8.877297,0.6407597064971924,0,p0162|p0174|p0157|p0224|p0167,0.696|0.680|0.665|0.612|0.609
p0255,Part 6: Academic Procedures and Information,Changes in Status,Undergraduate Status,Academic Procedures and Information,63,"An undergraduate student admitted to Duke Kunshan University Undergraduate degree programs officially becomes a Duke Kunshan University undergraduate student at the point of matriculation and is accorded all the rights, privileges, and responsibilities of a Duke Kunshan University student at that time. When an undergraduate has completed all of the requirements of the bachelor’s degree and is no longer enrolled in coursework toward the degree, the student ceases to be a Duke Kunshan University undergraduate student in the strict sense of the word.",83,2,Prematriculation / Transfer / Matriculation,13.010134,7.6696973,0.6732637882232666,0,p0063|p0022|p0142|p0034|p0065,0.810|0.773|0.762|0.732|0.729
p0256,Part 6: Academic Procedures and Information,Academic Recognition and Honors,,Academic Procedures and Information,63,"In determining a student’s eligibility for academic recognition and honors, only grades earned in Duke Kunshan University courses and Duke University courses are considered.",24,2,Prematriculation / Transfer / Matriculation,13.299126,7.6717086,0.7165913581848145,0,p0144|p0063|p0022|p0131|p0127,0.782|0.781|0.759|0.749|0.747
p0257,Part 6: Academic Procedures and Information,Academic Recognition and Honors,Dean's List,Academic Procedures and Information,63,"Dean’s List accords recognition to academic excellence achieved during each term. To be eligible for this honor, undergraduates must earn a grade point average for a term that places them in the highest third of undergraduates in their class year and in addition must (1) complete at least 16 credits for a regularly assigned grade (i.e., no Credit/No Credit courses); and (2) receive no incomplete or failing (F, NC) grades (including PE courses). Undergraduates who in addition earn term grade point averages that place them in the highest ten percent of undergraduates in their class year will receive the Dean’s List with Distinction honor, while the remainder of those placing in the highest one third will receive the Dean’s List honor as noted above.",124,7,Incomplete / Withdrawal / Probation,14.348502,8.29088,0.5913808941841125,0,p0259|p0207|p0214|p0177|p0200,0.699|0.645|0.630|0.609|0.606
p0258,Part 6: Academic Procedures and Information,Academic Recognition and Honors,Graduation with Distinction,Academic Procedures and Information,63,"Graduation with Distinction accords recognition to up to 5% of students in each graduating class who achieve excellence in their signature work products and meet other academic criteria as determined by the faculty. Students may be nominated for consideration by their signature work mentor. Each nominated student’s overall achievement in the major, including the signature work, is assessed by a faculty committee, which is responsible for awarding distinction. Graduation with Distinction is separate and distinct from Latin Honors (see below).",80,7,Incomplete / Withdrawal / Probation,14.019953,8.0845,0.43633949756622314,1,p0259|p0257|p0061|p0218|p0059,0.596|0.487|0.478|0.474|0.448
p0259,Part 6: Academic Procedures and Information,Academic Recognition and Honors,Latin Honors,Academic Procedures and Information,64,"Latin Honors by Overall Academic Achievement accords recognition for academic excellence achieved over the duration of an entire undergraduate career. Unlike the Dean’s List honor, which recognizes academic excellence achieved over the short term (one term), eligibility for the three categories of Latin Honors (summa cum laude, magna cum laude, and cum laude) is based on the cumulative grade point average for all work at Duke Kunshan University. Recipients are determined by the following procedure: The grade point average included within the highest five percent of the graduating class is used to specify the grade point average needed by those students of the current graduating class to be awarded the summa cum laude honor. The grade point average included within the next highest ten percent of the graduating class is used to determine the grade point average needed by those students who will graduate with the magna cum laude honor. Finally, the grade point average included within the next ten percent of the graduating class will be used to determine those students eligible for graduating with the cum laude honor. Thus, about 25 percent of each graduating class will receive Latin Honors.",192,2,Prematriculation / Transfer / Matriculation,14.0612955,8.035153,0.540134072303772,0,p0257|p0202|p0204|p0258|p0256,0.699|0.620|0.599|0.596|0.588
p0260,Part 6: Academic Procedures and Information,Notification of Intention to Graduate,,Academic Procedures and Information,64,"The Diploma Form submitted by students is official notification that they expect to have completed all requirements for the degree and to receive the diploma on a particular graduation date. They will be confirmed for that specific graduation if basic requirements, i.e., general education, one major, number of credits earned through courses taught or co-taught by Duke faculty, and any additional requirements for students from the Chinese mainland, Hong Kong, Macau and Taiwan have been completed. It is the responsibility of students to submit the form on or before established deadlines. Information regarding the location and date of availability of the online diploma form is sent to prospective graduates at their Duke Kunshan University e-mail address.",116,2,Prematriculation / Transfer / Matriculation,13.15886,7.9924464,0.6364609003067017,0,p0187|p0022|p0141|p0132|p0065,0.715|0.702|0.670|0.660|0.656
p0261,Part 6: Academic Procedures and Information,Graduation and Commencement,,Academic Procedures and Information,64,Commencement exercises are held once a year in May when degrees are conferred upon and diplomas are issued to those who have completed degree requirements by the end of the spring term. Students who complete requirements by the end of the summer term or by the end of the fall term receive diplomas in May of the following academic year. Students who are within 20 credits of graduation at the end of the spring term may request to participate in the annual commencement exercises.,84,7,Incomplete / Withdrawal / Probation,13.410584,8.815452,0.518573522567749,0,p0260|p0156|p0154|p0162|p0132,0.538|0.499|0.482|0.480|0.479
p0262,Part 6: Academic Procedures and Information,Education Records,,Academic Procedures and Information,64,"Duke Kunshan University adheres to a policy permitting students access to their education records, health record and their confidential financial information while at Duke Kunshan University.",26,2,Prematriculation / Transfer / Matriculation,12.517757,7.755744,0.5427019596099854,0,p0263|p0265|p0350|p0063|p0022,0.829|0.736|0.667|0.660|0.646
p0263,Part 6: Academic Procedures and Information,Education Records,,Academic Procedures and Information,65,"Students may request to review any information that is contained in their Duke Kunshan University education, health and financial records and may, using appropriate procedures, challenge the content of these records. An explanation of the complete policy on education records may be obtained from the Office of the Registrar.",49,2,Prematriculation / Transfer / Matriculation,12.52301,7.7720494,0.5821625590324402,0,p0262|p0265|p0350|p0267|p0275,0.829|0.777|0.644|0.635|0.622
p0264,Part 6: Academic Procedures and Information,Education Records,,Academic Procedures and Information,65,"No information, except directory information (see below) contained in any student records is released to unauthorized persons outside the university or to unauthorized persons on the campus, without the written consent of the student. It is the responsibility of the student to provide the University’s registrar and other university offices, as appropriate, with the necessary specific authorization and consent.",59,7,Incomplete / Withdrawal / Probation,13.028323,8.705752,0.4735862612724304,1,p0266|p0265|p0262|p0263|p0124,0.618|0.604|0.574|0.555|0.510
p0265,Part 6: Academic Procedures and Information,Education Records,,Academic Procedures and Information,65,"Directory information includes name, addresses, Duke Kunshan University student ID, e-mail addresses, telephone listing, photograph, major field of study, participation in officially recognized activities and sports, weight and height of members of athletic teams, dates of attendance, degrees and awards received, and most recent previous educational institution attended. This information, except addresses and telephone listing, may be released to appear in public documents and may otherwise be disclosed without student consent unless a written request not to release this information is filed in the Office of the Registrar.",88,2,Prematriculation / Transfer / Matriculation,12.284066,7.796028,0.502243161201477,0,p0263|p0262|p0336|p0350|p0335,0.777|0.736|0.678|0.674|0.671
p0266,Part 6: Academic Procedures and Information,The Provision of Academic Information to Parents and Guardians,,Academic Procedures and Information,65,It is primarily the responsibility of students to keep parents and guardians informed of their academic standing and progress as well as any difficulties that may affect their performance. The University’s registrar does not release end of term or midterm grade information to parents and guardians without students’ written permission. Parents and guardians may be alerted to emergency and extraordinary situations that may impinge upon a student's well-being.,68,7,Incomplete / Withdrawal / Probation,13.635659,9.022142,0.6130795478820801,0,p0264|p0198|p0244|p0263|p0229,0.618|0.599|0.535|0.529|0.526
p0267,Part 6: Academic Procedures and Information,Procedure for Resolution of Students' Academic Concerns,,Academic Procedures and Information,65,"Duke Kunshan University (DKU) is committed to providing a learning environment in which concerns related to academic matters (issues pertaining to a course, academic instruction or other activities that receive academic credit) are resolved promptly and with support to all parties. Because DKU is committed to its students and the implementation of consistent and nondiscriminatory academic policies and processes, the university has created procedures for resolving academic complaints. This policy refers to academic complaints that are not related to grading. Grade complaints are covered by the separate Undergraduate Student Grade Appeal Resolution Process.",93,2,Prematriculation / Transfer / Matriculation,12.601522,7.8140907,0.6636296510696411,0,p0124|p0350|p0001|p0275|p0019,0.731|0.723|0.711|0.698|0.681
p0268,Part 6: Academic Procedures and Information,Procedure for Resolution of Students' Academic Concerns,,Academic Procedures and Information,65,"Students are encouraged to resolve academic complaints informally directly with the course instructor(s) or appropriate staff member (e.g., tutors, teaching assistants, advisors, etc.) involved in the matter. If the complaint is not resolved between the student and the course instructor(s)/appropriate staff member, or if the student is uncomfortable about approaching the instructor(s)/staff member, he or she can attempt to resolve the complaint with the Division Chair, or the Director of the Language and Culture Center for language related courses, or the Director of Academic Advising for complaints regarding tutoring or advising staff.",92,7,Incomplete / Withdrawal / Probation,14.839275,9.82603,0.434643030166626,1,p0270|p0273|p0279|p0269|p0125,0.739|0.671|0.631|0.604|0.551
p0269,Part 6: Academic Procedures and Information,Procedure for Resolution of Students' Academic Concerns,,Academic Procedures and Information,66,"If the student is dissatisfied with the informal resolution outcome, the student may choose to file a formal complaint with the Dean of Undergraduate Studies. The Dean of Undergraduate Studies will consider complaints based on an alleged violation of an academic rule, policy, or established practice. If the student is dissatisfied with the outcome of the formal resolution process, the student may choose to file an appeal with the Vice Chancellor for Academic Affairs. The Vice Chancellor for Academic Affairs makes the final decision regarding appeal outcomes.",87,7,Incomplete / Withdrawal / Probation,14.85361,9.786146,0.4753495454788208,1,p0125|p0270|p0268|p0271|p0277,0.720|0.712|0.604|0.577|0.563
p0270,Part 6: Academic Procedures and Information,Procedure for Resolution of Students' Academic Concerns,,Academic Procedures and Information,66,"Students have the right to make any informal or formal complaint they deem important without fear of retaliation or any other adverse consequences because of doing so. If a student has questions or concerns about the policies and procedures related to the academic complaint resolution process, the student may consult their academic advisor or the Office of Undergraduate Studies at any point during the process or before initiating a formal or informal complaint.",73,7,Incomplete / Withdrawal / Probation,14.830576,9.802854,0.4486476480960846,1,p0268|p0269|p0271|p0125|p0279,0.739|0.712|0.650|0.648|0.609
p0271,Part 6: Academic Procedures and Information,Procedure for Resolution of Students' Academic Concerns,,Academic Procedures and Information,66,Issues related to academic integrity will be resolved according to the Undergraduate Academic Integrity Policy8. Issues related to non-academic behaviors as described in the student handbook will be resolved according to the student complaint and conduct processes9. Issues related to harassment and discrimination will be resolved according to the Sexual Harassment and Misconduct Policy10. Issues related to grading will be resolved according to the Undergraduate Student Grade Review Procedure.,69,7,Incomplete / Withdrawal / Probation,14.829164,9.752921,0.5470679998397827,0,p0122|p0125|p0270|p0352|p0273,0.683|0.666|0.650|0.592|0.581
p0272,Part 6: Academic Procedures and Information,Grade Review Procedure,,Academic Procedures and Information,66,"Faculty are expected to maintain fair and consistent grading standards. With the exception of “I” grades, changes in end-of-term grades may be made by the instructor only because of an error in calculation or an error in transcription. Changes in grades may not be based on the late submission of required work, the resubmission of work previously judged unsatisfactory, or on additional work.",63,7,Incomplete / Withdrawal / Probation,14.725416,9.199386,0.6463281512260437,0,p0213|p0206|p0193|p0276|p0194,0.669|0.655|0.621|0.619|0.601
p0273,Part 6: Academic Procedures and Information,Grade Review Procedure,,Academic Procedures and Information,66,"A student who questions a final grade received in a course should first discuss the matter with the instructor(s) within thirty days of the grade being released. After meeting with the instructor(s), if the student still believes the instructor(s) has assigned an inaccurate or unjustified grade, the student may make a formal complaint to the appropriate Division Chair, or to the Director of the Language and Culture Center for language related courses. The formal complaint must be submitted prior to the first day of classes for the term immediately following the recording of the grade. Formal grade complaints will only be considered in cases in which there was an error in the original grade report.",115,7,Incomplete / Withdrawal / Probation,14.897196,9.637782,0.5502115488052368,0,p0276|p0268|p0274|p0272|p0270,0.699|0.671|0.627|0.594|0.584
p0274,Part 6: Academic Procedures and Information,Grade Review Procedure,,Academic Procedures and Information,66,The Division Chair will review the case with the Instructor(s) involved. The review will focus on whether the grade assigned by the instructor was arrived at in accordance with the course grading policy as articulated in the syllabus and/or as discussed with the students in class and calculated in the same way that the grades other students received in the course were calculated. Generally,64,7,Incomplete / Withdrawal / Probation,15.06935,9.341774,0.5058116912841797,0,p0276|p0277|p0273|p0268|p0279,0.774|0.683|0.627|0.519|0.517
p0275,Part 6: Academic Procedures and Information,Grade Review Procedure,,Academic Procedures and Information,66,"8 Refer to Duke Kunshan University Academic Policies, Approved by the Faculty August 29, 2018 9 Refer to Duke Kunshan University Student Handbook 10 Refer to the Bulletin of Duke Kunshan University Undergraduate Instruction, Part 1, or the Student Handbook speaking the review will not focus on how individual pieces of work in a course were graded, as it is the responsibility solely of the instructor to evaluate the quality of students' work within the context of his/her course.",79,2,Prematriculation / Transfer / Matriculation,12.83115,7.6631145,0.705272912979126,0,p0350|p0034|p0065|p0267|p0063,0.733|0.705|0.700|0.698|0.693
p0276,Part 6: Academic Procedures and Information,Grade Review Procedure,,Academic Procedures and Information,67,"If the Division Chair agrees with the Instructor(s) that there are no legitimate grounds on which to change the grade, the grade stands as recorded. If the Division Chair believes there are grounds to consider a change and the Instructor(s) is unwilling to change the grade, the Division Chair will notify the student that he or she may request a review of the case in writing to the Dean of Undergraduate Studies. A written request must be submitted before the end of the Drop/Add period of the term following that in which the Instructor(s) recorded the grade.",97,7,Incomplete / Withdrawal / Probation,14.93533,9.44803,0.578377366065979,0,p0274|p0273|p0277|p0272|p0206,0.774|0.699|0.698|0.619|0.601
p0277,Part 6: Academic Procedures and Information,Grade Review Procedure,,Academic Procedures and Information,67,"The Dean will review the case and decide whether there are grounds to convene a faculty committee to review the grade. If the Dean decides there are no grounds, then the grade is not changed. If the Dean decides that there are grounds to proceed, the case will be referred to a committee consisting of the faculty members of the Undergraduate Academic Review Board. This committee will then evaluate and review the case, and the Dean may initiate a grade change if that is the recommendation of the committee. The decision of the committee is final.",96,7,Incomplete / Withdrawal / Probation,14.933449,9.508361,0.48615533113479614,0,p0276|p0274|p0125|p0269|p0273,0.698|0.683|0.570|0.563|0.556
p0278,Part 6: Academic Procedures and Information,Exclusion of Disruptive Students from a Course,,Academic Procedures and Information,67,"The successful conduct of a course depends upon a spirit of mutual respect and cooperation among its participants. If a student disrupts a class in such a way that it seriously compromises the educational experience of the course for other students and/or prevents the instructor from accomplishing the goals of the course as outlined in the syllabus, the instructor may require the student to leave the class meeting.",68,7,Incomplete / Withdrawal / Probation,14.675553,9.882783,0.479159951210022,1,p0279|p0352|p0188|p0268|p0189,0.775|0.574|0.570|0.517|0.489
p0279,Part 6: Academic Procedures and Information,Exclusion of Disruptive Students from a Course,,Academic Procedures and Information,67,"The instructor and the student are then expected to meet to discuss and prepare in writing the conditions under which the student may return to the course. If the disruptive behavior continues, the instructor may report the matter to the Office of Undergraduate Studies for further resolution.",47,7,Incomplete / Withdrawal / Probation,14.771758,9.83063,0.5612661838531494,0,p0278|p0188|p0268|p0125|p0270,0.775|0.641|0.631|0.620|0.609
p0280,Part 6: Academic Procedures and Information,Compliance with Academic Regulations,,Academic Procedures and Information,67,"Under no circumstances may students ignore official rules and requirements, as this is a breach of the Duke Kunshan University Community Standard. Students who ignore official rules and requirements will at the least have their registration for the next academic term blocked by the Dean of Undergraduate Studies until after the close of the last window of that registration period. They could also be subject to involuntary withdrawal for a period of two terms and/or other possible disciplinary action.",79,7,Incomplete / Withdrawal / Probation,13.440209,9.250456,0.7264920473098755,0,p0245|p0186|p0246|p0243|p0255,0.703|0.677|0.673|0.656|0.643
p0281,Part 6: Academic Procedures and Information,Religious Holidays,,Academic Procedures and Information,67,"In recognition that observances of religious holidays may affect classroom attendance and the submission of graded work, members of the various religious affiliations should inform their instructors of major religious holidays that occur when classes are being held at or before the beginning of each term. In the event of a conflict, students wishing to observe a specific religious holiday should request that their instructors arrange for a postponement or makeup of work. Duke Kunshan University encourages all faculty to make reasonable accommodations necessary for students’ religious observances. If an instructor is unable or unwilling to grant the request, students should consult the Office of Undergraduate Studies.",107,2,Prematriculation / Transfer / Matriculation,13.5560465,9.642938,0.5158220529556274,0,p0189|p0350|p0188|p0275|p0247,0.624|0.529|0.527|0.519|0.513
p0282,Part 7: Academic Advising and Support,,,Academic Advising and Support,69,"The Office of Undergraduate Advising is committed to providing a student-centered advising experience that promotes holistic learning and understanding of the integrated and interdisciplinary curriculum and prepares the next generation of scholars and leaders. Further, academic advising provides undergraduates with academic strategies that reinforce a research- oriented liberal arts and sciences education that is inclusive of how students learn and develop in pursuit of their academic and career endeavors. The Office of Undergraduate Advising consists of Academic Advising and the Academic Resource Center.",83,10,Career / Mindfulness / Advising,10.530873,7.1626115,0.8438781499862671,0,p0284|p0292|p0293|p0285|p0283,0.831|0.826|0.815|0.798|0.776
p0283,Part 7: Academic Advising and Support,Academic Advising,,Academic Advising and Support,69,"Academic advising is salient to undergraduate education at Duke Kunshan University. The goal of all academic advising is to provide a network of support across the university that is student- centered and responsive to the needs of students. Advisors provide insight on how to navigate the college experience by teaching students about the undergraduate curriculum and co-curricular opportunities. This process includes teaching students how each course contributes to their knowledge and innovative thinking. Additionally, advisors nurture students’ practical skills related to decision-making and help students learn to take responsibility for developing meaningful educational plans compatible with their academic potential, career, and life goals.",103,10,Career / Mindfulness / Advising,10.701566,7.1580796,0.8951399326324463,0,p0284|p0286|p0293|p0282|p0292,0.857|0.855|0.790|0.776|0.753
p0284,Part 7: Academic Advising and Support,Academic Advising,,Academic Advising and Support,69,"Advising is more than the imparting of specialized information; it includes helping students explore and discover the role of education in society and teaching students the skills for active learning and perseverance to reach long-term goals. Through advising, students will learn to formulate important questions about the nature and direction of their undergraduate career. Advisors will confer with students about course schedules and educational experiences, but students themselves are responsible for their academic program, social activities, and for making progress toward an academic degree. Students’ advising needs change as they progress through their academic programs, requiring a dynamic advising partnership that pulls expertise and guidance from across campus faculty and administrators.",111,10,Career / Mindfulness / Advising,10.569302,7.184878,0.8871777057647705,0,p0283|p0282|p0293|p0285|p0292,0.857|0.831|0.822|0.782|0.777
p0285,Part 7: Academic Advising and Support,Academic Advising,,Academic Advising and Support,69,"The Director for Academic Advising oversees the academic advising team, who understand the terrain of broad areas such as arts and humanities, global and civic opportunities, and natural and quantitative sciences; and collaborates with pre-professional advisors with expertise in areas such as health, entrepreneurship, law and business. This network of advisors ensures that students have varied sources of information and build close relationships with campus faculty and staff who can provide guidance about future plans and act as references. Additionally, designated faculty serve as major coordinators who ensure information related to specific majors are shared broadly throughout the advising community.",100,10,Career / Mindfulness / Advising,10.563723,7.1957645,0.8205196857452393,0,p0292|p0282|p0293|p0284|p0283,0.820|0.798|0.796|0.782|0.743
p0286,Part 7: Academic Advising and Support,Academic Advising,,Academic Advising and Support,69,"At Duke Kunshan University, advisors are key to understanding the nature of the academic programs and how they can address student interests, goals and purposes. They advise students on navigating both academic and social life, and help students determine appropriate learning strategies, including tutoring. They advise students in the selection of courses, majors, signature pathways, and experiential activities. Professional advisors and Academic Success Tutors work in concert with faculty advisors to maintain up-to-date information on university requirements, academic policies, procedures, and deadlines; they also provide guidance for students who desire to enhance their learning through tutoring and academic skill building programs and workshops.",103,2,Prematriculation / Transfer / Matriculation,10.873296,7.2055125,0.8179126977920532,0,p0283|p0284|p0296|p0335|p0029,0.855|0.719|0.703|0.655|0.640
p0287,Part 7: Academic Advising and Support,Academic Resource Center,,Academic Advising and Support,70,"The Academic Resource Center (ARC) is a learning center with the ultimate goal of helping students to become independent learners. The ARC offers tutoring support, Academic Success Program, Academic Coaching and special events, such as First Friday and Exam Jam.",40,10,Career / Mindfulness / Advising,10.811807,7.438279,0.5848100185394287,1,p0290|p0330|p0289|p0322|p0291,0.505|0.481|0.460|0.433|0.428
p0288,Part 7: Academic Advising and Support,Academic Resource Center,,Academic Advising and Support,70,"Tutorial support is supplemental to course instruction. Academic Success Tutors, our full-time learning professionals, attend selected courses across the curriculum and work in collaboration with instructors to discern how to best facilitate student learning and development. Students also receive group and one-on-one support from our Peer Tutors, undergraduate students who have successfully completed applicable courses. Peer tutoring is an excellent way to hone skills and strategies in a friendly and supportive community. All tutors receive internationally certified training by the College Reading and Learning Association.",85,10,Career / Mindfulness / Advising,10.825648,7.278208,0.6298960447311401,0,p0286|p0290|p0283|p0284|p0296,0.604|0.522|0.472|0.456|0.439
p0289,Part 7: Academic Advising and Support,Academic Resource Center,,Academic Advising and Support,70,"The Academic Success Program provides incoming students with information and skills they need to transition to college-level coursework and achieve academic success. The program consists of a series of workshops on motivation, time management, study skills, and academic stress management. In this program, students will participate in structured training to learn campus resources and practical skills to navigate their first year of college. Students who fulfill all the requirements of the program will receive the Academic Success Certificate.",78,10,Career / Mindfulness / Advising,10.745919,7.481013,0.6539385318756104,0,p0290|p0220|p0283|p0286|p0218,0.700|0.540|0.504|0.492|0.479
p0290,Part 7: Academic Advising and Support,Academic Resource Center,,Academic Advising and Support,70,"Academic Success Coaching is offered as a series of one-on-one sessions to help guide students through examining academic concerns and perceived barriers to success. Professionals in the ARC help students discover personal academic success strategies on learning preferences, study skills, time management, motivation, etc. through coaching. Students work on various learning strategies so that they can improve their academic performance and enhance the overall quality of their college experience.",69,10,Career / Mindfulness / Advising,10.6761265,7.2984185,0.7443140745162964,0,p0289|p0284|p0283|p0286|p0293,0.700|0.601|0.598|0.575|0.523
p0291,Part 7: Academic Advising and Support,Academic Resource Center,,Academic Advising and Support,70,"Other support offices such as Counseling and Psychological Services (CAPS), Student Health Services, Student Accessibility Office, the Writing and Language Studio, the Office of Global Education, and the Office of Career Services can help students identify academic strategies and refine their interests and goals. Students should refer to selected majors for specific curriculum requirements required for degree completion.",58,10,Career / Mindfulness / Advising,11.276713,7.2625504,0.6096991896629333,1,p0320|p0342|p0343|p0297|p0062,0.593|0.558|0.547|0.527|0.523
p0292,Part 7: Academic Advising and Support,Seven Principles of Duke Kunshan University Academic Advising,,Academic Advising and Support,70,"• Academic advising cultivates academic citizens who are knowledgeable about how their curricular and career interests influence their local, national, and international communities (Rooted Globalism). • Academic advising is a collaborative experience between Advisor and Advisee that teaches problem solving skills to successfully navigate college and life circumstances (Collaborative Problem Solving).",51,10,Career / Mindfulness / Advising,10.49574,7.1546426,0.8336323499679565,0,p0293|p0282|p0285|p0284|p0283,0.895|0.826|0.820|0.777|0.753
p0293,Part 7: Academic Advising and Support,Seven Principles of Duke Kunshan University Academic Advising,,Academic Advising and Support,71,"• Academic advising leverages curricular teachings with practical experience to assist with critical thinking and career readiness (Research and Practice). • Academic advising promotes effective discourse between Advisee and Advisor that nurtures good decision-making practices (Lucid Communication). • Academic advising is an environment where Advisees are responsible for charting their academic, social, and career pathways through inquiry, reflection, personal choice and consultation with Advisors (Independence and Creativity). • Academic advising teaches ethical principles that promote holistic student development, authentic academic workmanship, innovative thinking, and research (Wise Leadership). • Academic advising teaches and encourages Advisees to grow, discover, and enhance academic grit to persevere through academic and life challenges (A Purposeful Life).",111,10,Career / Mindfulness / Advising,10.512373,7.1694913,0.8453809022903442,0,p0292|p0284|p0282|p0285|p0283,0.895|0.822|0.815|0.796|0.790
p0294,"Part 8: Career Services, Study Away, and Research Opportunities",Career Services,,"Career Services, Study Away, and Research Opportunities",72,The Career Services Office at Duke Kunshan University is committed to assisting graduate and undergraduate students as well as alumni with discovering and refining their career pathways and ultimately realizing their future career goals.,34,2,Prematriculation / Transfer / Matriculation,11.2829275,7.1220927,0.6693761348724365,0,p0297|p0295|p0296|p0335|p0300,0.895|0.886|0.780|0.708|0.679
p0295,"Part 8: Career Services, Study Away, and Research Opportunities",Career Services,,"Career Services, Study Away, and Research Opportunities",72,"The Office will provide both guidance and resources to students and alumni that will help them to explore different job and career opportunities as well as help them to gain important skills, knowledge, and experience in order to be competitive and successful in achieving their long-term career goals. The Career Services Office encourages students to make the most of their Duke Kunshan University experience by accessing relevant campus resources, developing career interests and values, and establishing and maintaining relationships with their peers as well as faculty, staff and alumni.",89,2,Prematriculation / Transfer / Matriculation,11.157931,7.0988297,0.627402663230896,0,p0294|p0297|p0296|p0335|p0300,0.886|0.885|0.821|0.699|0.625
p0296,"Part 8: Career Services, Study Away, and Research Opportunities",Career Services,,"Career Services, Study Away, and Research Opportunities",72,"The Office also provides Career Development Mentorship Program which is designed to help Duke Kunshan University Undergraduate students from year three onward, improve career skills and knowledge by connecting students with alumni or a professional across a variety of fields. This opportunity is optional to students. Mentors are encouraged to interact with their students on three separate occasions (or more) per academic term. Interactions may occur in-person or remotely.",69,2,Prematriculation / Transfer / Matriculation,11.247824,7.1976347,0.6965950727462769,0,p0295|p0297|p0294|p0335|p0286,0.821|0.794|0.780|0.703|0.703
p0297,"Part 8: Career Services, Study Away, and Research Opportunities",Career Services,,"Career Services, Study Away, and Research Opportunities",72,"The Career Services Office will also follow the seven principles of Duke Kunshan University when creating programs and providing services. The services and support will be done with the aid of a network that engages offices such as Academic Advising and Student Affairs, students, faculty, staff, alumni, external partners and other stakeholders to support students’ career development needs.",58,2,Prematriculation / Transfer / Matriculation,11.285299,7.125177,0.6822463870048523,0,p0294|p0295|p0296|p0335|p0336,0.895|0.885|0.794|0.716|0.673
p0298,"Part 8: Career Services, Study Away, and Research Opportunities",Career Services,,"Career Services, Study Away, and Research Opportunities",72,"Key services that the Career Services Office offers include: • Resources & Tools: including online platform, assessment tools, online and offline resources for information research, and other career development tools to help students with goal identification and career path planning. • Coaching & Advising: career development coaching (one-on-one coaching appointments with career coaches) and graduate school advising (group sessions and one-on-one meeting with coaches and advisors). • Workshops and Events: including skill workshops, specialized seminars and conferences, guest speakers, case competitions, internship fairs and on campus recruitment events etc. • Specialized Career Programs: including engagement programs with corporate partners, engagement programs with alumni, and development programs with other external partners such as government and research institutions. • Opportunities Development: the Career Services Office works to build and maintain relationships with alumni and employers who can provide internships, learning opportunities, and full-time opportunities. • Internship Facilitation & Processing: works with student mobility, keeps all records of foreign student internships in China on record, advises on legal requirements, keeps up-to-date on relevant changes and opportunities. Summer and short-term internship opportunities are collected and shared with students, and individual consultation allows for focused guidance on how to secure summer internships. • Handling Student Work Program: including review position openings and hiring, managing time sheets, processing student workers’ monthly stipend, reporting tax to government, and providing training for both hiring departments and student workers.",230,10,Career / Mindfulness / Advising,11.13192,7.0451465,0.48292529582977295,1,p0295|p0294|p0297|p0296|p0346,0.572|0.544|0.526|0.516|0.491
p0299,"Part 8: Career Services, Study Away, and Research Opportunities",Student Research Opportunities,,"Career Services, Study Away, and Research Opportunities",73,"Research experience is an important component of the Duke Kunshan University undergraduate program. Students can do research with Duke Kunshan faculty for credit during the academic year. In limited cases, research for pay is an option. Depending on a student’s particular interests, research may also play a role in their signature work project. In addition, the University Summer Research Scholars (SRS) program supports students participating in collaborative research supervised by Duke Kunshan or Duke faculty over the summer. Students interested in either summer or academic year research are encouraged to discuss their interests directly with faculty whose research areas align.",100,2,Prematriculation / Transfer / Matriculation,11.414659,7.161668,0.6846811771392822,0,p0300|p0021|p0296|p0286|p0335,0.745|0.648|0.626|0.617|0.598
p0300,"Part 8: Career Services, Study Away, and Research Opportunities",Student Research Opportunities,,"Career Services, Study Away, and Research Opportunities",73,"In addition to research centers and research programs at Duke Kunshan University and research experience during a student’s study abroad period at Duke or elsewhere, research institutions outside of Duke Kunshan University, including international corporations, organizations, and NGOs in Kunshan, Suzhou and Shanghai areas, further enhance research and internship opportunities for Duke Kunshan University students. Career Services and individual faculty can help students identify off-campus opportunities.",66,2,Prematriculation / Transfer / Matriculation,11.481196,7.1581173,0.7334963083267212,0,p0299|p0021|p0008|p0010|p0004,0.745|0.726|0.688|0.687|0.684
p0301,"Part 8: Career Services, Study Away, and Research Opportunities",Office of Global Education and Study Away,,"Career Services, Study Away, and Research Opportunities",73,Students who are in good standing at Duke Kunshan University will have the opportunity to attend a study away program for one academic term in their junior year and/or summer terms. The Office of Global Education is responsible for vetting and approving all academic study programs undertaken for credit abroad or off campus. The Office also facilitates the course credit transfer request process for students studying in such programs.,69,2,Prematriculation / Transfer / Matriculation,12.824982,8.531007,0.832861602306366,0,p0147|p0146|p0317|p0315|p0143,0.825|0.754|0.751|0.749|0.733
p0302,"Part 8: Career Services, Study Away, and Research Opportunities",Office of Global Education and Study Away,,"Career Services, Study Away, and Research Opportunities",73,"Students must apply and receive approval to participate in any credit-bearing study away opportunities through the Office of Global Education. Approved programs (either on DKU’s preapproved program list, or approved by individual petition) will be eligible for credit transfer back to DKU. All students who plan to study away must apply through DKU, receive approval to participate, and sign the DKU Participation Agreement before committing or accepting enrollment in any credit-bearing program.",72,2,Prematriculation / Transfer / Matriculation,12.272675,8.518576,0.7171856164932251,0,p0146|p0313|p0317|p0147|p0314,0.782|0.757|0.750|0.744|0.739
p0303,"Part 8: Career Services, Study Away, and Research Opportunities",Office of Global Education and Study Away,,"Career Services, Study Away, and Research Opportunities",73,"Students may study away and transfer credits for one academic term in their junior year, as well as during summers. The application process for term study away programs starts in the fall term of the sophomore year, but planning for study away should start in first-year academic planning. Students must be in good academic, conduct, and financial standing in order to study away. Students placed on academic or conduct probation that will be in effect during their planned term away are not eligible to study away. Students accepted into study away programs who are then placed on academic or conduct probation may be liable for the program costs, even if they withdraw from the program. Students should refer to the ""DKU Global Education Sakai Site"" for complete eligibility requirements. Students who do not meet the eligibility requirements may not study away. All students who study away must sign the appropriate legal documents before departure.",154,7,Incomplete / Withdrawal / Probation,12.493629,8.802726,0.6973767280578613,0,p0304|p0302|p0301|p0314|p0313,0.721|0.718|0.700|0.681|0.638
p0304,"Part 8: Career Services, Study Away, and Research Opportunities",Office of Global Education and Study Away,,"Career Services, Study Away, and Research Opportunities",74,Students may not apply for study away while on Leave of Absence or academic suspension. Students should contact the Office of Global Education upon return to campus. Students may not take summer courses that conflict with Military Training and/or the summer Chinese Society and Culture courses.,46,7,Incomplete / Withdrawal / Probation,12.912254,9.146719,0.6171993613243103,0,p0303|p0301|p0249|p0156|p0245,0.721|0.666|0.650|0.646|0.633
p0305,"Part 8: Career Services, Study Away, and Research Opportunities",Office of Global Education and Study Away,,"Career Services, Study Away, and Research Opportunities",74,"DKU maintains a rich network of opportunities for global learning. Programs around the world include the option of studying at Duke University and a wide variety of international exchanges, university direct enrollment programs, and provider-based programs. Regardless of the program type or location, students must first start their search and application process with the DKU Office of Global Education. Students should refer to the Office of Global Education website for the most up-to-date information on advising for global learning experiences, preapproved program lists, application processes, and credit-transfer processes.",88,2,Prematriculation / Transfer / Matriculation,12.045639,8.301781,0.7834174036979675,0,p0302|p0314|p0146|p0301|p0307,0.733|0.723|0.717|0.687|0.686
p0306,"Part 8: Career Services, Study Away, and Research Opportunities",Office of Global Education and Study Away,,"Career Services, Study Away, and Research Opportunities",74,"Eligible students will have the opportunity to attend Duke University in Durham, North Carolina, in either the fall or spring term of their junior year. The Office of Global Education will take into account individual timing (fall/spring term) preferences. However, students may not be admitted to preferred terms due to capacity limitations. Students will also have the option to attend Duke Summer Session. Normally, students would be encouraged to take the summer session either immediately before or after their junior-year term assignment.",82,2,Prematriculation / Transfer / Matriculation,12.555078,8.295115,0.6797700524330139,0,p0307|p0308|p0011|p0012|p0311,0.760|0.601|0.596|0.591|0.582
p0307,"Part 8: Career Services, Study Away, and Research Opportunities",Office of Global Education and Study Away,,"Career Services, Study Away, and Research Opportunities",74,"Students will be able to choose from a wide range of course options at Duke. They will also have access to extra- and co-curricular activities and clubs, as well as other student services on campus. While at Duke, students must abide by Duke's policies and procedures. Please see the Duke University website (https://dukekunshanprograms.duke.edu/welcome) for more details. Students interested in programs or events offered by departments or academic divisions at Duke University, including but not limited to Duke Immerse, Duke BASS Connection, or summer research programs, should consult with both the DKU Office of Global Education and Duke Office of DKU Relations (dkurelations@duke.edu) before applying.",104,2,Prematriculation / Transfer / Matriculation,12.338759,8.093118,0.7789039015769958,0,p0306|p0011|p0305|p0309|p0316,0.760|0.714|0.686|0.677|0.671
p0308,"Part 8: Career Services, Study Away, and Research Opportunities",Office of Global Education and Study Away,,"Career Services, Study Away, and Research Opportunities",74,Students who are interested in marine biology or oceanography may also have the opportunity to study at the Duke Marine Lab for fall term and/or a six-week summer term II before the junior fall term.,35,7,Incomplete / Withdrawal / Probation,12.592597,8.19032,0.5365410447120667,1,p0306|p0307|p0073|p0086|p0186,0.601|0.526|0.519|0.505|0.466
p0309,"Part 8: Career Services, Study Away, and Research Opportunities",Office of Global Education and Study Away,,"Career Services, Study Away, and Research Opportunities",74,"Students studying at Duke University during the term will pay the same tuition they would have paid for a term at DKU, with the same merit scholarship and/or financial aid. Students will be required to cover all other costs, including housing, board, insurance, travel, and living expenses.",47,2,Prematriculation / Transfer / Matriculation,12.380737,8.631359,0.7927958965301514,0,p0311|p0210|p0314|p0316|p0307,0.736|0.693|0.692|0.680|0.677
p0310,"Part 8: Career Services, Study Away, and Research Opportunities",Office of Global Education and Study Away,,"Career Services, Study Away, and Research Opportunities",75,"It should be noted that such costs are higher than at Duke Kunshan. Currently, the total cost for one regular term at Duke (including housing, dining plan, insurance, and student fees) is estimated at USD $13,500; this does not include visa and travel expenses.",44,2,Prematriculation / Transfer / Matriculation,12.412564,8.69898,0.5876356363296509,0,p0095|p0311|p0312|p0309|p0034,0.807|0.706|0.690|0.616|0.596
p0311,"Part 8: Career Services, Study Away, and Research Opportunities",Office of Global Education and Study Away,,"Career Services, Study Away, and Research Opportunities",75,"Students are responsible for the full costs of all summer programs, including those at Duke; DKU merit scholarships and/or financial aid cannot be used to cover the cost of summer programs. The cost of a summer term at Duke including tuition is currently calculated to be approximately USD $9,500 for international students and RMB 63,000 for Chinese students (students who choose courses with science labs will pay approximately USD $1,000 more for one science course).",75,2,Prematriculation / Transfer / Matriculation,12.276088,8.960762,0.6763719320297241,0,p0309|p0310|p0312|p0095|p0099,0.736|0.706|0.696|0.666|0.610
p0312,"Part 8: Career Services, Study Away, and Research Opportunities",Office of Global Education and Study Away,,"Career Services, Study Away, and Research Opportunities",75,Detailed cost breakdowns for study at Duke are available in the Sakai Site. Note: US Federal Financial Aid cannot be applied towards costs at Duke University. The use of other scholarships or financial aid towards Duke costs should be verified in advance.,42,2,Prematriculation / Transfer / Matriculation,12.375368,8.795192,0.6497901678085327,0,p0311|p0310|p0309|p0095|p0090,0.696|0.690|0.675|0.608|0.600
p0313,"Part 8: Career Services, Study Away, and Research Opportunities",Office of Global Education and Study Away,,"Career Services, Study Away, and Research Opportunities",75,"DKU maintains an active list of preapproved study away opportunities that include exchange partnerships, direct enrollment in universities, and provider-based programs. Students may have the option of individually petitioning to participate in a program on the basis of academic interests or needs that are not represented among preapproved programs.",49,2,Prematriculation / Transfer / Matriculation,11.949087,8.383916,0.6755278706550598,0,p0302|p0314|p0305|p0303|p0171,0.757|0.678|0.653|0.638|0.624
p0314,"Part 8: Career Services, Study Away, and Research Opportunities",Office of Global Education and Study Away,,"Career Services, Study Away, and Research Opportunities",75,"Students must receive approval in advance for both the program and individual courses. Although financial accessibility is considered in the range of programs that are preapproved, costs vary significantly by geographical region of study and program type, and are the full responsibility of the student. With the exception of approved exchange partnerships (where tuition is paid to DKU, and housing/program fees are paid to the host institution), DKU merit scholarships and/or financial aid cannot be used to cover the cost. Students may seek additional information on financial planning for study away opportunities and advice for researching program costs on the Office of Global Education website, or by arranging an individual advising session with the Office. Students assume full responsibility for their own financial commitments and payments for programs, whether they are preapproved or approved by petition (including but not limited to deposits, tuition, housing, cost of living, and other program fees).",151,7,Incomplete / Withdrawal / Probation,12.257251,8.816367,0.7497265338897705,0,p0302|p0305|p0309|p0303|p0313,0.739|0.723|0.692|0.681|0.678
p0315,"Part 8: Career Services, Study Away, and Research Opportunities",Office of Global Education and Study Away,,"Career Services, Study Away, and Research Opportunities",75,"Students may transfer up to a maximum of 40 credits taken outside of the Duke Kunshan University campus, including advanced placement credits. A maximum of 8 credits may be from coursework undertaken while on voluntary leave of absence for personal or medical reasons. No credit will be accepted for coursework taken while a Duke Kunshan University student is withdrawn, suspended, or on involuntary leave of absence. All courses must be pre-approved for transfer credit. Policies and procedures for course approvals are available from the Office of Global Education. (See also Transfer of Work Taken Elsewhere, Part 6.)",97,2,Prematriculation / Transfer / Matriculation,13.270054,8.353584,0.7519550323486328,0,p0140|p0143|p0147|p0069|p0146,0.923|0.873|0.873|0.848|0.809
p0316,"Part 8: Career Services, Study Away, and Research Opportunities",Office of Global Education and Study Away,,"Career Services, Study Away, and Research Opportunities",75,"For courses taken at Duke University: All grades earned at Duke University are entered on the official record at Duke Kunshan University and are used in determining the grade point average. Courses taken while a DKU student is studying away at Duke University may be taken on a Duke Satisfactory/Unsatisfactory basis, subject to Duke’s processes, regulations and deadlines – which may differ from those at DKU. Courses taken at Duke on a S/U basis will transfer back to DKU and be recorded using DKU’s CR/NC system. Such courses will be subject to all regulations and limitations stated for the DKU CR/NC policy in the DKU Bulletin, including all restrictions on the number of credits and which courses can be taken on this basis. Students declaring S/U at Duke are required to consult their DKU academic advisor to ensure that they will be using a DKU CR/NC option in an appropriate manner. Students who use S/U on a Duke course that cannot be transferred over as CR/NC at DKU will not earn credits for the course and may be ineligible to retake it at either institution.",185,2,Prematriculation / Transfer / Matriculation,13.337363,8.051691,0.725581705570221,0,p0210|p0317|p0144|p0145|p0178,0.961|0.840|0.820|0.765|0.758
p0317,"Part 8: Career Services, Study Away, and Research Opportunities",Office of Global Education and Study Away,,"Career Services, Study Away, and Research Opportunities",76,"For courses taken at universities other than Duke University: Transfer of academic credit from non- Duke host institutions or programs is neither automatic nor guaranteed. Students should approach course planning carefully and thoroughly familiarize themselves with advising materials and the course approval and transfer process detailed in the Office of Global Education website and Sakai site. Students should complete the course approval process before committing to attend any program. Most courses taken on study away programs are eligible to transfer to DKU as general elective credits, although suitable courses may be submitted for review as full equivalencies or thematic area equivalencies that fulfill major requirements. Only courses taken in which grades of C- or better have been earned are acceptable for transfer credit; courses taken at other institutions with CR/NC grading or the equivalent are not accepted for transfer credit. Students must be able to submit an official transcript, with credits and grades provided by the host institution to the Office of Registrar, DKU. All courses approved for transfer are listed on the student’s permanent record at Duke Kunshan University, but grades earned are not recorded or used in determining the grade point average.",194,2,Prematriculation / Transfer / Matriculation,13.100189,8.253304,0.7879738807678223,0,p0146|p0145|p0147|p0210|p0316,0.897|0.857|0.857|0.842|0.840
p0318,"Part 8: Career Services, Study Away, and Research Opportunities",Office of Global Education and Study Away,,"Career Services, Study Away, and Research Opportunities",76,"Insurance Students are required to have insurance that covers them on-site while studying away. Medical costs and insurance fees/coverage vary by country; students and parents are ultimately responsible for their own medical coverage, and should carefully research and consider their needs throughout participation in a program. Some programs require proof of insurance separately, and others include insurance coverage in program participation fees.",62,7,Incomplete / Withdrawal / Probation,12.255001,9.197945,0.42195168137550354,1,p0103|p0314|p0104|p0091|p0106,0.582|0.494|0.492|0.491|0.487
p0319,"Part 8: Career Services, Study Away, and Research Opportunities",Office of Global Education and Study Away,,"Career Services, Study Away, and Research Opportunities",76,"Visas Although most programs provide assistance or advice for arranging visas, students ultimately bear responsibility for understanding immigration policies for students in their study away countries, and for ensuring they are compliant with local immigration policy and laws. Similarly, students should research and understand all immigration policies related to their successful return to their home countries and/or DKU following their study away experience.",63,10,Career / Mindfulness / Advising,11.816758,8.400164,0.5875794887542725,0,p0348|p0347|p0302|p0314|p0313,0.592|0.578|0.578|0.554|0.551
p0320,Part 9: Student Affairs and Campus Life,Student Affairs,,Student Affairs and Campus Life,77,The Office of Student Affairs supports the physical and psychological wellbeing of students while providing a global student centered co-curricular experience that encourages them to lead purposeful and productive lives.,30,10,Career / Mindfulness / Advising,11.228293,7.438353,0.6464571356773376,0,p0322|p0291|p0352|p0324|p0295,0.655|0.593|0.522|0.518|0.498
p0321,Part 9: Student Affairs and Campus Life,Student Affairs,,Student Affairs and Campus Life,77,"We promote an inclusive and holistic community by challenging and supporting students with opportunities that foster self-awareness, cross cultural competence, and leadership skills while encouraging a sustained commitment to learning, integrity, and mutual respect.",34,10,Career / Mindfulness / Advising,11.191577,7.530874,0.6344735622406006,0,p0333|p0329|p0342|p0323|p0346,0.551|0.550|0.549|0.542|0.540
p0322,Part 9: Student Affairs and Campus Life,Student Affairs Conceptual Framework,,Student Affairs and Campus Life,77,"Every area in Student Affairs is guided by best practices rooted in student development theory. Student Affairs practitioners fully understand the developmental stages of college students and provide programs, services, and initiatives that meet the diverse needs of our domestic and international students from across the globe. Our intent is to challenge and support every student to be the best version of themselves academically, personally, and socially. In-keeping with the joint-venture nature of Duke Kunshan University, Student Affairs is a member of NASPA (Student Affairs Administrators in Higher Education) and ACPA (College Student Educators International), based in the United States, and also a member of APSSA (Asia Pacific Student Services Association) and IASAS (International Association of Student Affairs and Services). Student Affairs staff access professional development journals and training materials consistently to update themselves so that they may provide programs and services that meet the diverse needs of students from China and countries across the globe.",156,10,Career / Mindfulness / Advising,11.38215,7.473018,0.7355645298957825,0,p0320|p0004|p0008|p0350|p0333,0.655|0.646|0.623|0.603|0.602
p0323,Part 9: Student Affairs and Campus Life,Student Affairs Conceptual Framework,Core Values,Student Affairs and Campus Life,77,• Cultural Competence: • Health and wellness • Critical Thinking • Leadership • Social Responsibility • Respect,17,4,Violence / Migration / Migrations,9.484006,0.93410724,0.4384201169013977,1,p0416|p0321|p0415|p0002|p0329,0.557|0.542|0.491|0.486|0.483
p0324,Part 9: Student Affairs and Campus Life,Residence Life,,Student Affairs and Campus Life,77,"Our mission is to create opportunities to live, learn, and lead. Committed to creating these opportunities, Residence Life works collaboratively with students, parents, faculty, and staff to help residents navigate their DKU journey in a safe, diverse, inclusive, stimulating, and vibrant community. Along the way, we challenge and support residents to develop their potential, achieve their goals, and prepare for global citizenry. We are a department within the office of Student Affairs, reporting to the Dean of Student Affairs. Simply, Residence Life is responsible for the community building aspects of living on campus. We oversee the RLC team, RA teams, community events and programs, and residential student conduct as well as the room application, assignment, and billing processes. For more information about Residence Life, see our website (https://dukekunshan.edu.cn/en/student-life/residence-life) or email us at residencelife@dukekunshan.edu.cn.",133,10,Career / Mindfulness / Advising,11.501043,8.25085,0.7728794813156128,0,p0327|p0305|p0333|p0322|p0351,0.653|0.578|0.572|0.568|0.561
p0325,Part 9: Student Affairs and Campus Life,Residence Life,,Student Affairs and Campus Life,78,"We work closely with, but are separate from, the Housing department, who is responsible for the facilities aspects of living on campus such as cleaning, maintenance, room inspections, work requests, indoor air quality, water drinkability, rental refrigerator coordination, and more.",40,10,Career / Mindfulness / Advising,11.534271,8.547027,0.5629405975341797,0,p0327|p0324|p0351|p0326|p0328,0.654|0.560|0.559|0.490|0.467
p0326,Part 9: Student Affairs and Campus Life,Accommodations,,Student Affairs and Campus Life,78,"All undergraduate students are required to reside on campus, all four years. On campus includes the main campus as well as any buildings off site that are owned, leased, or operated by the University.",34,7,Incomplete / Withdrawal / Probation,11.665797,8.639195,0.5136173963546753,0,p0351|p0254|p0149|p0174|p0327,0.640|0.568|0.537|0.530|0.528
p0327,Part 9: Student Affairs and Campus Life,Accommodations,,Student Affairs and Campus Life,78,"Our residence halls are homes for the students who live there. Many people use the word “dorm” to describe the places students live on university campuses. “Dormitory” is word derived from the Latin for “sleep”. Since our facilities are part of something far more impactful and meaningful than sleep alone, we use the term residence hall to describe any of the residential buildings. Each hall is supervised by a full-time Residence Life Coordinator, who also lives in the building. Further, each Residence Life Coordinator supervises a team of Resident Assistants who help students develop a sense of community. Information about each residence hall can be found online: https://dukekunshan.edu.cn/en/student-life/residence-life/residence-halls.",108,10,Career / Mindfulness / Advising,11.508299,8.560414,0.5916493535041809,0,p0325|p0324|p0328|p0351|p0326,0.654|0.653|0.612|0.577|0.528
p0328,Part 9: Student Affairs and Campus Life,Accommodations,,Student Affairs and Campus Life,78,"Room assignments are made by Residence Life, before the school year begins, through the Mercury system. Within the room assignment application, information about roommate matching, building preferences, and room type preferences will be collected, and students will sign a Room Assignment Agreement. While we collect these preferences, we ask for your understanding that there are limitations that don’t enable us to give everyone exactly what they prefer. The options available and application timelines for different academic programs and levels is slightly different, so be sure to pay attention to emails sent by Residence Life and information posted online: https://dukekunshan.edu.cn/en/student-life/residence-life/applying-room-assignment.",99,7,Incomplete / Withdrawal / Probation,11.612914,8.639553,0.4305029511451721,1,p0327|p0351|p0325|p0326|p0324,0.612|0.526|0.467|0.461|0.456
p0329,Part 9: Student Affairs and Campus Life,Leadership Development,,Student Affairs and Campus Life,78,"The Global Leadership Academy is designed to help students become global leaders who can positively impact the campus, Kunshan community, and the world. The Global Leadership Academy was created and rooted in a theoretical framework that helps students understand consciousness of self, congruence, commitment, common purpose, controversy with civility, collaboration, and citizenship. Throughout the six term, experience-tiered Academy growing in depth and breadth each term of participation, participants discover who they are as a leader, explore different aspects of leaderships, and blaze their own trail of continued leadership development.",89,10,Career / Mindfulness / Advising,9.670176,1.2429932,0.5582634210586548,0,p0422|p0008|p1014|p0004|p0416,0.616|0.608|0.596|0.570|0.568
p0330,Part 9: Student Affairs and Campus Life,Campus Engagement,,Student Affairs and Campus Life,79,"Campus Engagement serves students by offering programs that foster inter-cultural knowledge building and understanding, co-curricular learning, community involvement, peer-to-peer interaction, arts & cultural exploration, and personal development. These programs are done in partnership within the Campus Engagement areas of Arts & Culture, the Blue Oasis Student Center, Campus Programs, and Clubs and Organizations.",53,10,Career / Mindfulness / Advising,11.238753,7.585899,0.6653146743774414,0,p0333|p0021|p0332|p0322|p0339,0.648|0.519|0.511|0.503|0.502
p0331,Part 9: Student Affairs and Campus Life,Arts and Culture,,Student Affairs and Campus Life,79,"Duke Kunshan University provides students an array of opportunities to expand, enhance, and explore the areas of Arts, Culture and Entertainment. This is done through various creative mediums such as visual arts and crafts workshops, performances, excursions incorporating artists and/or personalized crafts plus local cultural excursions to Shanghai and around Jiangsu Province. One DKU’s signature programs is the Arts & Music Festival Week where many of these mediums come to life on campus. Other major series initiatives include, but are not limited to, Arts November, Creative Makers’ Studio, and This is Jiangsu Series. We hope to provide students with opportunities to showcase their artistic talents and connect the community through arts and culture!",113,2,Prematriculation / Transfer / Matriculation,11.799025,7.30457,0.604141116142273,0,p0001|p0335|p0005|p0008|p0010,0.713|0.711|0.698|0.689|0.684
p0332,Part 9: Student Affairs and Campus Life,Blue Oasis Student Center,,Student Affairs and Campus Life,79,"The Blue Oasis – DKU Student Center (BOSC) is a multi-functioned student centered space located by the lake at the Dayu Bay commercial street within less than 10-minute walk from the West Gate of the university. BOSC is a two-floor complex with different room setups to accommodate various types of events and activities. We welcome students to propose ideas and activities to support in implement them. Whether you want to study, hang out with your friends, or just come have fun at BOSC activities, this is the place to be! BOSC is staffed by student workers and is overseen by the Office of Campus Engagement.",105,10,Career / Mindfulness / Advising,11.413037,7.666736,0.5663013458251953,0,p0330|p0010|p0324|p0341|p0287,0.511|0.436|0.424|0.417|0.412
p0333,Part 9: Student Affairs and Campus Life,Campus Programs,,Student Affairs and Campus Life,79,"Learning occurs both inside the classroom as well as outside the classroom. At Duke Kunshan University, we believe that students who are involved in campus life through student leadership and participation in co-curricular activities such as sports, group excursions, service learning, voluntary community work, paid or un-paid internships, and cultural, social, and inter-cultural events will not only build self-confidence in their personal development, they will also do work that benefits the campus community and the local community at large. Ultimately, students engaged in student involvement personally benefit from these experiences and community building opportunities. Check out the campus event calendar and opportunities at https://dukekunshan.campuslabs.com/engage.",104,2,Prematriculation / Transfer / Matriculation,11.353481,7.4830923,0.7762250304222107,0,p0335|p0008|p0330|p0020|p0021,0.731|0.667|0.648|0.642|0.627
p0334,Part 9: Student Affairs and Campus Life,Campus Programs,,Student Affairs and Campus Life,80,"A sample of some of our key student activities for students to engage and cross-culturally connect include weekly programs such as our DKU Cinema and DKU Spotlight programs which showcase movie showings and put on student performances respectively. Activities also include campus wide dances, arts & culture workshops and excursions, boardgame nights, and karaoke to name a few. To help students learn more about China, students can partake in a student excursion program called DKU Quest - Exploring China's Beauty and Mystery where students are taken across China on excursions to places like the Zhejiang Anji Baofu Bamboo Forest, a Sichuan Tibetan Village, Nanjing, Beijing and the Great Wall, Zhang Jia Jie National Park (Avatar Mountains), and Huangshan (Yellow) Mountains.",120,10,Career / Mindfulness / Advising,11.365814,7.7544003,0.6808569431304932,0,p0346|p0331|p0339|p0349|p0348,0.682|0.670|0.650|0.631|0.631
p0335,Part 9: Student Affairs and Campus Life,Campus Programs,,Student Affairs and Campus Life,80,"These activities constitute an exciting and important part of the Duke Kunshan University experience in serving the diverse needs and interests of our students and promoting connections outside the classroom. These opportunities also provide leadership skills, development opportunities and serve to empower students culturally, socially, and intellectually.",47,2,Prematriculation / Transfer / Matriculation,11.74133,7.35403,0.7435144186019897,0,p0008|p0001|p0023|p0019|p0020,0.844|0.837|0.828|0.796|0.779
p0336,Part 9: Student Affairs and Campus Life,Student Clubs and Organizations,,Student Affairs and Campus Life,80,"Duke Kunshan University offers clubs in various categories to meet the diverse cross-cultural and academic interests of the student body. Club categories include Arts and Performance, Community Service, Cultural, General Interest, Professional and Academic, Sports, and Student-Run Publications. As clubs, opportunities are created for leadership development and personal growth. To assist in this, all student clubs and organizations must have an advisor who is a faculty member or a full-time staff. All must go through an online and electronic process to be approved which includes a club/organizational constitution with a description of the organization, mission statement, membership details, and structure of its leadership and overall organization. DKU has over 65 active student clubs and organizations.",115,2,Prematriculation / Transfer / Matriculation,11.663947,7.6563625,0.7326089143753052,0,p0001|p0005|p0335|p0341|p0019,0.782|0.745|0.731|0.695|0.683
p0337,Part 9: Student Affairs and Campus Life,Athletics & University Sports,,Student Affairs and Campus Life,80,"The Athletics Department oversees the Physical Education, Sport and Recreation programs at DKU. Overall, our varsity sports, recreation and physical activity program is designed to promote diversity in physical activity, reflect on students’ interests, and provide an opportunity for intra- varsity competition.",42,2,Prematriculation / Transfer / Matriculation,11.556314,7.957504,0.6178604364395142,0,p0341|p0346|p0336|p0313|p0348,0.824|0.559|0.556|0.550|0.540
p0338,Part 9: Student Affairs and Campus Life,Athletics & University Sports,,Student Affairs and Campus Life,80,"We offer over 20 different sports and activities on a rolling basis. Clubs are generally categorized into recreational clubs that are simply for students’ leisure, while varsity clubs have school teams that participate in various leagues and tournaments, and represent the university at the interscholastic competitions. Sport clubs also organize on-campus intramural competitions that run throughout the year. We offer all the necessary support to help you start a new club if there is student interest in creating a club for activities that we do not offer.",87,10,Career / Mindfulness / Advising,11.254755,7.9719357,0.5790383815765381,0,p0339|p0340|p0341|p0336|p0333,0.613|0.510|0.498|0.487|0.470
p0339,Part 9: Student Affairs and Campus Life,Athletics & University Sports,,Student Affairs and Campus Life,81,"Recreational activities are designed to take students off-campus and experience non-traditional activities. These activities range from hiking, rafting and caving trips, to visiting BMX ride arenas, professional game events and organizing student teams that compete in events such as the Suzhou Marathon, Dragon Boat race and Shanghai Mile.",48,10,Career / Mindfulness / Advising,11.242626,7.8198676,0.6490545272827148,0,p0334|p0338|p0333|p0330|p0337,0.650|0.613|0.564|0.502|0.501
p0340,Part 9: Student Affairs and Campus Life,Athletics & University Sports,,Student Affairs and Campus Life,81,"Our facilities include a soccer stadium, outdoor multi-sport courts, and a fitness center that offers a range of cardio equipment, free weights and exercise machines, and hosts daily fitness classes such as yoga, Pilates, tai-chi, dance, and many others.",39,10,Career / Mindfulness / Advising,11.158409,8.051164,0.4184581935405731,1,p0338|p0339|p0944|p0341|p0337,0.510|0.470|0.453|0.444|0.423
p0341,Part 9: Student Affairs and Campus Life,Athletics & University Sports,,Student Affairs and Campus Life,81,"For more information about the club sports, fitness and recreation, PE program, and additional athletics and recreation programs, visit the DKU Athletics website: https://dukekunshan.edu.cn/en/campus-life/student-life/athletics.",24,2,Prematriculation / Transfer / Matriculation,11.540768,7.9320846,0.6547225713729858,0,p0337|p0336|p0307|p0001|p0309,0.824|0.695|0.618|0.589|0.578
p0342,Part 9: Student Affairs and Campus Life,Counseling and Psychological Services (CAPS),,Student Affairs and Campus Life,81,"Counseling services is an important part of the Duke Kunshan University community and it supports DKU student’s mental health needs. We provide assistance to individuals to address mental health issues such as anxiety, depression and adjustment challenges. More importantly, CAPS provides services to help students cultivate resilience and psychological flexibility, and aims to create a healthy community through various community mental health engagement activities. CAPS places deep value in outreach programming and community engagement through various learning series on topics such as diversity, self-identity, self-confidence, how to form healthy intimate relationship, and how to live a meaningful college life.",99,10,Career / Mindfulness / Advising,11.470785,7.5469155,0.6865978240966797,0,p0343|p0005|p0333|p0336|p0008,0.655|0.609|0.585|0.582|0.580
p0343,Part 9: Student Affairs and Campus Life,Counseling and Psychological Services (CAPS),,Student Affairs and Campus Life,81,"CAPS is also charged with and is committed to providing educational opportunities for students with disabilities. CAPS uses a multifaceted team-based approach to determine eligibility for services and accommodations to qualified first-year students, sophomores, juniors, and seniors as well as graduate students. Our goal is to provide and coordinate accommodations that enable students with disabilities to have equal access to all Duke Kunshan University programs and activities. Services and accommodations are provided to students with a variety of disabilities including, but not limited to, learning disabilities, psychological disorders, mobility, and chronic health as well as other medical conditions.",98,2,Prematriculation / Transfer / Matriculation,11.600005,7.37039,0.648033618927002,0,p0342|p0087|p0336|p0335|p0019,0.655|0.600|0.571|0.565|0.552
p0344,Part 9: Student Affairs and Campus Life,Campus Health Clinic,,Student Affairs and Campus Life,81,"The clinic provides basic medical services and first aid to students, and to faculty and staff on an emergency basis. It also provides workshops that educate the campus community on public health issues, and ways to prevent communicable diseases. Protocols are set up to handle medical emergencies on campus. The clinic aims to promote and enhance individual’s personal health and well-being by staying fit, resulting in a healthy campus. All clinical staff members are expected to maintain the strictest confidentiality when handling Personal Health Information (PHI). Student Affairs staff members are trained to maintain confidentiality of student information, student data and records, and disciplinary records (with limited exceptions such as when there is a crisis or crime being committed). The Clinic provides health education workshops to educate the campus community on handling emergency incidents, how to use an Automated External Defibrillator (AED), perform Cardiopulmonary Resuscitation (CPR), and apply First Aid. The clinic also provides seasonal flu immunizations.",157,10,Career / Mindfulness / Advising,13.383275,10.144527,0.5165987610816956,0,p0190|p0164|p0165|p0266|p0320,0.577|0.496|0.458|0.452|0.447
p0345,Part 9: Student Affairs and Campus Life,Chinese Student Services and Student Mobility,,Student Affairs and Campus Life,82,"This office provides military training, transitional support related with Dang'An, Hukou, and train ticket discounts based on MOE's prescriptive procedures only for Chinese mainland students. Military training is essential for Chinese mainland students to learn at minimum military related theory, physical training, and field survival training. The office usually facilitates military training by the end of the first academic year. The office receives the Dang'An from the student's high school, files and keeps it. The file is kept in the office for four years and transfers to the place where students will go after their graduation. The office works with the local the Public Security Bureau (Police) to receive Hukou students transferred from their hometown to be registered as local resident although it's not mandatory. The MOE provides a discount for round-trip train tickets between home and DKU twice a year. The office purchases and places the discount sticker in the student's booklet to certify the discount.",157,1,Physedu / Japanese / Italian,11.996116,8.149077,0.5080528855323792,1,p0134|p0347|p0314|p0098|p0067,0.473|0.470|0.460|0.459|0.456
p0346,Part 9: Student Affairs and Campus Life,Chinese Student Services and Student Mobility,,Student Affairs and Campus Life,82,"In addition to supporting Chinese students, Chinese Student Services provides a series of programs such as social practice, community service, and volunteer programs for all students. The intent is to promote interactions between Chinese students and international students to encourage diversity and inclusion within the DKU community.",47,10,Career / Mindfulness / Advising,11.43544,7.828807,0.7227906584739685,0,p0349|p0348|p0334|p0005|p0369,0.784|0.784|0.682|0.594|0.591
p0347,Part 9: Student Affairs and Campus Life,International Student Services,,Student Affairs and Campus Life,82,"This office provides visa information to international students, and works with the local Public Security Bureau (Police) and Entry-Exit Inspection and Quarantine Bureau (Immigration) to ensure the smooth processing of student visas, temporary residence permits, and residence registration for all students, both domestic Chinese and international students.",47,1,Physedu / Japanese / Italian,11.890551,8.338653,0.5162336826324463,0,p0319|p0348|p0084|p0103|p0085,0.578|0.519|0.508|0.503|0.502
p0348,Part 9: Student Affairs and Campus Life,International Student Services,,Student Affairs and Campus Life,82,"In addition to helping students with their legal onboarding requirements, International Student Services provides an array of university programs aimed at helping international students' integration with DKU, Kunshan and surrounding areas. Programs offered through this area allow for cross-cultural interaction among the very diverse student body at DKU.",48,2,Prematriculation / Transfer / Matriculation,11.538606,8.043072,0.7561351656913757,0,p0349|p0346|p0305|p0334|p0005,0.866|0.784|0.671|0.631|0.623
p0349,Part 9: Student Affairs and Campus Life,Host Family Program,,Student Affairs and Campus Life,82,International Student Services facilitates pairing international students with local Kunshan families. It provides participants precious opportunities to be a part of the local community during their stay at DKU. The program creates intercultural experiences and language exchange opportunities and helps students expand their support system.,45,2,Prematriculation / Transfer / Matriculation,11.45866,7.818749,0.7552458047866821,0,p0348|p0346|p0005|p0335|p0336,0.866|0.784|0.689|0.650|0.632
p0350,Part 9: Student Affairs and Campus Life,Student Conduct,,Student Affairs and Campus Life,83,"Duke Kunshan University expects students to hold themselves to the highest standards for honesty, integrity, fairness, and responsibility in their academic and co-curricular endeavors. All students are expected to follow all university rules, policies, procedures, and processes. While there are various avenues for this, student need to familiarize themselves with the Student Code of Conduct. The handbook can be accessed via the intranet: http://in.dukekunshan.edu.cn/App. It is located at the bottom left under “Student Affairs.”",74,2,Prematriculation / Transfer / Matriculation,12.418703,7.6888285,0.7080286145210266,0,p0019|p0275|p0335|p0267|p0023,0.817|0.733|0.728|0.723|0.697
p0351,Part 9: Student Affairs and Campus Life,Student Conduct,,Student Affairs and Campus Life,83,"Students living in on-campus residence are expected to abide by University rules on group living expectations and standards (Residence Life Policies), Health and Safety Policies, plus Residence Life Student Conduct processes and sanctions.",33,7,Incomplete / Withdrawal / Probation,11.581404,8.6631565,0.5748577117919922,0,p0326|p0327|p0324|p0325|p0328,0.640|0.577|0.561|0.559|0.526
p0352,Part 9: Student Affairs and Campus Life,Student Conduct,,Student Affairs and Campus Life,83,"The Office of Student Conduct views student conduct as an educational process, when possible. While some violations can be so severe that separation from the community is required, when possible, we take into account the violation, nature of the offense, personal circumstances of the student and what lessons can be learned. The intent is that the student will learn and grow from the experience to become a more productive and engaged citizens of the community.",75,10,Career / Mindfulness / Advising,14.738576,9.876027,0.5203533172607422,0,p0271|p0279|p0278|p0270|p0350,0.592|0.580|0.574|0.534|0.531
p0353,Part 10: Majors and Courses,Requirements for All Majors,,Requirements for All Majors,84,All students regardless of their choice of major will be required to take the following courses. Other specific major requirements are listed under each major.,25,1,Physedu / Japanese / Italian,14.419612,6.4874806,0.6726211905479431,1,p0052|p0412|p0362|p0442|p0410,0.761|0.661|0.660|0.640|0.625
p0354,Part 10: Majors and Courses,Requirements for All Majors,,Requirements for All Majors,84,Students in the English for academic purposes (EAP) track are required to take eight credits of EAP courses - EAP 101A to EAP 102B; they can also take 200+ level EAP elective courses or WOC courses to further develop their academic English skills.,43,1,Physedu / Japanese / Italian,12.087139,5.1444697,0.8338944911956787,0,p0631|p0632|p0640|p0134|p0045,0.773|0.690|0.688|0.680|0.672
p0355,Part 10: Majors and Courses,Requirements for All Majors,,Requirements for All Majors,84,Students in the Chinese as Second Language (CSL) track need to take 8-16 credits of CHINESE courses appropriate to their Chinese skill level.,23,1,Physedu / Japanese / Italian,13.252103,6.4826493,0.8321458101272583,0,p0137|p0046|p0138|p0523|p0136,0.858|0.853|0.743|0.735|0.732
p0356,Part 10: Majors and Courses,Requirements for All Majors,,Requirements for All Majors,84,Students in the Third Language track can satisfy their foreign language requirement by taking 8 credits of written and oral communication (WOC) courses or Third Language (TLANG) independent study courses through the Language Learning Studio.,35,1,Physedu / Japanese / Italian,12.471275,5.1071534,0.8265932202339172,0,p1082|p1084|p1083|p1085|p0138,0.797|0.782|0.751|0.745|0.703
p0357,Part 10: Majors and Courses,Majors (listed in alphabetical order),Applied Mathematics and Computational Sciences with tracks in Computer Science and Mathematics,Major Programs,86,We live in an era where the availability of unprecedented amounts of information and computing resources is erasing the traditional boundaries between disciplines. This is creating new opportunities for multidisciplinary teams to actively engage with and to change the world around them. Experts who combine deep disciplinary knowledge in Mathematics and Computer Science with interdisciplinary skills will play a leading role in such multidisciplinary teams.,65,10,Career / Mindfulness / Advising,9.595363,-2.8512788,0.47072863578796387,0,p0377|p0026|p0027|p0359|p0055,0.674|0.622|0.585|0.580|0.552
p0358,Part 10: Majors and Courses,Majors (listed in alphabetical order),Applied Mathematics and Computational Sciences with tracks in Computer Science and Mathematics,Major Programs,86,"Applied Mathematics and Computational Sciences is a highly interdisciplinary field which integrates concepts and principles from Mathematics and Computer Science and applies them to Sciences, Engineering, Humanities, and Business. Its distinctive character is an emphasis on modeling and computational thinking that is firmly based on solid theoretical foundations.",48,6,Compsci / Algorithms / Math,9.514419,-2.9823685,0.38944733142852783,0,p0360|p0359|p0374|p0401|p0373,0.731|0.683|0.565|0.520|0.513
p0359,Part 10: Majors and Courses,Majors (listed in alphabetical order),Applied Mathematics and Computational Sciences with tracks in Computer Science and Mathematics,Major Programs,86,"The vision of the major in Applied Mathematics and Computational Sciences is to educate students who combine world-class disciplinary education with the leadership and communication skills to facilitate interaction with other disciplines, and who can easily adapt to changing circumstances, trends, and societal needs. The major, in coordination with the Zu Chongzhi Center for Applied Mathematics and Computational Sciences, tracks the latest developments in academic and industrial research and prepares students for graduate studies and a competitive job market with a combination of skills that are not typically offered in traditional undergraduate Applied Mathematics and Computer Science programs.",98,6,Compsci / Algorithms / Math,9.47839,-3.0040395,0.5890874266624451,0,p0358|p0360|p0374|p0357|p0363,0.683|0.680|0.585|0.580|0.574
p0360,Part 10: Majors and Courses,Majors (listed in alphabetical order),Applied Mathematics and Computational Sciences with tracks in Computer Science and Mathematics,Major Programs,86,"The major in Applied Mathematics and Computational Sciences aims to let students explore Mathematics and Computer Science at three levels. First, within each discipline, traditional courses help students acquire the necessary foundational theoretical background. Second, at an interdisciplinary level, students explore the relation between the Mathematics track and the Computer Science track through the interaction of mathematical principles and programming in courses such as Numerical Analysis. The two tracks complement each other and integrate their disciplinary perspectives into coherent and distinctive problem-solving approaches. Third, students go beyond strict disciplinary boundaries in several courses that combine mathematical or computer science foundations with applications to other disciplines and applied projects that also prepare students for Signature Work outside their disciplinary boundaries.",119,6,Compsci / Algorithms / Math,9.543615,-3.1525762,0.49782595038414,0,p0358|p0359|p0374|p0363|p0763,0.731|0.680|0.658|0.641|0.633
p0361,Part 10: Majors and Courses,Majors (listed in alphabetical order),Applied Mathematics and Computational Sciences with tracks in Computer Science and Mathematics,Major Programs,87,"(Not every course listed is offered every term, and the course list will be updated periodically. Please refer to the online Course Catalog for Courses offered in 2021-2022.)",28,1,Physedu / Japanese / Italian,14.439676,6.250066,0.4599675238132477,0,p0410|p0372|p0362|p0449|p0442,0.705|0.665|0.630|0.627|0.625
p0362,Part 10: Majors and Courses,Majors (listed in alphabetical order),Applied Mathematics and Computational Sciences with tracks in Computer Science and Mathematics / Applied Mathematics and Computational Sciences/Computer Science,Major Programs,88,Courses listed in the table below are recommended electives for the major and the course list will be updated periodically. Students can also select other courses in different disciplines or divisions as electives.,33,1,Physedu / Japanese / Italian,14.478432,6.302994,0.533902108669281,0,p0442|p0410|p0412|p0449|p0372,0.984|0.949|0.946|0.903|0.874
p0363,Part 10: Majors and Courses,Majors (listed in alphabetical order),Applied Mathematics and Computational Sciences with tracks in Computer Science and Mathematics / Applied Mathematics and Computational Sciences/Mathematics (for the Classes of 2022- 2024)10F,Major Programs,91,11 Students from the Classes of 2022-2024 who prefer to meet the major requirements for Applied Mathematics and Computational Sciences with a track in Mathematics for the Class of 2025 and beyond must contact the Office of Undergraduate Advising. (See section on Major Requirements in Part 3).,47,6,Compsci / Algorithms / Math,9.25882,-3.2811089,0.5171183943748474,0,p0360|p0359|p0832|p0056|p0370,0.641|0.574|0.569|0.553|0.552
p0364,Part 10: Majors and Courses,Majors (listed in alphabetical order),Behavioral Science with tracks in Psychology and Neuroscience,Major Programs,93,This major is not available to the Class of 2022. It is available for the Class of 2023 and beyond.,20,1,Physedu / Japanese / Italian,14.088037,5.7755117,0.4551180303096771,0,p0529|p0056|p0361|p0363|p0073,0.549|0.547|0.546|0.514|0.508
p0365,Part 10: Majors and Courses,Majors (listed in alphabetical order),Behavioral Science with tracks in Psychology and Neuroscience,Major Programs,93,"The new field of behavioral science seeks to understand how humans think and act within their environments and how policies can shape that behavior. For example, research showing the power of default options on decision making has led to the introduction of “opt-out” policies for decisions like becoming an organ donor or contributing to one’s retirement account, leading to marked increases in participation (e.g., millions of newly eligible organ donors). Across many institutions – governmental, educational, and corporate – effective interventions rely on an understanding of human behavior. Behavioral science has been commonly applied to problems in marketing, health science, financial investing, charitable giving, human factors and environmental design, and education.",111,9,Behavsci / Neurosci / Psych,10.199432,-1.5822635,0.36910051107406616,0,p0366|p0480|p0367|p0368|p0488,0.661|0.607|0.553|0.534|0.531
p0366,Part 10: Majors and Courses,Majors (listed in alphabetical order),Behavioral Science with tracks in Psychology and Neuroscience,Major Programs,93,"The twin goals of behavioral science – understanding mechanisms of individual behavior and developing policies that shape that behavior – require students to develop a knowledge base drawn from several disciplines. Empirical behavioral science research draws upon the methods of psychology (and, more recently, neuroscience) to create well-designed experiments and measures. Computational modeling and statistics have become increasingly important for isolating the variables that shape behavior, especially when examining the consequences of large-scale interventions. Applications to policy often require disciplinary knowledge in behavioral economics, political psychology, marketing, or another field. And, considering the implications of new policies benefits from expertise in philosophy and ethics. In summary, an integrated course of study in behavioral science will combine disciplinary knowledge with the abilities to evaluate experimental designs, to draw conclusions from experimental data, and to link concepts across levels of analysis from individual behavior to societal policies.",145,9,Behavsci / Neurosci / Psych,10.321606,-1.5615528,0.47248661518096924,0,p0367|p0480|p0365|p0368|p0488,0.716|0.669|0.661|0.652|0.634
p0367,Part 10: Majors and Courses,Majors (listed in alphabetical order),Behavioral Science with tracks in Psychology and Neuroscience,Major Programs,93,"Behavioral science will provide a distinct program of study for DKU undergraduates – one that integrates research approaches and theories currently spread across the social sciences (and some of the natural sciences). Because the most common empirical approaches in sociology, economics, and political science all involve analysis of population-level data (e.g., large panel surveys, census records), students in those majors typically gain expertise working with and evaluating datasets collected by others. Behavioral science provides a complementary approach that develops expertise in experimental methods.",83,9,Behavsci / Neurosci / Psych,10.221753,-1.4629196,0.538989245891571,0,p0369|p0366|p0368|p0480|p0481,0.722|0.716|0.671|0.651|0.568
p0368,Part 10: Majors and Courses,Majors (listed in alphabetical order),Behavioral Science with tracks in Psychology and Neuroscience,Major Programs,93,"To identify the difference between these approaches, consider a student interested in how demography predicts voting behavior. Through a traditional social science major – say, political science or sociology – that student could learn to analyze census data, voting records, and economic variables to create models at the societal level. Or, by choosing to major in Behavioral Science, that same student could conduct laboratory experiments that test predictions about group identity and political affiliation – and then use her findings to design field experiments that manipulate self-identity and measure real-world political preferences. This latter skillset has become increasingly valued by policymakers, who use the methods of behavioral science to guide their social interventions.",113,9,Behavsci / Neurosci / Psych,10.336196,-1.2664908,0.5084946155548096,0,p0367|p0366|p0989|p0998|p0960,0.671|0.652|0.570|0.567|0.560
p0369,Part 10: Majors and Courses,Majors (listed in alphabetical order),Behavioral Science with tracks in Psychology and Neuroscience,Major Programs,94,"Through its interdisciplinary component, students will gain core skills that have broad relevance for modern societal challenges, while retaining a grounding in a traditional academic discipline like psychology or neuroscience. Moreover, it could be readily integrated with other social science disciplines (e.g., economics, political science, sociology) based on student demand. Because of its focus on how an individual interacts with her environment, it will attract interest from students who think globally or cross-culturally. For example, encouraging pro-environmental behaviors may require somewhat different policies in the US, China, or another country, depending on cultural and economic factors. Students exploring a behavioral science major at DKU will not only receive a broad-based liberal arts education, but also gain highly marketable skills in experimental design, data analysis, and implementing research into policy.",129,10,Career / Mindfulness / Advising,11.5540495,7.7095327,0.675024688243866,0,p0367|p0025|p0407|p0346|p0384,0.722|0.614|0.599|0.591|0.587
p0370,Part 10: Majors and Courses,Majors (listed in alphabetical order),Behavioral Science with tracks in Psychology and Neuroscience / Behavioral Science / Psychology,Major Programs,95,* Students who are more interested in computational modeling can take MATH 205 Probability and Statistics as a substitute for STATS 101.,22,6,Compsci / Algorithms / Math,9.084778,-3.3932354,0.4573391377925873,0,p0824|p1072|p0563|p1076|p1053,0.638|0.628|0.606|0.585|0.581
p0371,Part 10: Majors and Courses,Majors (listed in alphabetical order),Behavioral Science with tracks in Psychology and Neuroscience / Behavioral Science / Psychology,Major Programs,96,"And choose three courses total from Course Clusters I and II, with at least one course from each cluster",19,1,Physedu / Japanese / Italian,14.472657,6.603503,0.423408180475235,0,p0041|p0047|p0410|p0457|p0052,0.544|0.541|0.512|0.502|0.501
p0372,Part 10: Majors and Courses,Majors (listed in alphabetical order),Behavioral Science with tracks in Psychology and Neuroscience / Behavioral Science / Psychology,Major Programs,96,Students can choose the recommended electives in their tracks or select other courses in different disciplines or divisions as electives. The course list will be updated periodically.,27,1,Physedu / Japanese / Italian,14.548698,6.2921534,0.5503236651420593,0,p0412|p0362|p0442|p0410|p0449,0.934|0.874|0.847|0.829|0.783
p0373,Part 10: Majors and Courses,Majors (listed in alphabetical order),"Computation and Design with tracks in Computer Science, Digital Media, and Social Policy",Major Programs,100,"Computer science is an intellectually rich and rapidly growing field that has had a profound effect on our society and everyday lives. Today, this field continues to expand in scope and depth and will remain an exciting place to work and learn in coming years. Computer Science majors are in high demand for well- paying jobs in technology, science, business, healthcare, and other sectors. At the same time, the wide- ranging impact of computer science tools and methods demands careful design of the algorithms and systems by which we deploy them, as well as an ability to critique their assumptions and effects in terms of social policy, media and communications, and the arts.",113,6,Compsci / Algorithms / Math,9.77002,-2.8854823,0.4282786250114441,0,p0374|p0764|p0375|p0563|p0401,0.628|0.624|0.581|0.571|0.562
p0374,Part 10: Majors and Courses,Majors (listed in alphabetical order),"Computation and Design with tracks in Computer Science, Digital Media, and Social Policy",Major Programs,100,"The structure of the Computation and Design major combines foundational computer science knowledge with a diverse range of potential applications, which are presented within a wider context of scientific, social, and cultural challenges. Students in this major take five courses in common: Computation, Society and Culture; Computation and Problem Solving, Programming and Data Structures, Modeling and Predicting, and Digital Design.",60,6,Compsci / Algorithms / Math,9.805679,-3.0392854,0.5484921932220459,0,p0377|p0360|p0373|p0763|p0375,0.699|0.658|0.628|0.626|0.620
p0375,Part 10: Majors and Courses,Majors (listed in alphabetical order),"Computation and Design with tracks in Computer Science, Digital Media, and Social Policy",Major Programs,100,"The major offers three distinct disciplinary tracks: • The Computer Science track focuses on the fundamentals of program design, software development, computer organization, systems and networks, theories of computation, principles of languages, and advanced algorithms and data. • The Social Policy track focuses on database systems, semantic knowledge production, and structured data to inform policy and shape reflective analysis. The track allows students to pursue three domain concentrations: urban design, environmental sustainability, and global networks. • The Digital Media track focuses on the application of computational media methods to cultural production at the intersection of design, technology, and society. It combines core courses on web design and data visualization with a selection of advanced courses such as 3D programming, human-computer interaction, interaction and physical computing, geographic information systems, and speculative and critical design.",133,6,Compsci / Algorithms / Math,10.02568,-2.8756716,0.6058738231658936,0,p0764|p0374|p0373|p0768|p1052,0.662|0.620|0.581|0.579|0.569
p0376,Part 10: Majors and Courses,Majors (listed in alphabetical order),"Computation and Design with tracks in Computer Science, Digital Media, and Social Policy",Major Programs,100,"A focus on design thinking unites these tracks at the outset, and later in the senior seminar course, where students recombine into project groups to pursue collaborative projects.",28,10,Career / Mindfulness / Advising,9.773699,2.9299655,0.4650197923183441,0,p1048|p0765|p0377|p0060|p0561,0.615|0.596|0.562|0.518|0.509
p0377,Part 10: Majors and Courses,Majors (listed in alphabetical order),"Computation and Design with tracks in Computer Science, Digital Media, and Social Policy",Major Programs,100,"The deeply interdisciplinary focus of the curriculum allows students from a wide range of backgrounds and interests the opportunity to develop sufficient depth in computational methods to engage in informed realization of their potential. The tripartite structure of the major allows students to specialize within the context of Computation and Design while providing opportunities to come together in creative, problem- based teams. We anticipate that this sustained engagement with computation and design as the over-arching framework for their study will help to ensure that the students acquire breadth, depth, and an ability to collaborate in cross-functional teams.",97,10,Career / Mindfulness / Advising,9.639612,-2.8889632,0.45148417353630066,0,p0374|p0357|p0360|p0765|p0376,0.699|0.674|0.577|0.564|0.562
p0378,Part 10: Majors and Courses,Majors (listed in alphabetical order),"Computation and Design with tracks in Computer Science, Digital Media, and Social Policy / Computation and Design / Digital Media",Major Programs,105,Machine Reading: APIs for Text and Image Analysis for the 4 INFOSCI 306 Arts and Humanities,16,0,Audio / Digital / Mediart,10.909318,3.1173012,0.3035067021846771,0,p0745|p0568|p0478|p0479|p0724,0.454|0.433|0.433|0.430|0.403
p0379,Part 10: Majors and Courses,Majors (listed in alphabetical order),"Computation and Design with tracks in Computer Science, Digital Media, and Social Policy / Computation and Design / Digital Media",Major Programs,106,Computational Social Science: Tools to Collect & Analyze 4 SOSC 314 Human Behavior Using Data from the Internet,18,9,Behavsci / Neurosci / Psych,9.964939,-2.3495576,0.4548793435096741,0,p0381|p1053|p1052|p0413|p0481,0.986|0.661|0.627|0.582|0.553
p0380,Part 10: Majors and Courses,Majors (listed in alphabetical order),"Computation and Design with tracks in Computer Science, Digital Media, and Social Policy / Computation and Design / Digital Media",Major Programs,106,How They Got Game: History and Culture of Interactive 4 INFOSCI 401 Simulations and Video Games,16,0,Audio / Digital / Mediart,10.218323,2.907681,0.3456030786037445,0,p0873|p0696|p0764|p0765|p0742,0.660|0.584|0.546|0.445|0.431
p0381,Part 10: Majors and Courses,Majors (listed in alphabetical order),"Computation and Design with tracks in Computer Science, Digital Media, and Social Policy / Computation and Design / Social Policy",Major Programs,108,SOSC 314 Computational Social Science: Tools to Collect & Analyze 4 Human Behavior Using Data from the Internet,18,9,Behavsci / Neurosci / Psych,9.969535,-2.391883,0.45717179775238037,0,p0379|p1053|p1052|p0413|p0481,0.986|0.659|0.615|0.586|0.544
p0382,Part 10: Majors and Courses,Majors (listed in alphabetical order),"Computation and Design with tracks in Computer Science, Digital Media, and Social Policy / Computation and Design / Social Policy",Major Programs,109,"The Social, Political, and Economic Implications of 4 SOSC 203 Immigration INFOSCI 206 Urban Data Visualization and Communication Methods 2",20,5,Authoritarian / Regulatory / Polsci,10.133093,-2.4323025,0.35392701625823975,0,p0768|p1049|p0413|p1051|p0769,0.613|0.568|0.514|0.492|0.468
p0383,Part 10: Majors and Courses,Majors (listed in alphabetical order),"Cultures and Movements with tracks in Cultural Anthropology, Sociology and World History",Major Programs,111,"Culture and movements are two interdependent areas of inquiry studied across the social sciences that have implications for understanding contemporary public discourse, policy debates, and current events. Culture refers to the ways people act and interact, the material objects that shape their lives, the social and political organizations that shape social action, and how these change over time. Nearly every human action is shaped in some way by the cultural context in which it is embedded. Movements refer to the interactions and dynamics of practices, values, beliefs, economic systems and institutions over time and include—but are not limited to—social, political, and economic changes that reflect where a society has been and that shape where it may go in the future. Cultural perspectives are uniquely positioned to shed light on movements by providing insight into how movements are shaped by—and how they shape—the broader society in which they occur. Cultural perspectives also contribute to understanding movements by clarifying the internal functioning of the social organizations that create and are changed by movements.",171,4,Violence / Migration / Migrations,10.643127,1.0366977,0.4284400939941406,0,p0384|p0601|p0431|p1059|p0432,0.613|0.599|0.561|0.530|0.514
p0384,Part 10: Majors and Courses,Majors (listed in alphabetical order),"Cultures and Movements with tracks in Cultural Anthropology, Sociology and World History",Major Programs,111,"This major has three tracks, Cultural Anthropology, Sociology, and World History, each of which provides students the opportunities for academic study and applied research and practice. Students in this major will be exposed to interdisciplinary approaches to both theoretical understanding of culture and movements and the methods used to study related issues. Theoretical approaches include individual-centered, pragmatist, structuralism, cognitive, and political orientations. Methodological approaches incorporate ethnographic, survey research, network analysis, computational, and other approaches. By their senior year, students will have the skills to read cutting-edge research in this interdisciplinary field and will be equipped to compete for jobs with policy organizations, corporations, NGOs, and other top employers. They will also be well- prepared to apply to graduate programs in the social sciences, public policy, history, and management.",128,10,Career / Mindfulness / Advising,10.349174,1.0301219,0.7128522992134094,0,p0441|p0383|p0369|p0432|p0440,0.632|0.613|0.587|0.581|0.557
p0385,Part 10: Majors and Courses,Majors (listed in alphabetical order),"Cultures and Movements with tracks in Cultural Anthropology, Sociology and World History / Cultures and Movements / Cultural Anthropology",Major Programs,112,Social Science Perspectives on China: From the Socialist Past CULMOVE 301 4 to the Global Present,16,11,Asia / Migration / Ethnic,12.516866,1.9431927,0.5231049656867981,0,p0388|p0392|p0603|p0950|p0421,0.995|0.990|0.623|0.621|0.619
p0386,Part 10: Majors and Courses,Majors (listed in alphabetical order),"Cultures and Movements with tracks in Cultural Anthropology, Sociology and World History / Cultures and Movements / Cultural Anthropology",Major Programs,112,And choose two courses from the following five courses CULANTH 207 Cultures of New Media 4,16,0,Audio / Digital / Mediart,11.08503,3.8234828,0.5876106023788452,0,p0586|p0637|p0862|p0455|p0456,0.653|0.650|0.623|0.587|0.583
p0387,Part 10: Majors and Courses,Majors (listed in alphabetical order),"Cultures and Movements with tracks in Cultural Anthropology, Sociology and World History / Cultures and Movements / Cultural Anthropology",Major Programs,113,Displacement and Identity: Stories of Diasporic Migration in 2 CULMOVE 115 China and the World,15,11,Asia / Migration / Ethnic,12.282732,1.4569192,0.26588401198387146,1,p0430|p0390|p0425|p0599|p0585,0.993|0.990|0.988|0.666|0.563
p0388,Part 10: Majors and Courses,Majors (listed in alphabetical order),"Cultures and Movements with tracks in Cultural Anthropology, Sociology and World History / Cultures and Movements / Sociology",Major Programs,114,Social Science Perspectives on China: From the Socialist CULMOVE 301 4 Past to the Global Present,16,11,Asia / Migration / Ethnic,12.5540085,1.8806132,0.5209255218505859,0,p0385|p0392|p0603|p0421|p0950,0.995|0.995|0.628|0.626|0.624
p0389,Part 10: Majors and Courses,Majors (listed in alphabetical order),"Cultures and Movements with tracks in Cultural Anthropology, Sociology and World History / Cultures and Movements / Sociology",Major Programs,114,"SOCIOL 180 Society, the Self, and the Changing Natural World 4 SOCIOL 204 Identity, Action, and Emotion 4",18,4,Violence / Migration / Migrations,11.050804,-0.5859007,0.48848968744277954,0,p1058|p1060|p1064|p1057|p1059,0.759|0.744|0.598|0.547|0.535
p0390,Part 10: Majors and Courses,Majors (listed in alphabetical order),"Cultures and Movements with tracks in Cultural Anthropology, Sociology and World History / Cultures and Movements / Sociology",Major Programs,115,Displacement and Identity: Stories of Diasporic Migration 2 CULMOVE 115 in China and the World,15,11,Asia / Migration / Ethnic,12.24299,1.4842101,0.2792031168937683,1,p0425|p0387|p0430|p0599|p0585,0.993|0.990|0.987|0.660|0.569
p0391,Part 10: Majors and Courses,Majors (listed in alphabetical order),"Cultures and Movements with tracks in Cultural Anthropology, Sociology and World History / Cultures and Movements / Sociology",Major Programs,115,POLSCI 311/ SOCIOL 311 The Political and Social Thought of Hannah Arendt 4 /PHIL 311,15,4,Violence / Migration / Migrations,11.35504,0.02595592,0.3608269691467285,0,p0429|p0418|p1066|p0905|p0476,1.000|0.844|0.808|0.805|0.783
p0392,Part 10: Majors and Courses,Majors (listed in alphabetical order),"Cultures and Movements with tracks in Cultural Anthropology, Sociology and World History / Cultures and Movements / World History",Major Programs,116,Social Science Perspectives on China: From the Socialist Past to CULMOVE 301 4 the Global Present,16,11,Asia / Migration / Ethnic,12.546998,1.9595369,0.5253071188926697,0,p0388|p0385|p0421|p0603|p0950,0.995|0.990|0.643|0.635|0.634
p0393,Part 10: Majors and Courses,Majors (listed in alphabetical order),"Cultures and Movements with tracks in Cultural Anthropology, Sociology and World History / Cultures and Movements / World History",Major Programs,116,HIST 312 Southeast Asia and the Rise of Global Trade 4 And choose one of the following three Modern World History courses,22,11,Asia / Migration / Ethnic,12.421605,0.9467599,0.5512851476669312,0,p0755|p0756|p0737|p0394|p0729,0.795|0.715|0.686|0.666|0.643
p0394,Part 10: Majors and Courses,Majors (listed in alphabetical order),"Cultures and Movements with tracks in Cultural Anthropology, Sociology and World History / Cultures and Movements / World History",Major Programs,117,Southeast Asia from the Age of Imperialism to the Global Cold HIST 313 4 War,15,11,Asia / Migration / Ethnic,12.427204,1.0238996,0.23343735933303833,1,p0756|p0393|p0755|p0731|p0399,0.714|0.666|0.634|0.617|0.575
p0395,Part 10: Majors and Courses,Majors (listed in alphabetical order),"Cultures and Movements with tracks in Cultural Anthropology, Sociology and World History / Cultures and Movements / World History",Major Programs,117,"And a third 4-credit World History course (200-400 level) (i.e., history courses among the electives recommended for this major or other history courses listed 4 under pre-modern or modern World History courses)",32,1,Physedu / Japanese / Italian,15.077538,6.0467715,0.6318331956863403,0,p0433|p0396|p0473|p0454|p0474,0.999|0.920|0.876|0.874|0.868
p0396,Part 10: Majors and Courses,Majors (listed in alphabetical order),"Cultures and Movements with tracks in Cultural Anthropology, Sociology and World History / Cultures and Movements / World History",Major Programs,117,"And one 4-credit non-World History course (100-400 level) (i.e., any history 4 course not listed among the electives recommended for this major)",22,1,Physedu / Japanese / Italian,15.054736,6.054446,0.6518406867980957,0,p0474|p0454|p0424|p0433|p0395,0.966|0.963|0.929|0.921|0.920
p0397,Part 10: Majors and Courses,Majors (listed in alphabetical order),"Cultures and Movements with tracks in Cultural Anthropology, Sociology and World History / Cultures and Movements / World History",Major Programs,117,"Brides of the Sea: Trading Cities in the Indian Ocean World, HIST 115 2 200BCE to 2000CE",17,4,Violence / Migration / Migrations,12.403955,0.93838006,0.23334726691246033,1,p0732|p0730|p0600|p0399|p0755,0.736|0.670|0.528|0.524|0.477
p0398,Part 10: Majors and Courses,Majors (listed in alphabetical order),"Cultures and Movements with tracks in Cultural Anthropology, Sociology and World History / Cultures and Movements / World History",Major Programs,117,"CULANTH 214/ Authoritarianism and the Struggle for Democracy in Latin 4 POLSCI 214 America CULANTH 306 Borders, Boundaries and Ethnic Peoples in China 4",24,11,Asia / Migration / Ethnic,11.656585,1.0913787,0.38690775632858276,0,p0590|p0595|p0585|p0975|p0593,0.678|0.667|0.600|0.593|0.520
p0399,Part 10: Majors and Courses,Majors (listed in alphabetical order),"Cultures and Movements with tracks in Cultural Anthropology, Sociology and World History / Cultures and Movements / World History",Major Programs,118,Seeing History from the Mountains and the Seas: Ethnographic HIST 411 4 histories of Asia,15,11,Asia / Migration / Ethnic,12.411158,1.0179968,0.34864234924316406,0,p0731|p0732|p0393|p0739|p0756,0.646|0.625|0.625|0.611|0.607
p0400,Part 10: Majors and Courses,Majors (listed in alphabetical order),Data Science,Major Programs,119,"The field of Data Science deals with the theories, methodologies and tools of applying statistical concepts and computational techniques to various data analysis problems related to science, engineering, medicine, business, etc. The objective is to inspect, clean, transform and model data in order to discover useful information, suggest conclusions and support decision-making. It is an emerging topic that plays a critical role in almost every discipline of today’s science and technology and has become an indispensable component.",77,6,Compsci / Algorithms / Math,9.552586,-3.102369,0.169740229845047,1,p0401|p1079|p1070|p1078|p1073,0.694|0.518|0.474|0.472|0.453
p0401,Part 10: Majors and Courses,Majors (listed in alphabetical order),Data Science,Major Programs,119,"Data science is a highly interdisciplinary field. Data Science methodologies are mostly derived from statistics theories. The computational algorithms for implementing these statistical methodologies are based upon numerical computation and optimization, and are often executed on a large-scale hardware platform composed of massive computing units and storage devices. These kinds of data analyses can be applied to a wide range of specific problems across the natural and social sciences and serve as the foundation for artificial intelligence. Data Science can be extensively applied to economics, biology, health care, quantitative social science including global health and environmental science, and humanities (e.g., digital media). Numerous new applications are being discovered, and established techniques are being applied in new ways to solve emerging problems. Meanwhile, a variety of career opportunities are open to students with appropriate training in interdisciplinary data science.",138,6,Compsci / Algorithms / Math,9.669326,-2.9539409,0.46210119128227234,0,p0400|p1079|p1070|p1071|p0373,0.694|0.685|0.579|0.572|0.562
p0402,Part 10: Majors and Courses,Majors (listed in alphabetical order),"Environmental Science with tracks in Biogeochemistry, Biology, Chemistry, and Public Policy",Major Programs,122,"The pressing needs for sustainable development and acceptable environmental quality are placing increasing demands upon governments and industries locally, nationally, and worldwide. To help meet those demands, the Environmental Science major provides training for students intending to enter environmental professions or to pursue graduate study in environmental science and related fields such as biology, chemistry, public health, law, and policy. The major offers an interdisciplinary course of study that combines elements of the natural and social sciences relevant to understanding the biosphere and its interaction with human society.",88,10,Career / Mindfulness / Advising,7.7985625,-1.3929225,0.627758264541626,0,p0407|p0405|p0403|p0464|p0646,0.851|0.699|0.694|0.663|0.638
p0403,Part 10: Majors and Courses,Majors (listed in alphabetical order),"Environmental Science with tracks in Biogeochemistry, Biology, Chemistry, and Public Policy",Major Programs,122,"The Biogeochemistry track is designed for students interested in analysis of links between environmental systems and other Earth system processes including biological, chemical, and geologic forces. Studies focus on global and local cycles of chemicals like carbon, nitrogen, and water that ultimately lead to global environmental change. Students selecting this major and track will receive interdisciplinary training in environmental science with a focus on ecosystem sciences and will be uniquely prepared to solve short and long-term challenges related to human-mediated global climate change and environmental degradation.",86,8,Chem / Phys / Intgsci,7.5811653,-1.5887306,0.5646966695785522,0,p0464|p0405|p0404|p0653|p0402,0.919|0.736|0.733|0.700|0.694
p0404,Part 10: Majors and Courses,Majors (listed in alphabetical order),"Environmental Science with tracks in Biogeochemistry, Biology, Chemistry, and Public Policy",Major Programs,122,"The Biology track is designed for students interested in a biological perspective on environmental science. Students learn the processes that connect living organisms to their environment at the molecular, cellular, physiological, organismal, and population levels. The track is designed to encourage breadth in the life sciences and allows students to acquire depth in a chosen area of scientific concentration through the choice of electives. This track prepares students for careers in research, medicine, agriculture, and environmental management.",77,8,Chem / Phys / Intgsci,7.5916753,-1.8165202,0.5623756647109985,0,p0405|p0403|p0437|p0461|p0464,0.784|0.733|0.705|0.699|0.670
p0405,Part 10: Majors and Courses,Majors (listed in alphabetical order),"Environmental Science with tracks in Biogeochemistry, Biology, Chemistry, and Public Policy",Major Programs,122,"The Chemistry track within the Environmental Science major is designed for students interested in a scientific perspective on environmental issues, in particular chemistry, toxicology, and pollutant fate and transport. The track is designed to encourage breadth in the physical sciences and allows students to acquire depth in a chosen area of scientific concentration through the choice of electives. This track prepares students for careers in research, chemistry, and environmental management.",70,8,Chem / Phys / Intgsci,7.609887,-1.6220243,0.5797379016876221,0,p0404|p0403|p0407|p0402|p0464,0.784|0.736|0.703|0.699|0.654
p0406,Part 10: Majors and Courses,Majors (listed in alphabetical order),"Environmental Science with tracks in Biogeochemistry, Biology, Chemistry, and Public Policy",Major Programs,122,"The Public Policy track is designed for students interested in the social, cultural, economic, and political aspects of environmental sciences. The track provides a healthy balance between basic sciences and public policy aspects to prepare graduates for translating this knowledge into meaningful action and innovative policy solutions.",47,5,Authoritarian / Regulatory / Polsci,8.694014,-0.7131182,0.5752599239349365,0,p0437|p0999|p0405|p0404|p1018,0.689|0.677|0.653|0.645|0.615
p0407,Part 10: Majors and Courses,Majors (listed in alphabetical order),"Environmental Science with tracks in Biogeochemistry, Biology, Chemistry, and Public Policy",Major Programs,122,"The Environmental Science major includes both coursework and experiential learning about the underlying science, and the social, political, legal and economic factors that both encourage and hinder environmental cooperation and competition around the world. All students pursuing this major must complete a set of required Divisional Foundational courses that provide the required background and fundamentals in the discipline essential to advanced work in the major. The major includes a set of five required interdisciplinary courses (four set courses plus one to choose from a list of three courses) which provide a well-rounded, in-depth examination of environmental science and policy issues. In addition to the foundational and interdisciplinary and disciplinary requirements, students also have the choice of a number of elective courses that provide flexibility to add depth in their specific field of study, and/or explore other subject matters as they see fit.",142,10,Career / Mindfulness / Advising,7.8765173,-1.2953944,0.6575502157211304,0,p0402|p0405|p0641|p0643|p0403,0.851|0.703|0.666|0.642|0.628
p0408,Part 10: Majors and Courses,Majors (listed in alphabetical order),"Environmental Science with tracks in Biogeochemistry, Biology, Chemistry, and Public Policy / Environmental Science / Biology",Major Programs,126,"BIOL 203 Molecular, Behavioral and Social Evolution: Evolution of 4 Genomes, Traits, Behaviors and Societies",15,9,Behavsci / Neurosci / Psych,6.9370704,-1.9373747,0.34314244985580444,0,p0439|p0493|p0438|p0465|p0494,0.983|0.630|0.549|0.540|0.521
p0409,Part 10: Majors and Courses,Majors (listed in alphabetical order),"Environmental Science with tracks in Biogeochemistry, Biology, Chemistry, and Public Policy / Environmental Science / Chemistry",Major Programs,127,"ENVIR 404 / Environmental Justice: The Economics of Race, Place and 4 ECON 404 Pollution Disciplinary Courses",17,3,Econ / Pricing / Microeconomics,8.349601,-0.8759596,0.5150185823440552,0,p0411|p0658|p0628|p0643|p0648,0.997|0.787|0.775|0.685|0.649
p0410,Part 10: Majors and Courses,Majors (listed in alphabetical order),"Environmental Science with tracks in Biogeochemistry, Biology, Chemistry, and Public Policy / Environmental Science / Chemistry",Major Programs,128,Courses listed in the table below are recommended electives for the major and the course list will be updated periodically. The course list will be updated periodically.,27,1,Physedu / Japanese / Italian,14.455068,6.2229433,0.5352967977523804,0,p0362|p0442|p0412|p0449|p0372,0.949|0.931|0.895|0.873|0.829
p0411,Part 10: Majors and Courses,Majors (listed in alphabetical order),"Environmental Science with tracks in Biogeochemistry, Biology, Chemistry, and Public Policy / Environmental Science / Public Policy",Major Programs,129,"ENVIR 404 Environmental Justice: The Economics of Race, Place and 4 /ECON 404 Pollution Disciplinary Courses",16,3,Econ / Pricing / Microeconomics,8.271405,-0.9827582,0.4905902147293091,0,p0409|p0658|p0628|p0643|p0648,0.997|0.787|0.773|0.674|0.632
p0412,Part 10: Majors and Courses,Majors (listed in alphabetical order),"Environmental Science with tracks in Biogeochemistry, Biology, Chemistry, and Public Policy / Environmental Science / Public Policy",Major Programs,130,Students can choose the recommended electives in the major or select other courses in different disciplines or divisions as electives. The course list will be updated periodically.,27,1,Physedu / Japanese / Italian,14.483059,6.278156,0.5454607009887695,0,p0362|p0372|p0442|p0410|p0449,0.946|0.934|0.917|0.895|0.840
p0413,Part 10: Majors and Courses,Majors (listed in alphabetical order),"Environmental Science with tracks in Biogeochemistry, Biology, Chemistry, and Public Policy / Environmental Science / Public Policy",Major Programs,130,PUBPOL 318 How to Change the World: The Role of Non-State Actors 4 SOSC 320 Data in the World: Applied Social Statistics 4,23,5,Authoritarian / Regulatory / Polsci,9.969794,-2.2518084,0.4688376188278198,0,p0381|p0379|p0470|p1053|p0382,0.586|0.582|0.527|0.522|0.514
p0414,Part 10: Majors and Courses,Majors (listed in alphabetical order),"Ethics and Leadership with tracks in Philosophy, Public Policy, Religious Studies",Major Programs,132,"The human sciences have made significant advances in understanding what makes for effective leaders and organizations and the qualities of character needed to make sound decisions. For example, social and organizational psychology and history have identified qualities of leaders and group dynamics that foster loyalty, trust, and creativity. Political science, economics and history have explored different models for supportive and regulatory relationships between governments and markets. Expertise of this kind is crucial for enabling leaders to deal with the challenges posed by globalization, climate change, and profound changes in technology that are drastically altering the kinds of work available in a constantly changing economy.",104,5,Authoritarian / Regulatory / Polsci,9.623453,0.8071069,0.4610276222229004,0,p0415|p0665|p0416|p0441|p0985,0.565|0.562|0.498|0.461|0.441
p0415,Part 10: Majors and Courses,Majors (listed in alphabetical order),"Ethics and Leadership with tracks in Philosophy, Public Policy, Religious Studies",Major Programs,132,"The Ethics and Leadership major meets a critical need to integrate such expertise from the human sciences with the best of thought from philosophy, religion, psychology, and literature about the ultimate ends of human life, about right and wrong, rights, duties and the common good. Leaders need the ability to see, frame, and think wisely about the ethical issues that confront them. The major is not just for those who aspire to hold political office or high-ranking positions within various organizations. Citizens or members of organizations should have thoughtful and informed conceptions of what makes a good leader, so that they may choose wisely or be prepared to become one. People often serve as leaders or co-leaders in smaller groups within their organizations. People find themselves in social contexts where they may be called upon to lead, and they may decide to do so simply not because they desired to be leaders all along, but because they are needed.",159,10,Career / Mindfulness / Advising,9.516335,0.9338524,0.3948146104812622,0,p0416|p0414|p1014|p0329|p1037,0.672|0.565|0.544|0.544|0.529
p0416,Part 10: Majors and Courses,Majors (listed in alphabetical order),"Ethics and Leadership with tracks in Philosophy, Public Policy, Religious Studies",Major Programs,132,"This interdisciplinary major, drawing from fields such as philosophy, political theory, history, literature, religion, and the social and natural sciences, seeks to provide students with the specific expertise that is needed to address issues such as global health, pollution and the environment or regulation of corporations and markets. Students will be encouraged and guided in the task of framing specific expertise with a broader and deeper framework of thinking about what kinds of leaders and citizens they should be, and what their ultimate values ought to be. The major will encourage them to know more and to think more deeply about their own cultural tradition, but also will take them through different traditions of thought about how to make ethical decisions, about the virtues of leaders, the virtues of those they lead, and the right relationship between the two. Students will be encouraged to identify and form views about the differences as well as the similarities between different cultural traditions of thought about these matters, as well as about ultimate values that go into thinking about justice and the good life and how such values relate to conceptions of human spirituality, the divine, and the sacred, how this affects the way human beings relate to one another and with the natural world. Such global perspectives, rooted in one’s own traditions, are more than ever crucial for leadership. Students can choose among three disciplinary tracks: Philosophy, Religious Studies, and Public Policy.",240,4,Violence / Migration / Migrations,9.529532,0.9195176,0.5635662078857422,0,p0415|p0432|p1037|p0893|p0024,0.672|0.608|0.583|0.583|0.578
p0417,Part 10: Majors and Courses,Majors (listed in alphabetical order),"Ethics and Leadership with tracks in Philosophy, Public Policy, Religious Studies / Ethics and Leadership / Philosophy",Major Programs,134,What’s the Right Thing to Do? Ethics and Justice in the Modern PHIL 107 4 World,16,4,Violence / Migration / Migrations,9.441745,0.16267613,0.314693421125412,0,p0894|p0659|p0903|p0889|p0418,0.740|0.528|0.504|0.491|0.481
p0418,Part 10: Majors and Courses,Majors (listed in alphabetical order),"Ethics and Leadership with tracks in Philosophy, Public Policy, Religious Studies / Ethics and Leadership / Philosophy",Major Programs,134,PHIL 301 Philosophy of Mind 4 POLSCI 311/ SOCIOL 311 The Political and Social Thought of Hannah Arendt 4 /PHIL 311,21,4,Violence / Migration / Migrations,11.409982,-0.047958694,0.40244531631469727,0,p0391|p0429|p0905|p0476|p1066,0.844|0.844|0.791|0.723|0.715
p0419,Part 10: Majors and Courses,Majors (listed in alphabetical order),"Ethics and Leadership with tracks in Philosophy, Public Policy, Religious Studies / Ethics and Leadership / Public Policy",Major Programs,137,Introduction to Applied Statistical Methods 4 STATS 101 Introduction to Policy Analysis 4 PUBPOL 101 Political Analysis for Public Policy 4 PUBPOL 301 Policy Choice as Value Conflict 4 PUBPOL 303,31,5,Authoritarian / Regulatory / Polsci,9.68907,-0.6467068,0.28851592540740967,0,p0445|p1018|p1019|p0470|p0979,0.915|0.689|0.688|0.568|0.541
p0420,Part 10: Majors and Courses,Majors (listed in alphabetical order),"Global China Studies with tracks in Chinese History, Economics, Philosophy, Political Science and Religious Studies",Major Programs,141,"This major prepares students to engage, work with, and understand China in the twenty-first century. It provides students with opportunities to gain deep historical knowledge of China in the ancient, pre-modern, and modern periods, while focusing on the place and impact of China in the world—past, present, and future. Students will be exposed to debates about China’s philosophical traditions and their force in shaping China’s history and present; the political dynamics of development, decision-making, and grassroots protest; the importance of religion, entrepreneurialism, innovation, and social networks in China and beyond its borders; and the role of digital media, visual culture, and the internet in everyday social, economic and political life.",110,11,Asia / Migration / Ethnic,12.511771,2.419624,0.5781974792480469,0,p0421|p0422|p0693|p0555|p0727,0.798|0.699|0.671|0.660|0.642
p0421,Part 10: Majors and Courses,Majors (listed in alphabetical order),"Global China Studies with tracks in Chinese History, Economics, Philosophy, Political Science and Religious Studies",Major Programs,141,"This major recognizes that China has continually had a global presence for many centuries, deeply influencing people, cultures, technologies, ecologies and economies elsewhere in our world, and that its influence is now deepening even further as China prepares to become a major player in the realm of global politics and economics. This major will query the meanings of “China” as a nation- state, a region, and culture in a global setting, and provide students with a new set of analytical and critical thinking skills in order to purposefully engage the changing landscape of academics, business, government, policy, and the arts. This major has tracks in Chinese History, Economics, Philosophy, Religious Studies and Political Science.",114,11,Asia / Migration / Ethnic,12.417442,2.19128,0.6381910443305969,0,p0422|p0420|p0693|p0392|p0388,0.830|0.798|0.673|0.643|0.626
p0422,Part 10: Majors and Courses,Majors (listed in alphabetical order),"Global China Studies with tracks in Chinese History, Economics, Philosophy, Political Science and Religious Studies",Major Programs,141,"The major in Global China Studies prepares students for a world in which China—and Chinese firms, organizations, and individuals—are at the center of shaping the 21st century. It prepares international students for their lifelong engagement with China: its polity, economy, and society. It prepares Chinese students to navigate the wider world with a firm understanding of their own roots, their unique history and institutions, and the ability to see their own country as others see it. It prepares students for careers in business, the professions, and public service with a foundational knowledge of China’s global role, past, present and future.",100,11,Asia / Migration / Ethnic,10.264927,1.472906,0.616553544998169,0,p0421|p0420|p0432|p0004|p0329,0.830|0.699|0.635|0.625|0.616
p0423,Part 10: Majors and Courses,Majors (listed in alphabetical order),"Global China Studies with tracks in Chinese History, Economics, Philosophy, Political Science and Religious Studies / Global China Studies / Chinese History",Major Programs,142,"And an additional 4-credit Chinese History course (200-400 level) (i.e., history 4 courses among the electives recommended for this major)",20,1,Physedu / Japanese / Italian,15.002369,6.105611,0.6407098770141602,0,p0424|p0473|p0396|p0474|p0454,0.948|0.869|0.849|0.837|0.834
p0424,Part 10: Majors and Courses,Majors (listed in alphabetical order),"Global China Studies with tracks in Chinese History, Economics, Philosophy, Political Science and Religious Studies / Global China Studies / Chinese History",Major Programs,142,"And one 4-credit non-Chinese History course (100-400 level) (i.e., any history 4 course not listed among the electives recommended for this major)",22,1,Physedu / Japanese / Italian,15.072381,6.0758586,0.6317489743232727,0,p0423|p0396|p0474|p0454|p0473,0.948|0.929|0.924|0.919|0.857
p0425,Part 10: Majors and Courses,Majors (listed in alphabetical order),"Global China Studies with tracks in Chinese History, Economics, Philosophy, Political Science and Religious Studies / Global China Studies / Chinese History",Major Programs,143,Displacement and Identity: Stories of Diasporic Migration in China 2 CULMOVE 115 and the World,15,11,Asia / Migration / Ethnic,12.219857,1.4474677,0.2786831557750702,1,p0390|p0387|p0430|p0599|p0585,0.993|0.988|0.988|0.666|0.580
p0426,Part 10: Majors and Courses,Majors (listed in alphabetical order),"Global China Studies with tracks in Chinese History, Economics, Philosophy, Political Science and Religious Studies / Global China Studies / Chinese History",Major Programs,143,China in Global Perspective 1: China and the Silk Roads World: HIST 301 4 500-1500,15,11,Asia / Migration / Ethnic,12.495422,1.6183442,0.39082375168800354,0,p0748|p0755|p0749|p0392|p0385,0.827|0.635|0.608|0.601|0.594
p0427,Part 10: Majors and Courses,Majors (listed in alphabetical order),"Global China Studies with tracks in Chinese History, Economics, Philosophy, Political Science and Religious Studies / Global China Studies / Chinese History",Major Programs,143,China and the US Comparative 1: The United States and China in HIST 303 4 War and Revolution,18,11,Asia / Migration / Ethnic,11.904876,1.7653224,0.29027265310287476,0,p0749|p0751|p0428|p0978|p0961,0.715|0.681|0.592|0.587|0.568
p0428,Part 10: Majors and Courses,Majors (listed in alphabetical order),"Global China Studies with tracks in Chinese History, Economics, Philosophy, Political Science and Religious Studies / Global China Studies / Chinese History",Major Programs,143,China and the US Comparative 2 The World of Universities in HIST 304 4 China and the United States,19,11,Asia / Migration / Ethnic,12.165365,6.8219447,0.41669273376464844,0,p0427|p0013|p0016|p0004|p0750,0.592|0.581|0.566|0.530|0.510
p0429,Part 10: Majors and Courses,Majors (listed in alphabetical order),"Global China Studies with tracks in Chinese History, Economics, Philosophy, Political Science and Religious Studies / Global China Studies / Philosophy",Major Programs,147,POLSCI 311/ SOCIOL 311 The Political and Social Thought of Hannah Arendt 4 / PHIL 311,16,4,Violence / Migration / Migrations,11.3791685,0.012680398,0.3608269691467285,0,p0391|p0418|p1066|p0905|p0476,1.000|0.844|0.808|0.805|0.783
p0430,Part 10: Majors and Courses,Majors (listed in alphabetical order),"Global China Studies with tracks in Chinese History, Economics, Philosophy, Political Science and Religious Studies / Global China Studies / Political Science",Major Programs,149,CULMOVE Displacement and Identity: Stories of Diasporic Migration in 2 115 China and the World,15,11,Asia / Migration / Ethnic,12.239716,1.5247339,0.251010537147522,1,p0387|p0425|p0390|p0599|p0585,0.993|0.988|0.987|0.668|0.572
p0431,Part 10: Majors and Courses,Majors (listed in alphabetical order),Global Cultural Studies with tracks in World History and World Literature,Major Programs,152,"Cultural Studies is an interdisciplinary field of research and teaching that investigates the forms of life and culture produced in today’s interconnected world. Combining the strengths of the social sciences and the humanities, and drawing on methods and theories from literary studies, cultural anthropology, history, sociology, media studies, film studies, communications, economics, etc., Cultural Studies explores ways in which “culture” creates and transforms individual experiences, everyday life, social relations and power. With its attentiveness to power relations, hegemony, inequality and diversity, Cultural Studies has a productive role to play in building a better world. Put simply, Cultural Studies is not just an abstract academic field but a production of knowledge that has real world implications.",115,4,Violence / Migration / Migrations,10.703202,1.5356083,0.4785257577896118,0,p0432|p1059|p0684|p0451|p0452,0.733|0.640|0.617|0.577|0.565
p0432,Part 10: Majors and Courses,Majors (listed in alphabetical order),Global Cultural Studies with tracks in World History and World Literature,Major Programs,152,"Focusing on the practical and theoretical issues arising from cross-cultural encounters around the world, Cultural Studies examines conventional cultural products (literature, history, film, visual art, music, social media, new technology, etc.) and also their broader political and social contexts (colonialism, modernity, capitalism, etc.). In today's era of economic globalization and neoliberal restructuring, the language of culture is increasingly heard in debates about issues as diverse as nationalism, political conflicts, human rights, immigration, trade, the environment, media, history, literacy, and education. In the new millennium, increasing students’ capacity to live with and understand the heterogeneity and flux that characterize global flows of people, culture, and capital is of paramount importance. The major in Global Cultural Studies has tracks in World Literature and in World History and imparts students with skills and competency in critical thinking, cultural analysis, and communication for careers in education, creative industry, NGOs and international business and law.",150,4,Violence / Migration / Migrations,10.8963175,1.4326954,0.5634515285491943,0,p0431|p0798|p0684|p0745|p0422,0.733|0.671|0.659|0.647|0.635
p0433,Part 10: Majors and Courses,Majors (listed in alphabetical order),Global Cultural Studies with tracks in World History and World Literature / Global Cultural Studies / World History,Major Programs,154,"And a third 4-credit World History course (200-400 level) (i.e., history courses among the electives recommended for this major or other history courses 4 listed under pre-modern or modern World History courses)",32,1,Physedu / Japanese / Italian,15.10769,6.015451,0.6393740177154541,0,p0395|p0396|p0473|p0454|p0474,0.999|0.921|0.878|0.875|0.869
p0434,Part 10: Majors and Courses,Majors (listed in alphabetical order),Global Cultural Studies with tracks in World History and World Literature / Global Cultural Studies / World Literature,Major Programs,157,From Cool Japan to the Korean Wave: Popular Culture from LIT 208 4 East Asia,15,11,Asia / Migration / Ethnic,11.798632,2.2615201,0.2908344268798828,0,p0793|p0794|p0786|p0747|p0731,0.748|0.597|0.538|0.526|0.484
p0435,Part 10: Majors and Courses,Majors (listed in alphabetical order),Global Health with Tracks in Biology and Public Policy,Major Programs,159,"The global health major introduces students to global health as an area of study, research, and practice that places a priority on improving health and achieving equity in health for all people worldwide. A synthesis of population-based prevention with individual-level clinical care, global health aims to reduce health disparities through attention to modifiable determinants of health and provision of sustainable health services and human development. As a field of study, global health has emerged from tropical medicine, public health, and international health to encompass the complex transactions between societies that are a defining feature of globalization. Because many global health problems stem from economic, social, environmental, political, and healthcare inequalities, defining these problems and designing solutions is highly interdisciplinary and involves fields that span across health sciences, medicine, and public health, but also that bridge to a broad range of academic fields, including biology, agriculture, anthropology, business, computer science, engineering, environmental sciences, economics, history, law, psychology, public policy, and sociology, among others. To introduce students to this interdisciplinary field, the global health major integrates courses in the natural and social sciences and encourages students to take relevant electives in the humanities.",191,10,Career / Mindfulness / Advising,8.587622,0.15128948,0.5792665481567383,0,p0708|p0437|p0436|p0702|p0700,0.722|0.701|0.669|0.650|0.628
p0436,Part 10: Majors and Courses,Majors (listed in alphabetical order),Global Health with Tracks in Biology and Public Policy,Major Programs,159,"Health issues do not know borders. The advances in transportation and the increasing amount of human travel propels nations to address health issues in a timely manner and more deeply than ever before. Given the size of China’s population and its geographic location, there is no better place for students to immerse themselves in the study of global health. Every nation has faced challenges related to global health: from HIV/AIDS to Ebola, COVID-19, and SARS, as well as health issues that arise from poverty, famine and natural disasters. The opportunity for students to study these issues in China will not just provide a generation of global health experts for China itself, but also for the entire world.",117,11,Asia / Migration / Ethnic,8.509841,0.13914098,0.4907967448234558,0,p0435|p0437|p0700|p0708|p0422,0.669|0.620|0.620|0.589|0.574
p0437,Part 10: Majors and Courses,Majors (listed in alphabetical order),Global Health with Tracks in Biology and Public Policy,Major Programs,159,"The Biology track within the Global Health major is designed for students interested in a biological perspective on global health, in particular cell and molecular biology, infectious diseases, microbiology, and anatomy and physiology. The track is designed to encourage breadth in the life sciences but also allows students to acquire depth in a chosen area of scientific concentration through the choice of electives, as is encouraged for students who desire to pursue graduate studies or intend to pursue a career in research. The Public Policy track is designed for students most interested in the social, cultural, economic, and political aspects of global health. The track provides a healthy balance between basic sciences and public policy aspects to prepare graduates for translating this knowledge into meaningful action and innovative policy solutions.",130,10,Career / Mindfulness / Advising,8.413742,-0.22026819,0.6263598203659058,0,p0404|p0435|p0406|p0708|p0436,0.705|0.701|0.689|0.654|0.620
p0438,Part 10: Majors and Courses,Majors (listed in alphabetical order),Global Health with Tracks in Biology and Public Policy / Global Health / Biology,Major Programs,161,CHEM 201 Organic Chemistry I 4 BIOL 201 Cell and Molecular Biology 4 BIOL 202 Genetics and Evolution 4,19,8,Chem / Phys / Intgsci,6.7995925,-2.3621683,0.32611083984375,0,p0511|p0507|p0408|p0492|p0510,0.690|0.553|0.549|0.548|0.530
p0439,Part 10: Majors and Courses,Majors (listed in alphabetical order),Global Health with Tracks in Biology and Public Policy / Global Health / Biology,Major Programs,161,"Molecular, Behavioral and Social Evolution: Evolution of BIOL 203 4 Genomes, Traits, Behaviors and Societies",15,9,Behavsci / Neurosci / Psych,6.9286246,-1.9275072,0.3465862572193146,0,p0408|p0493|p0438|p0465|p0494,0.983|0.632|0.515|0.507|0.506
p0440,Part 10: Majors and Courses,Majors (listed in alphabetical order),"Institutions and Governance with tracks in Economics, Political Science, and Public Policy",Major Programs,165,"The Institutions and Governance major enables students to study the formal and informal rules that societies use to govern themselves at the local, national, and global levels. By focusing on institutions and governance as a guiding framework, students can better understand the dynamics of wealth and poverty, innovation versus technological/economic stagnation, and stability versus turmoil in different states and societies. Students in this major will be exposed to the deep political science, economic, sociological, historical and anthropological explorations of institutional designs in a variety of constructs, such as governments, interest groups and social movements, media, and religion, among others. By their senior year, students will be able to speak authoritatively on the comparative theory of institutions, the history of institutional and policy development, the drivers of institutional change, and distributional effects of institutional choices. Particular attention will be paid to the challenges of governance, such as the processes and structures that societies adopt to manage their collective affairs, with an emphasis on the implementation and evaluation of government programs.",169,5,Authoritarian / Regulatory / Polsci,10.221706,0.22743262,0.49482834339141846,0,p0984|p0441|p0985|p0964|p0968,0.700|0.683|0.631|0.628|0.602
p0441,Part 10: Majors and Courses,Majors (listed in alphabetical order),"Institutions and Governance with tracks in Economics, Political Science, and Public Policy",Major Programs,165,"The world is more and more interconnected at a variety of levels and students are going to need a better understanding of the institutions that govern this global integration. The more that students can identify, analyze and engage with global institutions and understand their governing processes, the more they will be able to navigate these complexities. This focus in Institutions and Governance will prepare students for a variety of careers requiring expertise in public administration, international development, political risk analysis, multinational investment and work in the non- profit sector at both the domestic and international levels. Students can choose among three disciplinary tracks: Economics, Political Science, or Public Policy.",109,5,Authoritarian / Regulatory / Polsci,10.187529,0.4955572,0.6704826354980469,0,p0467|p0440|p0985|p0384|p0422,0.710|0.683|0.664|0.632|0.603
p0442,Part 10: Majors and Courses,Majors (listed in alphabetical order),"Institutions and Governance with tracks in Economics, Political Science, and Public Policy / Institutions and Governance / Economics",Major Programs,167,Courses listed in the table below are recommended electives for this major and the course list will be updated periodically. Students can also select other courses in different disciplines or divisions as electives.,33,1,Physedu / Japanese / Italian,14.485545,6.281969,0.5352451205253601,0,p0362|p0410|p0412|p0449|p0372,0.984|0.931|0.917|0.886|0.847
p0443,Part 10: Majors and Courses,Majors (listed in alphabetical order),"Institutions and Governance with tracks in Economics, Political Science, and Public Policy / Institutions and Governance / Economics",Major Programs,167,ECON 308 Economic History and Modernization of the Islamic Middle East 4 ECON 309 Behavioral Finance 4,17,3,Econ / Pricing / Microeconomics,9.018979,-1.1837187,0.26795342564582825,1,p0620|p0627|p0619|p0988|p0612,0.817|0.500|0.452|0.449|0.434
p0444,Part 10: Majors and Courses,Majors (listed in alphabetical order),"Institutions and Governance with tracks in Economics, Political Science, and Public Policy / Institutions and Governance / Political Science",Major Programs,170,"War and Peace: Foundations of the International Political POLSCI 216 2 Order POLSCI 219/ The U.S. Legal System: Lawyers, Judges, Lawmakers, & 4 PUBPOL 219 Bureaucrats",26,5,Authoritarian / Regulatory / Polsci,10.170941,0.011174975,0.38659393787384033,0,p0976|p0977|p0470|p0964|p0968,0.664|0.626|0.619|0.591|0.575
p0445,Part 10: Majors and Courses,Majors (listed in alphabetical order),"Institutions and Governance with tracks in Economics, Political Science, and Public Policy / Institutions and Governance / Public Policy",Major Programs,172,Introduction to Policy Analysis 4 PUBPOL 101 Political Analysis for Public Policy 4 PUBPOL 301 Policy Choice as Value Conflict 4 PUBPOL 303,23,5,Authoritarian / Regulatory / Polsci,9.68498,-0.65745795,0.29520419239997864,0,p0419|p1019|p1018|p0470|p1028,0.915|0.793|0.745|0.577|0.562
p0446,Part 10: Majors and Courses,Majors (listed in alphabetical order),"Institutions and Governance with tracks in Economics, Political Science, and Public Policy / Institutions and Governance / Public Policy",Major Programs,172,PUBPOL Economics of the Public Sector 4 315/ECON 315 Choose one course from the following two courses,17,3,Econ / Pricing / Microeconomics,9.386562,-0.9566237,0.507341206073761,0,p0469|p1028|p0623|p1020|p1019,0.971|0.749|0.668|0.605|0.584
p0447,Part 10: Majors and Courses,Majors (listed in alphabetical order),Materials Science with tracks in Chemistry and Physics,Major Programs,175,"Many of tomorrow’s innovations in fields such as fast computing, renewable energy generation, batteries, plastics, textiles, and transportation will rely on the unique and novel properties of materials. The development of such materials requires integrated knowledge in physics, chemistry, and biology, along with advanced mathematics and computation. The Materials Science major introduces students to the interdisciplinary study in materials science, which includes atomic and molecular structure, mechanical and thermodynamic properties, electric and magnetic properties, and fabrication methods and applications, together with disciplinary training in either physics or chemistry.",88,8,Chem / Phys / Intgsci,6.629427,-3.566094,0.4318660497665405,0,p0809|p0518|p0814|p0448|p0815,0.617|0.613|0.604|0.595|0.589
p0448,Part 10: Majors and Courses,Majors (listed in alphabetical order),Materials Science with tracks in Chemistry and Physics,Major Programs,175,"This major can prepare students for advanced studies in various departments in graduate school such as physics, chemistry, materials science and mechanical engineering, chemical engineering, electrical engineering, etc. Within the requirements of this major, student have the flexibility to design a curriculum that emphasizes more on one particular field of study, for example, physics, chemistry or materials science. Students with more interests in industrial positions can also customize their backgrounds for domestic and international manufacturers or companies specializeing in automobiles, aircrafts, batteries, cosmetics, pharmaceuticals, electronics, etc.",86,10,Career / Mindfulness / Advising,9.30233,1.9232588,0.5691583156585693,0,p0051|p0447|p0407|p0412|p0405,0.626|0.595|0.580|0.579|0.573
p0449,Part 10: Majors and Courses,Majors (listed in alphabetical order),Materials Science with tracks in Chemistry and Physics / Materials Science / Chemistry,Major Programs,177,Courses listed in the table below are recommended electives for the major and the course list will be updated periodically. Students can also select other courses in different disciplines or divisions as electives. Course Code Course Name Course Credit,39,1,Physedu / Japanese / Italian,14.490128,6.297711,0.4875526428222656,0,p0362|p0442|p0410|p0412|p0372,0.903|0.886|0.873|0.840|0.783
p0450,Part 10: Majors and Courses,Majors (listed in alphabetical order),Materials Science with tracks in Chemistry and Physics / Materials Science / Physics,Major Programs,179,PHYS 310 Physics of Particulate Materials 4 MATSCI 402 Introduction to Nanoscale Functional Materials 4,15,8,Chem / Phys / Intgsci,6.651052,-3.5908196,0.10136092454195023,1,p0815|p0917|p0919|p0518|p0812,0.646|0.608|0.577|0.556|0.538
p0451,Part 10: Majors and Courses,Majors (listed in alphabetical order),Media and Arts with tracks in Art History and Creative Practice,Major Programs,181,"The Media and Arts major captures the breadth of both media as a communications process and art as creative and documentary expressions. By exploring the history of media and arts as well as emerging technologies and cultures, students in this major will gain a depth of understanding that is broadly applicable to future life choices. Media studies might include communications studies, journalism, science, technology and society at the local, as well as national and global levels. Arts studies might address visual art in film, photography, and sound; music; theater; and literature. The intersection of media and arts will provide both a well-rounded foundation as well as the opportunity to immerse oneself in a particular field of study or practice.",119,0,Audio / Digital / Mediart,10.615382,3.5302436,0.45821288228034973,0,p0453|p0843|p0452|p0862|p0863,0.805|0.793|0.783|0.702|0.694
p0452,Part 10: Majors and Courses,Majors (listed in alphabetical order),Media and Arts with tracks in Art History and Creative Practice,Major Programs,181,"Understanding of media and the arts is foundational to the concept of interdisciplinarity that is the basis for a liberal arts education at Duke Kunshan University. On the one hand, exposure to the arts provides for the complete student: a well-rounded individual who is able to see the world in both its breadth and depth, thus creatively seeking, discovering and implementing solutions to global problems. In particular, the documentary arts intersect history with creativity; the understanding of cultural tradition with the artistic imagination. On the other hand, media literacy is not a luxury. In this interconnected world, it is a necessity. Students in this major will gain a more complete understanding of the evolution of media, broadly defined, and how the media and media systems of today interact with the institutions, individuals and ideas in society.",136,0,Audio / Digital / Mediart,10.619022,3.6180804,0.43029797077178955,0,p0843|p0451|p0863|p0862|p0453,0.795|0.783|0.725|0.713|0.680
p0453,Part 10: Majors and Courses,Majors (listed in alphabetical order),Media and Arts with tracks in Art History and Creative Practice,Major Programs,181,"The Media and Arts major has two tracks: 1) Art History and 2) Creative Practice. The Art History track provides a mixture of humanities and social science approaches to understanding media and arts, creating a foundation for work in the field or further graduate-level study. The Creative Practice track will focus on providing opportunities for students to create the media and arts that interest them, with a strong academic foundation.",70,0,Audio / Digital / Mediart,10.540132,3.5017834,0.4762444496154785,0,p0451|p0843|p0452|p0862|p0863,0.805|0.693|0.680|0.648|0.615
p0454,Part 10: Majors and Courses,Majors (listed in alphabetical order),Media and Arts with tracks in Art History and Creative Practice / Media and Arts / Art History,Major Programs,183,"And one 4-credit non-Art History course (100-400 level) (i.e., any history course 4 not listed among the electives recommended for this major)",22,1,Physedu / Japanese / Italian,15.035225,6.090629,0.6063060760498047,0,p0396|p0474|p0424|p0473|p0433,0.963|0.959|0.919|0.896|0.875
p0455,Part 10: Majors and Courses,Majors (listed in alphabetical order),Media and Arts with tracks in Art History and Creative Practice / Media and Arts / Creative Practice,Major Programs,186,Practicum course I: Choose one 4-credit course from the list of 200 level 4 creative practice courses in the electives,20,1,Physedu / Japanese / Italian,14.907938,6.1411324,0.5581098794937134,0,p0456|p0457|p0475|p0454|p0396,0.983|0.946|0.678|0.658|0.657
p0456,Part 10: Majors and Courses,Majors (listed in alphabetical order),Media and Arts with tracks in Art History and Creative Practice / Media and Arts / Creative Practice,Major Programs,186,Practicum course II: Choose one 4-credit course from the list of 300 level 4 creative practice courses in the electives,20,1,Physedu / Japanese / Italian,14.883623,6.165477,0.5465097427368164,0,p0455|p0457|p0475|p0449|p0454,0.983|0.930|0.674|0.660|0.651
p0457,Part 10: Majors and Courses,Majors (listed in alphabetical order),Media and Arts with tracks in Art History and Creative Practice / Media and Arts / Creative Practice,Major Programs,186,Practicum III: Choose one 4-credit course from any other 200 level or above 4 creative practice elective course,18,1,Physedu / Japanese / Italian,14.924587,6.1795497,0.5676583051681519,0,p0455|p0456|p0396|p0454|p0475,0.946|0.930|0.656|0.646|0.645
p0458,Part 10: Majors and Courses,Majors (listed in alphabetical order),"Molecular Bioscience with Tracks in Biogeochemistry, Biophysics, Cell and Molecular Biology, Genetics and Genomics",Major Programs,188,"All biological sciences rest on two central principles – all organisms and their characteristics are the product of evolution, and all life processes have a physical and chemical basis. Simply put, at the most fundamental level, there is a shared molecular basis of life. Despite the astonishing diversity of living organisms, from bacteria living in deep ocean hydrothermal vents to cherry trees flowering in the spring to complex modern humans shaping the world around us, many features of all organisms at the cellular and molecular levels are fundamentally similar because of shared evolutionary history. Discoveries of fundamental molecular mechanisms in one species - a bacteria or fungus or fruit fly, for example - often apply to other distantly related organisms like humans. Solving many of the most perplexing and challenging biological, agricultural, medical, societal, and environmental problems in today’s world requires a broad and deep understanding of the molecular basis of life. The highly interdisciplinary field of molecular bioscience seeks to understand at the level of atoms and molecules how living things acquire energy and chemical nutrients from their environment, how they use that energy to fuel the basic biochemical reactions and cellular functions required for life, how they use molecular information encoded in their DNA to grow, survive, and reproduce, and how their metabolic and biochemical processes transform the environment in which we all live.",226,8,Chem / Phys / Intgsci,7.407543,-2.2136316,0.23078644275665283,1,p0464|p0462|p0491|p0459|p0463,0.541|0.528|0.495|0.482|0.477
p0459,Part 10: Majors and Courses,Majors (listed in alphabetical order),"Molecular Bioscience with Tracks in Biogeochemistry, Biophysics, Cell and Molecular Biology, Genetics and Genomics",Major Programs,188,"The broad goal of molecular bioscience, to understand the mechanisms of life processes at the physical, chemical, and cellular levels, requires students to integrate knowledge from several disciplines that traditionally are treated as separate realms of knowledge. Molecular bioscience is at the intersection of biology, chemistry, and physics, but most undergraduate programs require that students focus on one discipline at the exclusion of the other two. In contrast, the Molecular Bioscience major at DKU is designed to integrate fully the fields of biology, chemistry, and physics throughout the major’s course of study, so DKU students trained in molecular bioscience will be better prepared to understand and make fundamental advances on the tremendous challenges facing our current and future generations in human health, agriculture, biotechnology, and global environmental change.",128,8,Chem / Phys / Intgsci,7.4256783,-2.3122892,0.5012869834899902,0,p0460|p0463|p0491|p0464|p0461,0.769|0.649|0.621|0.618|0.592
p0460,Part 10: Majors and Courses,Majors (listed in alphabetical order),"Molecular Bioscience with Tracks in Biogeochemistry, Biophysics, Cell and Molecular Biology, Genetics and Genomics",Major Programs,188,"Through the required interdisciplinary introductory courses including Biochemistry, Biophysics, Genetics and Evolution, and Biomedical Ethics, all molecular bioscience students will gain core foundational knowledge and skills that uniquely will enable them to pursue one of four more specialized tracks of courses that focus some of the most exciting fields of science today.",52,8,Chem / Phys / Intgsci,7.44236,-2.2650135,0.5594959259033203,0,p0459|p0463|p0461|p0464|p0404,0.769|0.667|0.653|0.633|0.622
p0461,Part 10: Majors and Courses,Majors (listed in alphabetical order),"Molecular Bioscience with Tracks in Biogeochemistry, Biophysics, Cell and Molecular Biology, Genetics and Genomics",Major Programs,188,"Students who choose the Cell and Molecular Biology track, for example, will learn of stunning new discoveries of how cells work at the molecular level, and how that knowledge is critical for advances in cancer biology and medicine, pharmacology, biochemistry, virology, immunology, developmental biology, and the Biotech industries.",48,8,Chem / Phys / Intgsci,7.4743943,-2.1317573,0.4759916365146637,0,p0404|p0460|p0463|p0459|p0437,0.699|0.653|0.627|0.592|0.586
p0462,Part 10: Majors and Courses,Majors (listed in alphabetical order),"Molecular Bioscience with Tracks in Biogeochemistry, Biophysics, Cell and Molecular Biology, Genetics and Genomics",Major Programs,188,"The Genetics and Genomics track will provide students with deep insight into how the explosive fields of functional genomics, bioinformatics, and computational biology are revolutionizing our understanding of life. Students will learn how genomics is revealing the complex and highly orchestrated mechanisms that organisms use to regulate genes and genomes, how genomes evolve via population genomic processes, and how new methods like DNA editing promise to transform medicine, agriculture, and our understanding of basic biological processes.",76,8,Chem / Phys / Intgsci,7.435344,-2.1859841,0.4140124022960663,0,p0461|p0460|p0493|p0404|p0459,0.579|0.559|0.547|0.542|0.538
p0463,Part 10: Majors and Courses,Majors (listed in alphabetical order),"Molecular Bioscience with Tracks in Biogeochemistry, Biophysics, Cell and Molecular Biology, Genetics and Genomics",Major Programs,189,"The Biophysics track will allow students to apply principles of physics to biological systems at molecular, organismal, and ecological levels. These students will learn how such integrated applications of these principles are leading to the incredible breadth of advances biophysicists are making in bioelectronics, quantum biology, nanotechnology, structural biology, biomechanics, biochemistry, and cell and molecular biology.",56,8,Chem / Phys / Intgsci,7.409712,-2.4784,0.39087024331092834,0,p0916|p0460|p0404|p0459|p0461,0.685|0.667|0.658|0.649|0.627
p0464,Part 10: Majors and Courses,Majors (listed in alphabetical order),"Molecular Bioscience with Tracks in Biogeochemistry, Biophysics, Cell and Molecular Biology, Genetics and Genomics",Major Programs,189,"Finally, students who choose the Biogeochemistry track will discover how the activities of biological systems and other chemical, physical, and geological processes drive the global or local cycles of chemicals like carbon and nitrogen, and ultimately lead to global environmental change. These students, with their interdisciplinary training in molecular bioscience with a focus on ecosystem science, will be uniquely prepared to solve existential challenges like human-mediated global climate change and environmental degradation.",72,8,Chem / Phys / Intgsci,7.53691,-1.9230094,0.5330355167388916,0,p0403|p0404|p0653|p0402|p0405,0.919|0.670|0.664|0.663|0.654
p0465,Part 10: Majors and Courses,Majors (listed in alphabetical order),"Molecular Bioscience with Tracks in Biogeochemistry, Biophysics, Cell and Molecular Biology, Genetics and Genomics / Molecular Bioscience / Genetics and Genomics",Major Programs,196,BIOL 403 Experimental Methods in Functional Genomics 4 BIOL 407 Population Genomics and Molecular Evolution 4,16,8,Chem / Phys / Intgsci,6.8347893,-2.048347,0.08728015422821045,1,p0408|p0496|p0438|p0439|p0492,0.540|0.539|0.518|0.507|0.503
p0466,Part 10: Majors and Courses,Majors (listed in alphabetical order),"Political Economy with tracks in Economics, Political Science, and Public Policy",Major Programs,198,"Within the field of international relations in general, and international political economy in particular, interested Duke Kunshan University students will have a chance to explore--both broadly and deeply, a large array of the world's most pressing issues--issues that will determine the balance between peace and conflict over the coming decades. Given the growing impact of globalization and the rather profound structural changes occurring in international affairs, it is imperative that we train a new generation of international relations theorists and practitioners who can appreciate, manage and lead in the increasingly complex world that we face on a daily basis.",99,5,Authoritarian / Regulatory / Polsci,11.036213,0.5984929,0.5162259936332703,0,p0981|p0971|p0976|p0467|p0978,0.638|0.622|0.593|0.586|0.568
p0467,Part 10: Majors and Courses,Majors (listed in alphabetical order),"Political Economy with tracks in Economics, Political Science, and Public Policy",Major Programs,198,"The field of international political economy utilizes an interdisciplinary approach to examine the reciprocal relationships between politics and markets, both within and among countries, employing a variety of analytical and research tools, including those of economics. Its concerns include interactions among economic and political development; cooperation and conflict among nations, groups, and individuals; the distribution of material resources and political/economic power; the effects of political actors and institutions on economic outcomes and vice versa; the causes and consequences of technological change, growth, and globalization; and regulation and global governance. The curriculum will provide students an overview of the changing face of international relations as well as impart to them the critical tools and techniques that inform the study of international political economy. Students will have an opportunity to examine and assess a broad range of global issues using the lens and conceptual frameworks of political economy. Students can choose among the three disciplinary tracks: Economics, Political Science, or Public Policy.",160,5,Authoritarian / Regulatory / Polsci,10.512097,0.46746567,0.5165027379989624,0,p0951|p0441|p0959|p0971|p0981,0.732|0.710|0.648|0.587|0.587
p0468,Part 10: Majors and Courses,Majors (listed in alphabetical order),"Political Economy with tracks in Economics, Political Science, and Public Policy / Political Economy / Economics",Major Programs,199,ECON 211 Intelligent Economics: An Explainable AI approach 4 POLECON 211 Risk Analysis and Forecasting 2,16,3,Econ / Pricing / Microeconomics,9.186731,-1.8113375,0.23013059794902802,1,p0614|p0952|p0608|p0607|p0627,0.666|0.653|0.505|0.489|0.488
p0469,Part 10: Majors and Courses,Majors (listed in alphabetical order),"Political Economy with tracks in Economics, Political Science, and Public Policy / Political Economy / Public Policy",Major Programs,204,PUBPOL 315 / Economics of the Public Sector 4 ECON 315 Choose one course from the following two courses,19,3,Econ / Pricing / Microeconomics,9.346415,-1.0311396,0.5566023588180542,0,p0446|p1028|p0623|p1019|p1020,0.971|0.702|0.681|0.552|0.549
p0470,Part 10: Majors and Courses,Majors (listed in alphabetical order),"Political Economy with tracks in Economics, Political Science, and Public Policy / Political Economy / Public Policy",Major Programs,205,POLSCI 315 American Politics in Comparative Perspective 4 PUBPOL 316/ The Modern Regulatory State 4 HIST 316,17,5,Authoritarian / Regulatory / Polsci,9.934925,-0.35254586,0.3704570531845093,0,p1018|p0444|p1029|p0964|p0991,0.660|0.619|0.614|0.595|0.581
p0471,Part 10: Majors and Courses,Majors (listed in alphabetical order),"US Studies with tracks in American History, American Literature, Political Science, and Public Policy",Major Programs,207,"America is a unique experiment in self-governance, economic formation, and cultural production. It is rooted in Puritan settlement and the American Revolution and has been reshaped from the beginning by racial, religious, regional, linguistic, and sexual minorities upwardly mobile and on- the-make. U.S. nationality therefore includes both patriotic nationalism and pointed dissent. There is also a long history to U.S. connections with Asia and of Asian—especially Chinese—impact on the United States, which is now taking on ever greater force as China and the United States engage on the global stage.",90,11,Asia / Migration / Ethnic,11.380014,1.5639032,0.3067386746406555,0,p0961|p0738|p0472|p0800|p0786,0.705|0.597|0.592|0.582|0.579
p0472,Part 10: Majors and Courses,Majors (listed in alphabetical order),"US Studies with tracks in American History, American Literature, Political Science, and Public Policy",Major Programs,207,"US Studies fosters understanding of the ideas, cultures, art, institutions, aspirations, and realities that have played an important role in the development of American society and public life. Particular attention is paid to core ideas of American citizenship and to the ways in which institutions have facilitated and constrained efforts by marginalized groups to achieve full citizenship. U.S. Studies is therefore both an appreciation and a critique. It captures the utopian impulse in the American narrative, its far-reaching and inspiring vision, and its many successes including the achievement of a revelatory ironic and self-critical literature. It also examines ideas of nationhood that transcend national boundaries and forms of nationalist ideology that have produced anti-nationalist dissent. The courses offered in the program examine the formation of historical, philosophical, religious, social, artistic and political traditions that shape American political thought, institutions, culture and literature. Students can choose among four disciplinary tracks with the overall US Studies major: American History, American Literature, Political Science, and Public Policy.",164,4,Violence / Migration / Migrations,10.981829,1.5028362,0.47375887632369995,0,p0961|p0723|p0780|p0722|p1087,0.687|0.672|0.651|0.645|0.628
p0473,Part 10: Majors and Courses,Majors (listed in alphabetical order),"US Studies with tracks in American History, American Literature, Political Science, and Public Policy / US Studies / American History",Major Programs,208,"And an additional 4-credit American History course (200-400 level) (i.e., history 4 courses among the electives recommended for this major)",20,1,Physedu / Japanese / Italian,15.034262,6.085406,0.6081607341766357,0,p0474|p0396|p0454|p0433|p0395,0.939|0.905|0.896|0.878|0.876
p0474,Part 10: Majors and Courses,Majors (listed in alphabetical order),"US Studies with tracks in American History, American Literature, Political Science, and Public Policy / US Studies / American History",Major Programs,208,"And one 4-credit non-American History course (100-400 level) (i.e., any history 4 course not listed among the electives recommended for this major)",22,1,Physedu / Japanese / Italian,15.05773,6.069774,0.60504150390625,0,p0396|p0454|p0473|p0424|p0433,0.966|0.959|0.939|0.924|0.869
p0475,Part 10: Majors and Courses,Majors (listed in alphabetical order),"US Studies with tracks in American History, American Literature, Political Science, and Public Policy / US Studies / American Literature",Major Programs,210,And two 4-credit courses (200 level or above) from the American Literature 8 Electives Electives,15,1,Physedu / Japanese / Italian,14.951482,6.1972036,0.5275574922561646,0,p0473|p0474|p0396|p0454|p0070,0.774|0.749|0.719|0.719|0.701
p0476,Part 10: Majors and Courses,Majors (listed in alphabetical order),"US Studies with tracks in American History, American Literature, Political Science, and Public Policy / US Studies / Political Science",Major Programs,213,POLSCI 303 International Politics of East Asia 4 POLSCI 311/ SOCIOL 311/ The Political and Social Thought of Hannah Arendt 4 PHIL 311,23,5,Authoritarian / Regulatory / Polsci,11.33536,0.077757165,0.48921939730644226,0,p0429|p0391|p0987|p0418|p0905,0.783|0.783|0.738|0.723|0.698
p0477,Part 10: Majors and Courses,Course Descriptions,Courses with Course Subject: Arts (ARTS),Course Descriptions,217,"ARTS 21 General Art, Studio (4 credits) Credit for advanced placement on the basis of the College Board examination in Studio Art.",22,1,Physedu / Japanese / Italian,15.221938,5.1289887,0.38343605399131775,0,p0713|p0630|p0629|p0674|p0818,0.733|0.667|0.627|0.621|0.609
p0478,Part 10: Majors and Courses,Course Descriptions,Courses with Course Subject: Arts and Humanities (ARHU),Course Descriptions,218,"ARHU 101: The Art of Interpretation: Written Texts (4 credits) Training in close reading and analysis of text remains a foundational skill in the arts and humanities, whether the text is literary or documentary. This core course combines practical training in close reading of a variety of texts, with strategies of analysis that are theoretically informed without, however, offering a comprehensive treatment of theory per se. The course will focus both on reading and analysis of literary texts, and on the nuanced unpacking of documents (official, unofficial, personal) with a view to historical method. Prerequisite(s): None",96,0,Audio / Digital / Mediart,11.003329,3.0760627,0.5546197891235352,0,p0479|p0799|p0632|p0721|p0633,0.707|0.649|0.564|0.502|0.498
p0479,Part 10: Majors and Courses,Course Descriptions,Courses with Course Subject: Arts and Humanities (ARHU),Course Descriptions,218,"ARHU 102: The Art of Interpretation: Images and Sound (4 credits) This class will train students to develop skill and sophistication in viewing and analysis of images, including art objects, film, and new media; and in sound studies, including sonic culture, film music, and traditional musical arts. The goal is audiovisual literacy – the creation and interpretation of sound and image that has become central to the ways we experience and understand the world. This core course combines practical training (how to see, how to hear) with a variety of modes of analysis. Prerequisite(s): None",95,0,Audio / Digital / Mediart,10.709122,3.2413359,0.5132083296775818,0,p0478|p0868|p0862|p0844|p0637,0.707|0.615|0.554|0.541|0.541
p0480,Part 10: Majors and Courses,Course Descriptions,Courses with Course Subject: Behavior Science (BEHAVSCI),Course Descriptions,219,"BEHAVSCI 101 Introduction to Behavioral Science (4 credits) This course provides a broad overview of the research methods and applications of behavioral science. It introduces core phenomena of human behavior including but not limited to decision making, perception and action, and group interactions. It also considers how behavior is influenced by institutions (e.g., governmental policies, business, and environment). The course is expressly interdisciplinary, drawing upon theories and empirical research in psychology, behavioral economics, political science, and other social sciences.",79,9,Behavsci / Neurosci / Psych,10.352088,-1.6268055,0.5288116335868835,0,p0481|p0483|p0488|p0482|p0366,0.838|0.786|0.771|0.757|0.669
p0481,Part 10: Majors and Courses,Course Descriptions,Courses with Course Subject: Behavior Science (BEHAVSCI),Course Descriptions,219,"BEHAVSCI 102 Mechanisms of Human Behavior (4 credits) This course introduces students to the primary empirical approaches in behavioral science through a combination of directed readings and hands-on experience with the primary methods in the field. Students will design, conduct, and analyze experiments that explore perception, action, and decision making in a laboratory setting. Students will also explore complex social behavior by implementing online experiments and analyzing the resulting data. Prerequisite(s): BEHAVSCI 101",73,9,Behavsci / Neurosci / Psych,10.402264,-1.6717013,0.5538253784179688,0,p0480|p0482|p0488|p0483|p0484,0.838|0.735|0.728|0.694|0.639
p0482,Part 10: Majors and Courses,Course Descriptions,Courses with Course Subject: Behavior Science (BEHAVSCI),Course Descriptions,219,"BEHAVSCI 201 Individuals and Their Decisions (4 credits) This course is a team-taught, question-driven introduction to the certificate and the fundamentals of how humans make decisions. The primary goal is to provide hands-on and problem-focused instruction designed to connect students to research as quickly as possible. Substantive topics include behavioral and experimental economics, consumer behavior and marketing research, game theory, medical decision making, neuroeconomics, and political psychology. Prerequisite(s): BEHAVSCI 102",70,9,Behavsci / Neurosci / Psych,10.311947,-1.6535246,0.6028799414634705,0,p0480|p0488|p0481|p0489|p0483,0.757|0.744|0.735|0.702|0.694
p0483,Part 10: Majors and Courses,Course Descriptions,Courses with Course Subject: Behavior Science (BEHAVSCI),Course Descriptions,219,"BEHAVSCI 202 Institutions, Groups, and Society (4 credits) Through this course, students will gain a deeper appreciation of how the behavior of individuals is influenced by macroscopic factors: group memberships and identity, commercial and political institutions, and cultural and societal norms. Sample topics include voting behavior, legal decision making, how diversity shapes group dynamics, cross-cultural differences in perception and decision making, and the rise and fall of cultural memes. The course will also explore the incorporation of behavioral science into public policy through “nudges” that can shape individual behavior. Prerequisite(s): BEHAVSCI 102",92,9,Behavsci / Neurosci / Psych,10.350404,-1.4760455,0.572577714920044,0,p0480|p0488|p0482|p0481|p0489,0.786|0.753|0.694|0.694|0.585
p0484,Part 10: Majors and Courses,Course Descriptions,Courses with Course Subject: Behavior Science (BEHAVSCI),Course Descriptions,220,"BEHAVSCI 203 Comparative Analysis of Behavior (4 credits) This course explores commonalities and differences in behavior across species, with a particular focus on how behavior has been shaped by evolutionary pressures (e.g., ecological niches). It will identify ways in which human behavior is mirrored in other great ape species, while also considering evidence for and against uniquely human behavioral capacities. The course will draw upon concepts from psychology, evolutionary anthropology, and related disciplines. Prerequisite(s): PSYCH 101 or NEUROSCI 102",79,9,Behavsci / Neurosci / Psych,10.471395,-1.74521,0.49317365884780884,0,p0481|p0885|p0480|p0992|p0482,0.639|0.594|0.590|0.500|0.491
p0485,Part 10: Majors and Courses,Course Descriptions,Courses with Course Subject: Behavior Science (BEHAVSCI),Course Descriptions,220,"BEHAVSCI 204 Experimental Philosophy (4 credits) This course investigates the interrelations between the experimental methods of the social/neural sciences and the fundamental questions of philosophy. Students will consider whether and how empirical research could influence a range of philosophical ideas; key topics include the nature of free will, questions of personal responsibility, and ethical judgments and decisions. The limitations of empirical methods – and the challenges of integrating theories across disciplines – will also be explored.",76,9,Behavsci / Neurosci / Psych,10.532051,-1.6202877,0.4665148854255676,0,p0481|p0482|p0366|p0900|p0480,0.613|0.588|0.584|0.566|0.564
p0486,Part 10: Majors and Courses,Course Descriptions,Courses with Course Subject: Behavior Science (BEHAVSCI),Course Descriptions,220,"BEHAVSCI 205 Systems and Circuits (4 credits) This course will focus on how brain mechanisms enable behavior. We will examine the neural basis of homeostatic control, voluntary actions, motivation, emotion, and decision making. We will use systems analysis to elucidate how volition, intentionality, and purpose can be emergent properties of neuronal interactions. We will also explore how different neurological and psychiatric disorders can result from specific defects in hierarchical neural networks. Addiction, mental health disorders. Prerequisite(s): NEUROSCI 102",78,9,Behavsci / Neurosci / Psych,10.620697,-1.90889,0.29492855072021484,0,p0885|p0886|p0487|p0887|p0481,0.697|0.589|0.559|0.557|0.555
p0487,Part 10: Majors and Courses,Course Descriptions,Courses with Course Subject: Behavior Science (BEHAVSCI),Course Descriptions,220,"BEHAVSCI 301 Computational Neuroscience (4 credits) Students will explore a variety of computational models that have been applied to brain physiology and function. The course will emphasize both understanding of the theoretical underpinnings of those models and applying those models within simulations or data analyses. It will span levels of analysis from neural circuits (e.g., computations in local populations of neurons) to high-level cognition and behavior (e.g., coding properties within sensory systems). The course will include hands-on laboratory exercises; thus, prior programming experience is recommended. Prerequisite(s): NEUROSCI 102",88,9,Behavsci / Neurosci / Psych,10.675809,-2.0621688,0.4150649607181549,0,p0888|p0886|p0887|p0486|p0481,0.657|0.616|0.561|0.559|0.549
p0488,Part 10: Majors and Courses,Course Descriptions,Courses with Course Subject: Behavior Science (BEHAVSCI),Course Descriptions,220,"BEHAVSCI 401 Moving Beyond Nudges (4 credits) This capstone course explores the ethical issues associated with the rise of behavioral science, with particular focus on the intersections between individual autonomy and policy. It is organized around a series of case studies that illustrate applications of behavioral science to different domains; students will work in groups to analyze those applications and their impact upon society. Topics will be drawn from both past and current events, and could include legal decision making, the impact of nudging policies upon disadvantaged groups, new intrusive forms of marketing, the rise of misinformation in news media, or how advances in technology limit human behavior (e.g., self- driving cars). Students will gain skills in analyzing complex problems, formulating policies, and communicating potential solutions. Prerequisite(s): BEHAVSCI 201, BEHAVSCI 202",131,9,Behavsci / Neurosci / Psych,10.234301,-1.513507,0.5554726123809814,0,p0480|p0483|p0482|p0481|p0366,0.771|0.753|0.744|0.728|0.634
p0489,Part 10: Majors and Courses,Course Descriptions,Courses with Course Subject: Behavior Science (BEHAVSCI),Course Descriptions,221,"BEHAVSCI 402 Judgement and Decision Making (4 credits) Building upon the foundational courses in this disciplinary track, this course explores how psychological processes shape human judgment and decision making. Core concepts include understanding rational choice models and their limitations; decision variables like probability, ambiguity, and risk; applications of heuristics to decision making; effective and ineffective uses of incentives; decision rules and aids; and types of interventions that can shape choices. Prerequisite(s): PSYCH 101, and completion of any courses from Clusters I or II",83,9,Behavsci / Neurosci / Psych,10.446901,-1.6149035,0.4593234658241272,0,p0482|p0480|p0483|p0488|p0481,0.702|0.596|0.585|0.579|0.565
p0490,Part 10: Majors and Courses,Course Descriptions,Courses with Course Subject: Biology (BIOL),Course Descriptions,222,BIOL 20 General Biology (4 credits) Credit for Advanced Placement on the basis of the College Board Examination in Biology.,20,8,Chem / Phys / Intgsci,7.1463814,-2.2469664,0.3722148835659027,0,p0505|p0641|p1068|p0491|p0477,0.677|0.600|0.589|0.585|0.585
p0491,Part 10: Majors and Courses,Course Descriptions,Courses with Course Subject: Biology (BIOL),Course Descriptions,222,"BIOL 110 Integrated Science – Biology (4 credits) Integrated Science-Biology employs five themes that describe properties of life and will be reiterated over again in Integrated Science-Biology: Organization (Structure and Function), Cycling of Energy and Matter, Information (Genetic Variation), Homeostasis (Interactions), and Evolution. These themes will be unified under the organizational principles of the Scientific Methods, formulating hypothesis and testing hypothesis with experiments. Students in Integrated Science- Biology will develop the understanding of key concepts in the context of cross-talks with chemistry and physics. While no previous knowledge is required, some background is advantageous. Prerequisite(s): None",96,8,Chem / Phys / Intgsci,7.2764006,-2.4588764,0.44783633947372437,0,p0771|p0507|p0459|p0460|p0463,0.633|0.625|0.621|0.609|0.596
p0492,Part 10: Majors and Courses,Course Descriptions,Courses with Course Subject: Biology (BIOL),Course Descriptions,222,"BIOL 201 Cell and Molecular Biology (4 credits) Introduces major concepts in eukaryotic cell biology with a focus on molecular biology. A major emphasis is placed on transcription, translation, protein targeting and transport. In addition, the structure and function of organelles and how they function in metabolism and energetics will be examined. The role of the cytoskeleton and extra cellular matrix in governing cell shape and motility will be addressed as well as the genetic regulation of DNA replication and its place in the cell cycle and how disruption of either can lead to cancer. The laboratory portion of the class would introduce common laboratory molecular biology techniques like DNA isolation, PCR, cloning, sequencing, immunocytochemistry and fluorescent microscopy. Prerequisite(s): INTGSCI 102; or, BIOL 110 and CHEM 110 or 120",129,8,Chem / Phys / Intgsci,6.85853,-2.241411,0.28828588128089905,1,p0499|p0497|p0498|p0438|p0502,0.632|0.587|0.563|0.548|0.523
p0493,Part 10: Majors and Courses,Course Descriptions,Courses with Course Subject: Biology (BIOL),Course Descriptions,222,"BIOL 202 Genetics and Evolution (4 credits) Examines the structure and function of genomics and the flow of genomic information from parent to progeny and through populations. Changes in genetic makeup underlie important biological processes from disease to adaptation and evolution. Topics include classical transmission genetics (inheritance, assortment, and recombination), bacterial and phage genetics, gene regulation, genome structure and stability, mutation and repair, population genomics, complex trait inheritance evaluation and modern genomic techniques. The laboratory portion examines genetic inheritance in common laboratory model systems like yeast and Drosophila with projects that show what can be learned about gene function by the examination of mutants. Mutants will be created by random mutagenesis as well as targeted recombination and CRISPR. Prerequisite(s): INTGSCI 102 or BIOL 110 BIOL 203 Molecular, Behavioral and Social Evolution: Darwin’s Theories Between Science and Culture (4 credits) BIOL 203 examines Darwin’s theories of natural selection and evolution through multiple lenses in scientific and humanistic disciplines. This course covers the key concepts of biological evolution, examines how simple behaviors evolve in animals and humans, and explores current ideas about the evolution of complex social behaviors and societies. The course will also introduce students to the thinkers that influenced Darwin, such as economist Thomas Malthus and geologist Charles Lyell, as well as to Darwin’s influence on later thinkers from political theorist Karl Marx to historian Yuval Noah Harari. Discussion of these topics will be grounded in scientific case studies while also considering the impact of these theories on representations of gender, race and nature in popular culture, film and media. Prerequisite(s): INTGSCI 101 or BIOL 110 or Consent of the Instructor",271,8,Chem / Phys / Intgsci,6.9281726,-1.993132,0.3715386390686035,0,p0439|p0408|p0496|p0462|p0710,0.632|0.630|0.578|0.547|0.536
p0494,Part 10: Majors and Courses,Course Descriptions,Courses with Course Subject: Biology (BIOL),Course Descriptions,223,"BIOL 208 General Ecology (4 credits) Humans are the dominant species on Earth and ecology is key to understanding the multiple feedbacks through which their activities affect human health. Fundamental principles of ecology, from population to ecosystem levels, will be examined through the lens of human health. Topics include human population growth and carrying capacity, why we age, infectious disease dynamics, the microbiome and human health, sustainable agriculture and food security, sustainable harvest of wild foods, dynamics of pollutants in food webs, ecosystem services to humans, and human impacts of climate change. Prerequisite(s): None",94,8,Chem / Phys / Intgsci,7.264421,-1.6860155,0.3324161767959595,0,p0701|p0500|p0495|p0664|p0464,0.651|0.614|0.547|0.534|0.524
p0495,Part 10: Majors and Courses,Course Descriptions,Courses with Course Subject: Biology (BIOL),Course Descriptions,223,"BIOL 212 Microbiology (4 credits) This course examines a number of different types of microbes including bacteria, archaea, fungi and viruses. Classical and modern approaches to the study of microorganisms and their roles/applications in everyday life, food, medicine, research and the environment. Topics covered include microbial cell structure/function, growth, genetics, energetics/metabolism, evolution and ecology. Virology topics include structure, life cycle, modes of transmission and host ranges. Additional examination of the role of microorganisms in disease, infection and immunology. The laboratory portion would stress aseptic technique and microbial culture; molecular, cytochemical, and physiological tests for microbial identification; and fermentation and its products for food and industrial production. Prerequisite(s): BIOL 201 or Consent of the Instructor",114,8,Chem / Phys / Intgsci,7.0689793,-2.1678374,0.36072054505348206,0,p0494|p0500|p0497|p0509|p0492,0.547|0.505|0.496|0.494|0.461
p0496,Part 10: Majors and Courses,Course Descriptions,Courses with Course Subject: Biology (BIOL),Course Descriptions,223,"BIOL 304 Molecular Genetic Analysis (4 credits) A range of genetic traits can be mapped and investigated using molecular approaches. Here we will utilize several model systems to examine different molecular methods to identify genetic traits ranging from single gene complementation/rescue in yeast to recombination and SNP mapping in Drosophila to whole genome association studies in human populations. Prerequisite(s): BIOL 201, BIOL 202",63,8,Chem / Phys / Intgsci,6.8489857,-2.0425756,0.14424455165863037,1,p0493|p0465|p0408|p0439|p0462,0.578|0.539|0.469|0.443|0.408
p0497,Part 10: Majors and Courses,Course Descriptions,Courses with Course Subject: Biology (BIOL),Course Descriptions,224,"BIOL 305 Introduction to Biochemistry (4 credits) Provides an introduction to the chemistry of biological macromolecules from the single molecule to cellular metabolism to the whole organism level. Protein biochemistry topics include protein synthesis, folding and structure, enzyme catalysis and kinetics, and analysis methods. Cellular metabolism topics include glycolysis, gluconeogenesis, the Krebs cycle, oxidative phosphorylation, and fatty acid and amino acid metabolism. Whole organism biochemistry/physiology topics include glycogen storage, insulin signaling and diabetes. Prerequisite(s): CHEM 201",76,8,Chem / Phys / Intgsci,6.8960943,-2.3366847,0.295523077249527,0,p0517|p0492|p0709|p0509|p0504,0.637|0.587|0.555|0.518|0.518
p0498,Part 10: Majors and Courses,Course Descriptions,Courses with Course Subject: Biology (BIOL),Course Descriptions,224,"BIOL 306 Cell Signaling and Diseases (4 credits) During the past several decades, exploration in basic research has yielded extensive knowledge about the numerous and intricate signaling processes involved in the development and maintenance of a functional organism. In order to demonstrate the importance and processes of cellular communication, this course will focus on cell signaling mechanisms and diseases resulting from their malfunction, such as cancer, stroke, and neuron degeneration (including Parkinson's disease, Alzheimer's disease, Huntington's disease, and Amyotrophic lateral sclerosis). Students will be exposed to current literature and cutting edge knowledge. Prerequisite(s): BIOL 201",95,8,Chem / Phys / Intgsci,6.8819237,-2.1169453,0.30047857761383057,0,p0499|p0492|p0502|p0709|p0497,0.635|0.563|0.542|0.531|0.502
p0499,Part 10: Majors and Courses,Course Descriptions,Courses with Course Subject: Biology (BIOL),Course Descriptions,224,"BIOL 307 Cancer Genetics (4 credits) Overview of the genetic changes associated with cancer and the molecular events that transform normal cellular processes into tumor-promoting conditions. Topics include: tumor viruses, oncogenes, growth factors, signal transduction pathways, tumor suppressors, cell cycle control, apoptosis, genome instability, stem cells, metastasis, and current therapeutic approaches. Prerequisite(s): BIOL 201, BIOL 202",56,8,Chem / Phys / Intgsci,6.7990866,-2.1097996,0.2362309694290161,1,p0498|p0492|p0502|p0465|p0497,0.635|0.632|0.556|0.474|0.461
p0500,Part 10: Majors and Courses,Course Descriptions,Courses with Course Subject: Biology (BIOL),Course Descriptions,224,"BIOL 308 Evolution of Infectious Diseases (4 credits) Covers the physiology and the ecological and evolutionary dynamics of a suite of infectious diseases. Case studies include influenza, cholera, HIV, and myxomatosis, among others, with an emphasis on pathogens infecting humans. Topics include: basic immunology, the physiology of different disease processes and transmission, the role of population size on disease transmission, the effects of climate and behavioral changes on disease dynamics, networks of disease spread, spatial spread of disease, evolution of virulence, antigenic evolution, emerging infectious diseases. Prerequisite(s): BIOL 201, BIOL 202",91,8,Chem / Phys / Intgsci,7.0034175,-1.8226457,0.20540662109851837,1,p0494|p0710|p0493|p0700|p0495,0.614|0.553|0.522|0.510|0.505
p0501,Part 10: Majors and Courses,Course Descriptions,Courses with Course Subject: Biology (BIOL),Course Descriptions,225,"BIOL 309 Comparative Vertebrate Anatomy (4 credits) The structure, function and evolution of the vertebrate body systems including skeletal, digestive, circulatory, respiratory and nervous systems. Emphasis on understanding the functional, evolutionary and developmental basis for the similarities and difference observed among living vertebrates. In addition, examination of the physiological principles that function within these systems using examples like neural control, gas exchange, movement, excretion and metabolism. The laboratory portion will examine the various systems (muscular, skeletal, nervous, etc.) of human and non-human anatomical specimens. It will also include experiments examining the physiological aspects of the nervous, and respiratory systems. Prerequisite(s): Consent of the instructor",104,8,Chem / Phys / Intgsci,7.2675505,-2.5016143,0.2293042540550232,1,p0504|p0886|p0709|p0916|p0502,0.550|0.468|0.456|0.448|0.448
p0502,Part 10: Majors and Courses,Course Descriptions,Courses with Course Subject: Biology (BIOL),Course Descriptions,225,"BIOL 310 Developmental Biology: Development, Stem Cells, and Regeneration (4 credits) Mechanisms of fertilization, control of cell divisions, diversification of cell types, organization and differentiation of cells and tissues of the organism, and patterning necessary to establish the body plan of many organisms including vertebrates, invertebrates and plants. Included among these mechanisms are the roles of transcription factors in controlling the trajectories toward tissues, signal transduction, morphogenetic movements, and other mechanisms used by different plants and animals to build a functional adult. Also includes stem cell biology, regeneration of tissues, sex determination, and evolutionary mechanisms of diversification. Prerequisite(s): BIOL 201",100,8,Chem / Phys / Intgsci,6.844283,-2.0780168,0.23658159375190735,1,p0499|p0498|p0493|p0492|p0408,0.556|0.542|0.534|0.523|0.480
p0503,Part 10: Majors and Courses,Course Descriptions,Courses with Course Subject: Biology (BIOL),Course Descriptions,225,"BIOL 311 Biogeochemistry (4 credits) Biogeochemistry is the study of how chemical elements flow through living systems and their physical environments. This course will investigate the factors that influence the cycling of those elements that are essential to life as well as the liberation, transport and exposure pathways of toxic trace elements. Concepts of nutrient limitation, element stoichiometry, primary productivity and carbon sequestration will be covered in depth, and will be applied to the study of human impacts on the global biogeochemical cycles of water, carbon, nutrients and trace metals. Prerequisite(s): INTGSCI 102; or, BIOL 110, and CHEM 110 or 120",101,8,Chem / Phys / Intgsci,7.3887906,-1.6510818,0.25989627838134766,1,p0653|p0403|p0464|p0650|p0655,0.984|0.677|0.643|0.623|0.583
p0504,Part 10: Majors and Courses,Course Descriptions,Courses with Course Subject: Biology (BIOL) / BIOL 315 Experimental Molecular Biology (4 credits),Course Descriptions,226,"BIOL 316 Quantitative Physiology (4 credits) This course is a mathematical examination of processes in human physiological systems including pressure and electrical forces, concentration, kinetics and diffusion and mechanical forces. Examples of each will be discussed in the nervous, cardiovascular, renal, gastrointestinal, respiratory, and endocrine systems. The laboratory portion will complement the lecture topics and use detailed statistical analysis of data. Prerequisite(s): MATH 101 or MATH 105; BIOL 110; MATH 205 or STATS 101",74,8,Chem / Phys / Intgsci,7.370396,-2.7166257,0.36903828382492065,0,p0841|p0916|p0709|p0772|p0501,0.599|0.594|0.562|0.558|0.550
p0505,Part 10: Majors and Courses,Course Descriptions,Courses with Course Subject: Chemistry (CHEM),Course Descriptions,231,CHEM 20 General Chemistry (4 credits) Credit for Advanced Placement on the basis of the College Board Examination in Chemistry.,20,8,Chem / Phys / Intgsci,6.8157644,-2.6437354,0.369601845741272,0,p0506|p0510|p0490|p0507|p0512,0.717|0.684|0.677|0.659|0.645
p0506,Part 10: Majors and Courses,Course Descriptions,Courses with Course Subject: Chemistry (CHEM),Course Descriptions,231,"CHEM 105: Chemistry in Context (4 credits) This course is a chemistry course aimed at students of non-science majors. Through the lenses of topical issues, this course allows students majoring in a non-science field to experience the process of science, investigating how science works, its potential and limitations, and how science and society influence/impact each other. Topics are variable but will seek to engage students in concepts that illuminate their everyday lives. Inquiry-based laboratory exercises will support the theoretical framework of the course. Prerequisite: None. Not open to students who have credits for INTGSCI 101 or CHEM 110.",98,8,Chem / Phys / Intgsci,6.8019495,-2.6638272,0.5107008218765259,0,p0507|p0510|p0512|p0508|p0505,0.829|0.801|0.780|0.765|0.717
p0507,Part 10: Majors and Courses,Course Descriptions,Courses with Course Subject: Chemistry (CHEM),Course Descriptions,231,"CHEM 110 Integrated Science – Chemistry (4 credits) With an integrated approach, this course examines basic concepts and fundamental principles in chemistry based on the laws of physics. The course starts with an introduction to the static structures of atoms, molecules and matter including life itself, followed by an exploration of the dynamical and collective processes during chemical reactions. It explains how atoms, the basic building blocks of matter, interact with each other and construct the world around us, how subatomic electrons modulate the chemical properties of elements, and how the rearrangement of atoms during chemical reactions gives rise to astonishing phenomena in nature. Centered on topics in chemistry, this course not only prepares students for upper-level disciplinary courses, but also helps students develop an interdisciplinary molecular perspective, which allows them to tackle problems in various fields such as condensed matter physics, molecular biology, medicine, materials science and environmental science. While no previous knowledge is required, some background is advantageous. Not open to students who have credits for both INTGSCI 101 and 102 or CHEM 120 Prerequisite(s): None",178,8,Chem / Phys / Intgsci,6.8428364,-2.7216532,0.4942364990711212,0,p0506|p0510|p0512|p0508|p0516,0.829|0.819|0.790|0.790|0.747
p0508,Part 10: Majors and Courses,Course Descriptions,Courses with Course Subject: Chemistry (CHEM),Course Descriptions,231,"CHEM 120 Core Concepts in Chemistry: An Environmental Perspective (4 credits) Current challenges and opportunities in environmental science require a foundational knowledge of core concepts in chemistry. In this course, students will learn core chemical concepts including properties of gases and solutions, thermodynamics, kinetics, equilibrium, electrochemistry and nuclear chemistry as they apply to the understanding of ozone depletion, photochemical smog, climate change, acid deposition, dissolved oxygen, pH, alkalinity and alternative energy sources. Prerequisite(s): INTGSCI 101; MATH 101 or 105",79,8,Chem / Phys / Intgsci,6.9632497,-2.6579294,0.486844539642334,0,p0507|p0506|p0510|p0512|p0511,0.790|0.765|0.753|0.726|0.690
p0509,Part 10: Majors and Courses,Course Descriptions,Courses with Course Subject: Chemistry (CHEM),Course Descriptions,232,"CHEM 130 Science of Cooking (4 credits) Course material includes an introduction to the structure of molecules as well as their inter- and intramolecular interactions, with an emphasis on those species of importance to food and cooking. Additional science topics include cell structure of plants and meats and methods of heat transfer. Chemical reactivity as it relates to cooking, fermentation, food preservation and spoilage will also be discussed. Prerequisite(s): None",70,8,Chem / Phys / Intgsci,6.773654,-2.6477108,0.38560014963150024,0,p0510|p0511|p0517|p0507|p0506,0.627|0.616|0.593|0.587|0.580
p0510,Part 10: Majors and Courses,Course Descriptions,Courses with Course Subject: Chemistry (CHEM),Course Descriptions,232,"CHEM 150 General Chemistry II (4 credits) This course is the continuation of the Integrated Science - Chemistry continuum, including intermolecular forces, states of matter, aqueous ionic equilibrium and solubility equilibrium, dynamics (kinetics and thermodynamics), electrochemistry, and nuclear chemistry. Lab experiments verifying related theories and utilizing data analysis are also part of the course. Prerequisite(s): INTGSCI 102 or CHEM 110 or CHEM 120",63,8,Chem / Phys / Intgsci,6.76219,-2.7223897,0.5007240772247314,0,p0507|p0506|p0512|p0508|p0516,0.819|0.801|0.773|0.753|0.725
p0511,Part 10: Majors and Courses,Course Descriptions,Courses with Course Subject: Chemistry (CHEM),Course Descriptions,232,"CHEM 201 Organic Chemistry I (4 credits) In this course students will learn to recognize organic chemical structures and reactions that are akin to those found in living cells, as well as learn the molecular underpinnings for the many consumer goods and products we encounter and use in daily life. In addition to covering the scientific principles and applications of organic chemistry, this course will also explore how a variety of organic molecules have had an impact on history, society, and global economics. Organic Chemistry I is both an introductory and survey course for learning the foundations of organic chemistry, and is sufficient to support further studies and coursework in the areas of biology, environmental sciences, and global health. Laboratory: techniques of separation, organic reactions and preparations, and systematic identification of compounds by their spectral and chemical properties. Prerequisite(s): INTGSCI 102 or CHEM 110 or CHEM 120",147,8,Chem / Phys / Intgsci,6.765922,-2.6061454,0.42348235845565796,0,p0507|p0510|p0506|p0438|p0508,0.738|0.724|0.711|0.690|0.690
p0512,Part 10: Majors and Courses,Course Descriptions,Courses with Course Subject: Chemistry (CHEM),Course Descriptions,233,"CHEM 301 Elements of Physical Chemistry (4 credits) The course introduces students to core concepts in physical chemistry including quantum chemistry, molecular structure, molecular spectroscopy, thermodynamics, and kinetics. The course also includes laboratory experiments illustrative of these topics, as well as instruction and practice in writing the laboratory notebook and formal laboratory reports. Prerequisite(s): CHEM 150 and PHYS 122",59,8,Chem / Phys / Intgsci,6.766216,-2.8395689,0.46821779012680054,0,p0516|p0507|p0506|p0510|p0508,0.824|0.790|0.780|0.773|0.726
p0513,Part 10: Majors and Courses,Course Descriptions,Courses with Course Subject: Chemistry (CHEM),Course Descriptions,233,"CHEM 315 Aqueous Geochemistry (4 credits) This course is designed to provide the student with an understanding of the fundamentals of aqueous geochemistry. This course focuses on the fundamental aquatic geochemical processes (e.g. mineral precipitation/dissolution, solution complexation, acid-base chemistry) that shape and transform the Earth's surface as a result of rock-water interactions, and associated impacts on the fate and transport of inorganic and organic contaminants in aqueous and geochemical environments. Topics to be covered include the chemical composition of soils, geochemical specalation, mineral weathering and stability, sorption and ion exchange, soil redox processes, chemical kinetics at environmental surfaces, and the nature, composition, structure, and properties of pollutants coupled with the major chemical mechanisms controlling the occurrence and mobility of chemicals in the environment. Prerequisite(s): INTGSCI 102 or CHEM 110 or CHEM 120",132,8,Chem / Phys / Intgsci,7.1314855,-2.0096083,0.39307883381843567,0,p0655|p0508|p0650|p0510|p0506,0.972|0.681|0.630|0.625|0.622
p0514,Part 10: Majors and Courses,Course Descriptions,Courses with Course Subject: Chemistry (CHEM),Course Descriptions,233,"CHEM 401 Analytical Chemistry (4 credits) Fundamentals of qualitative and quantitative measurement with emphasis on chemometrics, quantitative spectrometry, electrochemical methods, and common separation techniques, including laboratory experiments that illustrate various of these techniques. Prerequisite(s): CHEM 150 and CHEM 201",39,8,Chem / Phys / Intgsci,6.7767663,-2.697541,0.2964225709438324,0,p0510|p0506|p0511|p0512|p0516,0.612|0.598|0.585|0.583|0.556
p0515,Part 10: Majors and Courses,Course Descriptions,Courses with Course Subject: Chemistry (CHEM),Course Descriptions,233,"CHEM 402 - Inorganic Chemistry (4 credits) Bonding, structures, and reactions of inorganic compounds studied through physical chemical concepts. Prerequisite(s): CHEM 301",22,8,Chem / Phys / Intgsci,6.569267,-2.9615633,0.3452278673648834,0,p0516|p0518|p0512|p0510|p0507,0.729|0.703|0.693|0.659|0.659
p0516,Part 10: Majors and Courses,Course Descriptions,Courses with Course Subject: Chemistry (CHEM),Course Descriptions,233,CHEM 403 Advanced Topics in Physical Chemistry (4 credits) Builds on and extends the core concepts introduced in Elements of Physical chemistry. Advanced topics and recent developments in physical chemistry. Prerequisite(s): CHEM 301,33,8,Chem / Phys / Intgsci,6.6985984,-2.8489156,0.32490646839141846,0,p0512|p0507|p0515|p0510|p0506,0.824|0.747|0.729|0.725|0.704
p0517,Part 10: Majors and Courses,Course Descriptions,Courses with Course Subject: Chemistry (CHEM),Course Descriptions,234,"CHEM 404 Physical Biochemistry (4 credits) This course examines the theory and methods used to characterize the physical properties of biological macromolecules like DNA, RNA, and protein. A portion of the course will cover thermodynamics of biological macromolecules including both molecular measurements and statistical thermodynamic modeling. A second portion of the course will examine analysis methods including X-Ray diffraction, Spectroscopy, NMR, and Mass Spectrometry. Prerequisite(s): PHYS 122; BIOL 305",69,8,Chem / Phys / Intgsci,6.8273034,-2.820366,0.21402934193611145,1,p0497|p0516|p0509|p0512|p0510,0.637|0.597|0.593|0.570|0.560
p0518,Part 10: Majors and Courses,Course Descriptions,Courses with Course Subject: Chemistry (CHEM),Course Descriptions,234,"CHEM 410 Introduction to Materials Chemistry (4 credits) This course will cover a variety of different types of materials and their properties including solids (insulators, semiconductors, conductors, superconductors, magnetic materials), soft materials (polymers, gels, liquid crystals), nanoscale structures, and organic electronics. The application of basic chemical principles to problems in materials discovery, design, and characterization will be discussed. Topics covered will include inorganic solids, nanoscale materials, polymers, and biological materials, with specific focus on the ways in which atomic-level interactions dictate the bulk properties of matter. Prerequisite(s): CHEM 402",89,8,Chem / Phys / Intgsci,6.57293,-3.3438842,0.29771125316619873,0,p0515|p0516|p0919|p0815|p0507,0.703|0.684|0.681|0.644|0.628
p0519,Part 10: Majors and Courses,Course Descriptions,Courses with Course Subject: Chinese (CHINESE),Course Descriptions,235,"CHINESE 101A Beginning Chinese 1 – A (2 credits) This course is for students with little or no knowledge of the Chinese language, and is designed for building basic communicative proficiency in Mandarin Chinese. The course teaches speaking, listening, reading, and writing skills, but it places special emphasis on the oral communication skills needed for daily life interactions in Chinese, and students will be required to practice using Chinese for daily life tasks outside class. Students will begin learning to read basic high-frequency characters, and learn how to write characters properly with correct stroke order. Additionally students will learn about Chinese culture, especially as it relates to managing the daily tasks of life in China. This course is required for students in the CSL track who have not previously studied Chinese. Prerequisite(s): None",133,1,Physedu / Japanese / Italian,13.285437,4.576732,0.5669196248054504,0,p0521|p0523|p0528|p0520|p0534,0.920|0.828|0.801|0.794|0.792
p0520,Part 10: Majors and Courses,Course Descriptions,Courses with Course Subject: Chinese (CHINESE),Course Descriptions,235,CHINESE 101B Beginning Chinese 1 – B (2 credits) Continuation of CHINESE 101A. Prerequisite(s): CHINESE 101A,16,1,Physedu / Japanese / Italian,13.484959,4.5643377,0.5716294646263123,0,p0522|p0527|p0521|p0519|p0529,0.909|0.860|0.809|0.794|0.762
p0521,Part 10: Majors and Courses,Course Descriptions,Courses with Course Subject: Chinese (CHINESE),Course Descriptions,235,"CHINESE 102A Beginning Chinese 2 – A (2 credits) This course continues teaching basic communicative proficiency in Mandarin Chinese. As with CHINESE 101, the course teaches speaking, listening, reading, and writing skills. Special emphasis will be placed on learning the oral communication skills needed for daily life interactions in Chinese, and students will be expected to practice using Chinese for daily life tasks outside class. Students will learn to read high-frequency characters and learn how to write characters properly with correct stroke order. Additionally students will learn about Chinese culture, especially as it relates to managing the daily tasks of life in China. Prerequisite(s): CHINESE 101B or the equivalent.",109,1,Physedu / Japanese / Italian,13.240644,4.4903216,0.5784237384796143,0,p0519|p0528|p0534|p0520|p0526,0.920|0.861|0.810|0.809|0.808
p0522,Part 10: Majors and Courses,Course Descriptions,Courses with Course Subject: Chinese (CHINESE),Course Descriptions,235,CHINESE 102B Beginning Chinese 2 - B (2 credits) Continuation of CHINESE 102A Prerequisite(s): CHINESE 102A,16,1,Physedu / Japanese / Italian,13.718653,4.6103563,0.5408581495285034,0,p0520|p0527|p0529|p0521|p0537,0.909|0.894|0.841|0.784|0.775
p0523,Part 10: Majors and Courses,Course Descriptions,Courses with Course Subject: Chinese (CHINESE),Course Descriptions,236,"CHINESE 131A First Year Chinese for Heritage Learners 1 – A (2 credits) This course is designed for CSL track students who were raised in a Chinese-speaking environment and who are proficient in speaking and listening to Chinese in daily and social conversation, but who have little or no ability to read or write in Chinese. This course will focus on teaching these students to read and write in Chinese, improve their pronunciation and grammatical structures of Mandarin, and expand vocabulary beyond daily life. Students will develop these skills both through curricular activities (such as pair work, writing essays and diaries, and group work) and extracurricular activities (such as Chinese Table and Language Partners). Topics of the course range from home and social life to cultural and social issues. Prerequisite(s): None",131,1,Physedu / Japanese / Italian,13.323729,4.3451633,0.6188105940818787,0,p0525|p0530|p0532|p0526|p0524,0.935|0.911|0.894|0.878|0.831
p0524,Part 10: Majors and Courses,Course Descriptions,Courses with Course Subject: Chinese (CHINESE),Course Descriptions,236,CHINESE 131B First Year Chinese for Heritage Learners 1 - B (2 credits) Continuation of CHINESE 131A Prerequisite(s): CHINESE 131A,20,1,Physedu / Japanese / Italian,13.538933,4.4496145,0.5755577087402344,0,p0531|p0533|p0525|p0523|p0526,0.946|0.911|0.881|0.831|0.824
p0525,Part 10: Majors and Courses,Course Descriptions,Courses with Course Subject: Chinese (CHINESE),Course Descriptions,236,"CHINESE 132A First Year Chinese for Heritage Learners 2 – A (2 credits) This course is a continuation of CHINESE 131. This course will continue developing students’ reading and writing ability in Chinese, improving their pronunciation and their grasp of the grammatical structures of Mandarin, and expanding vocabulary beyond daily life. Students will develop these skills both through curricular activities (such as pair work, writing essays and diaries, and group work) and extracurricular activities (such as Chinese Table and Language Partners). Topics of the course will vary from home and social life to cultural and social issues. Prerequisite(s): CHINESE 131B or equivalent.",102,1,Physedu / Japanese / Italian,13.331911,4.2766867,0.5879566669464111,0,p0523|p0530|p0526|p0524|p0532,0.935|0.929|0.915|0.881|0.877
p0526,Part 10: Majors and Courses,Course Descriptions,Courses with Course Subject: Chinese (CHINESE),Course Descriptions,236,"CHINESE 132B First Year Chinese for Heritage Learners 2 – B (2 credits) Continuation of CHINESE 132A Prerequisite(s): CHINESE 132A CHINESE 201A Intermediate Chinese 1 - A This course is designed to help students continue building basic communicative proficiency in Mandarin Chinese. The primary emphasis is on oral communication skills, with a focus on conversations in Chinese, and students will be expected to find opportunities outside class to practice using their Chinese for social interaction. Students will also learn to read dialogues that provide good models of social interaction in Chinese, and will practice writing simple texts. Additionally students will learn about Chinese culture, especially as it relates to social interaction. Prerequisite(s): CHINESE 102B or equivalent",116,1,Physedu / Japanese / Italian,13.381532,4.2433343,0.5859470963478088,0,p0525|p0530|p0523|p0532|p0528,0.915|0.897|0.878|0.858|0.850
p0527,Part 10: Majors and Courses,Course Descriptions,Courses with Course Subject: Chinese (CHINESE),Course Descriptions,237,CHINESE 201B Intermediate Chinese 1 – B (2 credits) Continuation of CHINESE 201A Prerequisite(s): CHINESE 201A,16,1,Physedu / Japanese / Italian,13.7216835,4.558448,0.5480843782424927,0,p0529|p0522|p0520|p0537|p0541,0.895|0.894|0.860|0.840|0.798
p0528,Part 10: Majors and Courses,Course Descriptions,Courses with Course Subject: Chinese (CHINESE),Course Descriptions,237,"CHINESE 202A Intermediate Chinese 2 – A (2 credits) This course is designed to help students continue building basic communicative proficiency in Mandarin Chinese. The primary emphasis is on oral communication skills, with a focus on social conversations in Chinese, and the course includes assignments in which students will find opportunities outside class to practice using their Chinese for social interaction. Students will also continue building their ability to read dialogues that provide good models of social interaction in Chinese, and practice writing simple texts. Additionally students will learn about Chinese culture, especially as it relates to Chinese life and society. Prerequisite(s): CHINESE 201B or equivalent",106,1,Physedu / Japanese / Italian,13.279329,4.4509645,0.607267439365387,0,p0534|p0521|p0526|p0519|p0532,0.862|0.861|0.850|0.801|0.796
p0529,Part 10: Majors and Courses,Course Descriptions,Courses with Course Subject: Chinese (CHINESE),Course Descriptions,237,CHINESE 202B Intermediate Chinese 2 – B (2 credits) Continuation of CHINESE 202A Prerequisite(s): CHINESE 202A,16,1,Physedu / Japanese / Italian,13.787478,4.5995708,0.5165675282478333,0,p0527|p0522|p0537|p0541|p0528,0.895|0.841|0.802|0.795|0.790
p0530,Part 10: Majors and Courses,Course Descriptions,Courses with Course Subject: Chinese (CHINESE),Course Descriptions,237,"CHINESE 231A Second Year Chinese for Heritage Learners 1 – A (2 credits) This course, a continuation of CHINESE 132, is designed to help Chinese heritage students continue improving their formal and informal discourse in speaking and writing. This course aims to further expand and refine students’ language skills by studying a variety of texts that are written with advanced intermediate-level vocabulary (including vocabulary denoting abstract concepts), complex grammatical structures, and formal language uses. Students will develop these skills both through curricular activities (such as pair work, writing essays and diaries, and group work) and extracurricular activities (such as Chinese Table and Language Partners). Topics of the course will focus on social and cultural issues in contemporary China. Prerequisite(s): CHINESE 132B or equivalent",123,1,Physedu / Japanese / Italian,13.268128,4.10804,0.6249523162841797,0,p0532|p0525|p0523|p0526|p0534,0.979|0.929|0.911|0.897|0.839
p0531,Part 10: Majors and Courses,Course Descriptions,Courses with Course Subject: Chinese (CHINESE),Course Descriptions,237,CHINESE 231B Second Year Chinese for Heritage Learners 1 – B (2 credits) Continuation of CHINESE 231A Prerequisite(s): CHINESE 231A,20,1,Physedu / Japanese / Italian,13.528539,4.4299536,0.5944885015487671,0,p0524|p0533|p0525|p0530|p0532,0.946|0.944|0.826|0.824|0.819
p0532,Part 10: Majors and Courses,Course Descriptions,Courses with Course Subject: Chinese (CHINESE),Course Descriptions,238,"CHINESE 232A Second Year Chinese for Heritage Learners 2 – A (2 credits) This course, a continuation of CHINESE 231, is designed to help Chinese heritage students continue improving their formal and informal discourse in speaking and writing. This course aims to further expand and refine students’ language skills by studying a variety of texts that are written with advanced intermediate-level vocabulary (including vocabulary denoting abstract concepts), complex grammatical structures, and formal language uses. Students will develop these skills both through curricular activities (such as pair work, writing essays and diaries, and group work) and extracurricular activities (such as Chinese Table and Language Partners). Topics of the course focus on social and cultural issues in contemporary China. Prerequisite(s): CHINESE 231B or equivalent",122,1,Physedu / Japanese / Italian,13.2305975,4.051383,0.6309336423873901,0,p0530|p0523|p0525|p0526|p0534,0.979|0.894|0.877|0.858|0.839
p0533,Part 10: Majors and Courses,Course Descriptions,Courses with Course Subject: Chinese (CHINESE),Course Descriptions,238,CHINESE 232B Second Year Chinese for Heritage Learners 2 - B (2 credits) Continuation of CHINESE 232A Prerequisite(s): CHINESE 232A,20,1,Physedu / Japanese / Italian,13.6134615,4.479551,0.5807338953018188,0,p0531|p0524|p0532|p0525|p0526,0.944|0.911|0.800|0.794|0.783
p0534,Part 10: Majors and Courses,Course Descriptions,Courses with Course Subject: Chinese (CHINESE),Course Descriptions,238,"CHINESE 301A Advanced Intermediate Chinese 1 – A (2 credits) This course reinforces what students have learned in the Intermediate Chinese courses, and continues to expand and refine their skills in listening, speaking, reading, and writing by learning a variety of texts that are written with advanced vocabulary (including academic vocabulary and vocabulary denoting abstract concepts), complex grammatical structures, and formal language uses. In addition, students will be introduced to current social issues in China (such as parenting, demographics, marriage, etc.) and different aspects of Chinese culture (such as courtesy, family relationships, ethics, etc.). Through learning and discussing these social and cultural issues, students are expected to deepen their understanding of Chinese society and culture. Students will further practice their spoken Chinese outside class by conversing with Chinese speakers about the topics studied in class. Prerequisite(s): CHINESE 202B or equivalent",140,1,Physedu / Japanese / Italian,13.323951,4.2279086,0.5909931659698486,0,p0528|p0536|p0532|p0530|p0526,0.862|0.845|0.839|0.839|0.835
p0535,Part 10: Majors and Courses,Course Descriptions,Courses with Course Subject: Chinese (CHINESE),Course Descriptions,238,CHINESE 301B Advanced Intermediate Chinese 1 – B (2 credits) Continuation of CHINESE 301A Prerequisite(s): CHINESE 301A,17,1,Physedu / Japanese / Italian,13.735671,4.519244,0.48457154631614685,0,p0527|p0537|p0529|p0536|p0520,0.790|0.773|0.740|0.739|0.725
p0536,Part 10: Majors and Courses,Course Descriptions,Courses with Course Subject: Chinese (CHINESE),Course Descriptions,239,"CHINESE 302A Advanced Intermediate Chinese 2 – A (2 credits) This course transitions students toward reading authentic texts relating to Chinese society (e.g. newspaper and magazine articles), with emphasis on learning relevant vocabulary. It also builds students’ ability to comprehend authentic media resources (e.g. television programs, documentaries, etc.) on similar topics. Oral skills will be built through discussion of these topics, and students will also be expected to practice their spoken Chinese outside class by conversing with Chinese speakers about the topics studied in class. Students will also continue to build their writing skills by writing short papers in Chinese relating to the topics studied. Prerequisite(s): CHINESE 301B or equivalent",110,1,Physedu / Japanese / Italian,13.408685,4.1983433,0.5908024311065674,0,p0538|p0534|p0537|p0540|p0528,0.866|0.845|0.821|0.807|0.784
p0537,Part 10: Majors and Courses,Course Descriptions,Courses with Course Subject: Chinese (CHINESE),Course Descriptions,239,CHINESE 302B Advanced Intermediate Chinese 2 – B (2 credits) Continuation of CHINESE 302A Prerequisite(s): CHINESE 302A,17,1,Physedu / Japanese / Italian,13.776555,4.48315,0.49644774198532104,0,p0527|p0536|p0529|p0541|p0522,0.840|0.821|0.802|0.798|0.775
p0538,Part 10: Majors and Courses,Course Descriptions,Courses with Course Subject: Chinese (CHINESE),Course Descriptions,239,"CHINESE 401A Advanced Chinese – Issues in Modern China 1 – A (2 credits) In this course students will learn about social and cultural issues in China through study of authentic texts in Chinese and authentic media resources (e.g. television programs, documentaries, etc.). Oral skills will be built through discussion of these topics, and students will also be expected to practice their spoken Chinese outside class by talking with Chinese speakers about the topics studied in class. Students will also continue to build their writing skills by writing short papers in Chinese relating to the topics studied. Prerequisite(s): CHINESE 302B or equivalent",102,1,Physedu / Japanese / Italian,13.328349,4.177529,0.5850790143013,0,p0540|p0536|p0534|p0530|p0532,0.890|0.866|0.807|0.782|0.781
p0539,Part 10: Majors and Courses,Course Descriptions,Courses with Course Subject: Chinese (CHINESE),Course Descriptions,239,CHINESE 401B Advanced Chinese – Issues in Modern China 1 – B (2 credits) Continuation of CHINESE 401A Prerequisite(s): CHINESE 401A,21,1,Physedu / Japanese / Italian,13.708581,4.3784194,0.3605492413043976,0,p0538|p0541|p0527|p0540|p0529,0.781|0.740|0.735|0.705|0.690
p0540,Part 10: Majors and Courses,Course Descriptions,Courses with Course Subject: Chinese (CHINESE),Course Descriptions,239,"CHINESE 402A Advanced Chinese – Issues in Modern China 2 – A (2 credits) The Advanced Chinese course sequence is designed to build students' ability to read authentic texts in Chinese, such as newspaper texts; it also builds students' ability to watch and listen to authentic media programs (e.g. television programs, documentaries, etc.). Students will be introduced to the following themes: popular culture, social change, cultural traditions, history and politics. Through study and discussion, students will be able to better understand the social and cultural issues in China, improve reading and listening abilities, and deliver detailed and organized presentations on these topics. Prerequisite(s): CHINESE 401B or equivalent",107,1,Physedu / Japanese / Italian,13.221817,3.9725041,0.6024825572967529,0,p0538|p0536|p0541|p0534|p0528,0.890|0.807|0.792|0.782|0.768
p0541,Part 10: Majors and Courses,Course Descriptions,Courses with Course Subject: Chinese (CHINESE),Course Descriptions,240,CHINESE 402B Advanced Chinese – Issues in Modern China 2 – B (2 credits) Continuation of CHINESE 402A Prerequisite(s): CHINESE 402A,21,1,Physedu / Japanese / Italian,13.717569,4.4135575,0.49540191888809204,0,p0537|p0527|p0529|p0540|p0546,0.798|0.798|0.795|0.792|0.788
p0542,Part 10: Majors and Courses,Course Descriptions,Courses with Course Subject: Chinese (CHINESE),Course Descriptions,240,"CHINESE 403 Readings in Pre-Modern Chinese (4 credits) This course builds students ability to read and interpret pre-modern bai hua texts. The course will focus on stories from Feng Menglong’s Sanyan, the most popular and well-known collection of vernacular Chinese short stories published in the late Ming period (late sixteenth and early seventeenth centuries); also included will be excerpts from late Ming plays/operas (xiqu). This course will also introduce and lecture on the culture and urban life of the late Ming Dynasty, aiming to enhance students’ understanding of pre-modern Chinese literature and social life. Prerequisite(s): CHINESE 402B or equivalent",99,11,Asia / Migration / Ethnic,12.894352,3.5142055,0.5720345973968506,0,p0543|p0544|p0547|p0530|p0532,0.761|0.744|0.721|0.711|0.706
p0543,Part 10: Majors and Courses,Course Descriptions,Courses with Course Subject: Chinese (CHINESE),Course Descriptions,240,"CHINESE 404 Readings in Modern Chinese Fiction (4 credits) In this course students will read selections from the works of important modern Chinese writers. Students will learn about important modern Chinese authors and fiction, and also build reading vocabulary and extensive reading skills, as well as presentation skills and ability to write reviews of works of fiction. Prerequisite(s): CHINESE 402B or equivalent",62,11,Asia / Migration / Ethnic,12.845673,3.4638224,0.5420962572097778,0,p0544|p0542|p0548|p0547|p0540,0.867|0.761|0.738|0.730|0.716
p0544,Part 10: Majors and Courses,Course Descriptions,Courses with Course Subject: Chinese (CHINESE),Course Descriptions,240,"CHINESE 405 Readings in Contemporary Chinese Fiction (4 credits) In this course students will read short stories and novels by contemporary Chinese authors. Students will build their extensive reading skills and reading speed, and also discussion skills and ability to write reviews. Prerequisite(s): CHINESE 402B or equivalent",47,1,Physedu / Japanese / Italian,12.955794,3.5654209,0.5584847927093506,0,p0543|p0548|p0547|p0542|p0540,0.867|0.783|0.757|0.744|0.722
p0545,Part 10: Majors and Courses,Course Descriptions,Courses with Course Subject: Chinese (CHINESE),Course Descriptions,240,"CHINESE 406A Debating Issues in Contemporary China – A (4 credits) In this course students will read research issues in contemporary China, primarily using Chinese language resources, and develop advanced speaking skills through debating these issues. Prerequisite(s): CHINESE 402B or equivalent",41,1,Physedu / Japanese / Italian,13.379679,4.005305,0.6131556034088135,0,p0546|p0540|p0538|p0552|p0534,0.851|0.764|0.763|0.736|0.706
p0546,Part 10: Majors and Courses,Course Descriptions,Courses with Course Subject: Chinese (CHINESE),Course Descriptions,240,CHINESE 406B Debating Issues in Contemporary China – B (4 credits) Continuation of CHINESE 406A. Prerequisite(s): CHINESE 406A or equivalent,20,11,Asia / Migration / Ethnic,13.659142,4.152264,0.4770396947860718,0,p0545|p0541|p0540|p0538|p0552,0.851|0.788|0.701|0.688|0.645
p0547,Part 10: Majors and Courses,Course Descriptions,Courses with Course Subject: Chinese (CHINESE),Course Descriptions,241,"CHINESE 407 Readings in Classical Chinese (4 credits) This course teaches students how to read basic texts in Classical Chinese, with an emphasis on understanding the distinctive grammar of Classical Chinese and especially the use of particles. Oral skills will be built through discussion of the ideas in the texts. Prerequisite(s): CHINESE 402B or equivalent",55,1,Physedu / Japanese / Italian,13.0553055,3.6471357,0.5814183354377747,0,p0548|p0544|p0540|p0543|p0542,0.783|0.757|0.734|0.730|0.721
p0548,Part 10: Majors and Courses,Course Descriptions,Courses with Course Subject: Chinese (CHINESE),Course Descriptions,241,"CHINESE 409 Chinese Book Club (4 credits) This course is designed for learners of Chinese who already have read authentic texts in textbooks, but have read few or no Chinese books for native speaker audiences. The goal is to help students develop stronger extensive reading skills, more specifically, to improve the reading speed, build the ability to guess the meaning of sentences and paragraphs even when students don’t know all the words in them, and increase the comfort level when reading authentic texts. Prerequisite(s): CHINESE 402B or equivalent",88,1,Physedu / Japanese / Italian,13.078967,3.6933978,0.5228397846221924,0,p0544|p0547|p0540|p0543|p0532,0.783|0.783|0.764|0.738|0.699
p0549,Part 10: Majors and Courses,Course Descriptions,Courses with Course Subject: Chinese (CHINESE),Course Descriptions,241,"CHINESE 410A Public Speaking in Chinese (2 credits) Public Speaking in Chinese is designed to improve your advanced communication skills in Chinese. It is a performance-based course, with the primary emphasis on practical experience in developing speaking and listening abilities in Chinese to enable you to communicate orally in clear, coherent Chinese appropriate to the purpose, occasion, and audience. You will also learn and apply the basics of public speaking: speech study, audience analysis, outlining, organizational skills, word choice, and presentation. Furthermore through discussing contemporary issues, you will build your command of vocabulary relevant to these important social topics and issues. This course is for the students whose Chinese language level reaches at least an Advanced-Low level as defined by ACTFL’s Proficiency Guidelines for Speaking. Prerequisite(s): CHINESE 402B or equivalent",130,1,Physedu / Japanese / Italian,13.333874,4.1031117,0.5295343995094299,0,p0550|p0528|p0538|p0526|p0536,0.993|0.718|0.714|0.708|0.704
p0550,Part 10: Majors and Courses,Course Descriptions,Courses with Course Subject: Chinese (CHINESE),Course Descriptions,241,"CHINESE 410B Public Speaking in Chinese (2 credits) Public Speaking in Chinese is designed to improve your advanced communication skills in Chinese. It is a performance-based course, with the primary emphasis on practical experience in developing speaking and listening abilities in Chinese to enable you to communicate orally in clear, coherent Chinese appropriate to the purpose, occasion, and audience. You will also learn and apply the basics of public speaking: speech study, audience analysis, outlining, organizational skills, word choice, and presentation. Furthermore through discussing contemporary issues, you will build your command of vocabulary relevant to these important social topics and issues. This course is for the students whose Chinese language level reaches at least an Advanced-Low level as defined by ACTFL’s Proficiency Guidelines for Speaking. Prerequisite(s): CHINESE 410A or equivalent",130,1,Physedu / Japanese / Italian,13.399215,4.21669,0.5280582904815674,0,p0549|p0528|p0526|p0538|p0521,0.993|0.710|0.701|0.701|0.701
p0551,Part 10: Majors and Courses,Course Descriptions,Courses with Course Subject: Chinese (CHINESE),Course Descriptions,242,"CHINESE 411 Professional Networking in China (2 credits) This performance-oriented course introduces key concepts and practices in networking within Chinese professional contexts to learners of Chinese as a Second Language. Through critical analysis and enactment of observable model behaviors, students develop awareness and basic skills necessary in building effective personal and professional relationship in China. By constantly engaging in a domain-specific online community, students will start to (1)build real-life connections with native Chinese speakers who share their interests in a particular academic or professional domain and (2) acquire learning strategies to exploited authentic Chinese resources and opportunities to sustain Chinese learning as a self-managed learner. Prerequisite(s): CHINESE 402B or equivalent",110,1,Physedu / Japanese / Italian,13.347203,4.141173,0.5060626864433289,0,p0534|p0540|p0552|p0538|p0523,0.716|0.689|0.689|0.685|0.674
p0552,Part 10: Majors and Courses,Course Descriptions,Courses with Course Subject: Chinese (CHINESE),Course Descriptions,242,"CHINESE 412 Chinese Across the Curriculum: Independent Research (2 credits) This course aims to train advanced Chinese learners in developing independent research projects on current issues and allow students to put their knowledge and skills to use in Chinese speaking contexts. Learners will choose their own research topics and learning materials, such as news reports, editorials, research papers, books, and documentaries. The materials must be authentic pieces produced for native Chinese speakers, and learners will work with the instructor to interpret and digest the texts and multimedia materials. By the end of the course, learners are expected to develop a structure of knowledge and an ability to exchange ideas with native Chinese speakers in their chosen domains. Prerequisite(s): CHINESE 402B or equivalent",122,1,Physedu / Japanese / Italian,13.242362,4.1660914,0.5861670970916748,0,p0540|p0532|p0530|p0534|p0526,0.762|0.755|0.755|0.755|0.753
p0553,Part 10: Majors and Courses,Course Descriptions,Courses with Course Subject: Chinese (CHINESE),Course Descriptions,242,"CHINESE 491 Independent Study in Chinese (4 credits) This independent study course, offered by the Language and Culture Center through the Language Learning Studio, gives students an opportunity to build advanced Chinese skills in areas for which regular courses are not offered at Duke Kunshan University. In this course students will work with one of the Chinese language faculty members in the Language Learning Studio to design a language learning plan, and will then work with that faculty member to carry it out for one term. Students may repeat independent study courses. Prerequisite(s): CHINESE 402B or equivalent",97,1,Physedu / Japanese / Italian,13.086203,4.6293716,0.48085108399391174,0,p0552|p1082|p0046|p0044|p0521,0.748|0.676|0.676|0.672|0.671
p0554,Part 10: Majors and Courses,Course Descriptions,Courses with Course Subject: Chinese Society and Culture (CHSC),Course Descriptions,243,"CHSC 101 Chinese Humanistic Spirit and Institutions (6 credits) This course explores the humanistic spirit inherent in Chinese culture and the forms and changes of historically influential political systems. Topics will be closely linked to two aspects of the humanistic spirit and social institutions. On the one hand, it allows students to understand the philosophical spirit and moral reasoning characteristic of Chinese culture, as well as the Chinese political system along with its changes. On the other hand, it enables students to appreciate the intrinsic spirit of Chinese culture featuring introspection, learning, tolerance and constant change, therefore revealing the internal spiritual forces for China’s social institution reforms as well as the universality and uniqueness of contemporary China’s social, political and legal institutions. This course requires class attendance and a final exam (4 credits), as well as a 5000-word social practice report in Chinese (2 credits). Note that this is a compulsory course for all Chinese mainland and HMT students.",159,11,Asia / Migration / Ethnic,12.566212,2.6940894,0.5723296999931335,0,p0555|p0556|p0560|p0693|p0890,0.792|0.681|0.648|0.618|0.610
p0555,Part 10: Majors and Courses,Course Descriptions,Courses with Course Subject: Chinese Society and Culture (CHSC),Course Descriptions,243,"CHSC 102 Social Changes in China (6 credits) This course reviews the history in which how China, as an ancient civilization, has revived from the fallen state in modern times to a mighty power in today’s world, helping students to understand and perceive Chinese society along with its changing trends with longer-term vision, the connotation of the Chinese national spirit, and the reason why today's China cherishes independence while vigorously promoting opening up. This course requires class attendance and participation in discussion (4 credits), as well as a 7000-word themed paper (2 credits) in Chinese. Note that this is a compulsory course for all Chinese mainland and HMT students.",109,11,Asia / Migration / Ethnic,12.632922,2.7445524,0.6726437211036682,0,p0554|p0750|p0532|p0530|p0540,0.792|0.721|0.704|0.685|0.680
p0556,Part 10: Majors and Courses,Course Descriptions,Courses with Course Subject: Chinese Society and Culture (CHSC),Course Descriptions,243,"CHSC 103 Selected Readings of Chinese Classics (2 credits) This course introduces a series of readings of Chinese classics, including the Four Books that illustrate the core value and belief system of Confucianism, Taoist classics of Lao Tzu and Chuang Tzu, Zen classic of the Sixth Patriarch (Liuzu tanjing), and Sun Tzu's The Art of War. Selected chapters will be covered by combining the readings with the challenges faced by people today, with an emphasis on uncovering the enduring spirit in the books that transcends time. Note that this is an elective course offered for HMT students who need to take extra CHSC courses to replace the military training credits.",110,11,Asia / Migration / Ethnic,12.568751,2.9061809,0.5557935237884521,0,p0559|p0554|p0721|p0555|p0719,0.705|0.681|0.679|0.668|0.619
p0557,Part 10: Majors and Courses,Course Descriptions,Courses with Course Subject: Chinese Society and Culture (CHSC),Course Descriptions,244,"CHSC 104 Trends and Policies (2 credits) This course mainly consists of a series of 8 lectures on domestic and global challenges and issues, as well as the latest developing trends and policies. Students are required to attend 8 lectures from a defined list of lecture series. Students will earn 2 credits after they complete this requirement. The course will be graded on CR/NC basis. Note that this is a compulsory course for all Chinese mainland and HMT students.",79,1,Physedu / Japanese / Italian,13.533513,6.6086497,0.6407061219215393,0,p0555|p0215|p0208|p0036|p0355,0.679|0.677|0.662|0.613|0.612
p0558,Part 10: Majors and Courses,Course Descriptions,Courses with Course Subject: Chinese Society and Culture (CHSC),Course Descriptions,244,"CHSC 105 An Introduction to the Basic Principles of Marxism (2 credits) This course is a compulsory course for for all Chinese mainland and HMT students. The course content covers the organically unified basic components of Marxist philosophy, Marxist political economy, and scientific socialism, including: introduction, the materiality and laws of development of the world, the nature and laws of development of knowledge, human society and its laws of development, the nature and laws of capitalism, the development and trends of capitalism, the development and laws of socialism, communism and its ultimate realization. Focusing on both the overall picture and key points, a combination of rigorous logic and vivid expression, a unity of theories and methods are some of the basic characteristics of this course.",125,11,Asia / Migration / Ethnic,12.72555,2.6790497,0.5647350549697876,0,p0555|p0554|p0955|p0557|p0556,0.588|0.581|0.577|0.571|0.561
p0559,Part 10: Majors and Courses,Course Descriptions,Courses with Course Subject: Chinese Society and Culture (CHSC),Course Descriptions,244,"CHSC 106 Appreciation of World Chinese Literature Classics (2 credits) Appreciation of World Chinese Literature Classics is a course that explores the beauty of world Chinese literature and the general rules of people's feelings about its beauty. On the one hand, this course starts with the basic concepts and logical structure of the world Chinese literature classics, and explores their significance in the generation of the language style and discourse system of the world Chinese literature in the 20th century; on the other hand, it illustrates the types, characteristics and effect on its unique contribution to the aesthetic construction and artistic presentation of Chinese literature, revealing its status and influence in the history of world literature.",116,11,Asia / Migration / Ethnic,12.33325,2.9365954,0.4645377993583679,0,p0556|p0693|p0721|p0543|p0786,0.705|0.689|0.661|0.655|0.650
p0560,Part 10: Majors and Courses,Course Descriptions,Courses with Course Subject: Chinese Society and Culture (CHSC),Course Descriptions,244,"CHSC 107 An Introduction to Chinese Culture (2 credits) Learning Chinese culture is like drinking sweet tea: you will taste the wisdom of philosophy and culture, the depth of political culture, the profoundness of academic culture, the elegance of aesthetic culture, the freshness of folk culture, the weight of science and technology and the dazzling array of utensils culture. There is a huge space for interpretation between modern MOOC and traditional culture: you will appreciate the spiritual charm of Chinese culture, and finally get the nourishment of personality self-shaping, the wisdom of life journey and the oasis of spiritual habitation.",100,11,Asia / Migration / Ethnic,12.382804,2.6993067,0.47992613911628723,0,p1039|p0554|p0555|p0693|p0559,0.664|0.648|0.642|0.591|0.585
p0561,Part 10: Majors and Courses,Course Descriptions,Courses with Course Subject: Computer Design (COMPDSGN),Course Descriptions,245,COMPDSGN 490 Senior Seminar (4 credits) This seminar is a core component of the interdisciplinary major in Computation and Design. Students will apply to interdisciplinary topics the knowledge and methods of analysis that they have gained in different disciplines. Students will re-connect with the broader community of faculty and students in their major and further develop their capacities to translate between their areas of expertise and the larger questions and issues that apply across a variety of disciplines. The seminar will foster the ability to see their disciplinary knowledge from a wider perspective and to apply it flexibly. Specific topics will vary. This seminar is required for all seniors in the major. Other students may enroll with the permission of the instructor.,122,6,Compsci / Algorithms / Math,9.252786,2.4704502,0.5739189386367798,0,p0605|p0770|p0604|p0671|p0699,0.811|0.781|0.752|0.750|0.715
p0562,Part 10: Majors and Courses,Course Descriptions,Courses with Course Subject: Computer Science (COMPSCI),Course Descriptions,245,COMPSCI 20 Computer Science Principles (4 credits) Credit for Advanced Placement on the basis of the College Board Examination in Computer Science Principles.,23,6,Compsci / Algorithms / Math,9.852088,-3.7917078,0.47797176241874695,0,p0566|p0563|p0579|p1068|p0580,0.769|0.728|0.601|0.589|0.588
p0563,Part 10: Majors and Courses,Course Descriptions,Courses with Course Subject: Computer Science (COMPSCI),Course Descriptions,245,"COMPSCI 101 Introduction to Computer Science (4 credits) As an introductory course for computer science, this course will bring you not only the fundamental knowledge on a variety of CS topics, but also the essential computational problem-solving skills with hands on programming experience. Successfully completing this course will serve a solid foundation for other courses in the computer science or data science major. It can also bring new concepts and tools to other domains in social science, arts humanities and natural science. This course is an elective course open to everyone, and no specific prerequisite required. Prerequisite(s): None. Not open to students who have credit for STATS 102.",108,6,Compsci / Algorithms / Math,9.776219,-3.5461235,0.5216232538223267,0,p1070|p0566|p0562|p0564|p0763,0.789|0.781|0.728|0.723|0.677
p0564,Part 10: Majors and Courses,Course Descriptions,Courses with Course Subject: Computer Science (COMPSCI),Course Descriptions,245,"COMPSCI 201 Introduction to Programming and Data Structures (4 credits) This course covers data and representations, functions, conditions, loops, strings, lists, sets, maps, hash tables, trees, stacks, graphs, object-oriented programming, programming interface and software engineering. While no previous knowledge is required, some background is advantageous. Prerequisite(s): None",47,6,Compsci / Algorithms / Math,9.868396,-3.6453738,0.4054531455039978,0,p0563|p0565|p0570|p0575|p1070,0.723|0.713|0.711|0.702|0.684
p0565,Part 10: Majors and Courses,Course Descriptions,Courses with Course Subject: Computer Science (COMPSCI),Course Descriptions,246,"COMPSCI 203 Discrete Math for Computer Science (4 credits) This course focuses on the following: mathematical notations, logic, and proof; linear and matrix algebra; graphs, digraphs, trees, representations, and algorithms; counting, permutations, combinations, discrete probability, Markov models; advanced topics from algebraic structures, geometric structures, combinatorial optimization, and number theory. Pre/Co-requisite(s): COMPSCI 201 or MATH 202 COMPSCI 204 Introduction to Artificial Intelligence This course covers the algorithms and representations used in artificial intelligence. It provides an introduction to and implementation of algorithms for search, planning, decision, theory, logic, Bayesian networks, robotics and machine learning. Prerequisite(s): COMPSCI 201",96,6,Compsci / Algorithms / Math,9.682796,-3.6898603,0.37692493200302124,0,p0575|p0580|p0564|p0570|p0566,0.765|0.733|0.713|0.655|0.650
p0566,Part 10: Majors and Courses,Course Descriptions,Courses with Course Subject: Computer Science (COMPSCI),Course Descriptions,246,"COMPSCI 205 Computer Organization and Programming (4 credits) This course focuses on the following: computer structure, assembly language, instruction execution, addressing techniques, and digital representation of data. Computer system organization, logic design, microprogramming, cache and memory systems, and input/output interfaces are also central. Prerequisite(s): COMPSCI 201",46,6,Compsci / Algorithms / Math,9.868664,-3.6787775,0.5775285363197327,0,p0563|p0562|p0575|p0579|p0569,0.781|0.769|0.711|0.706|0.694
p0567,Part 10: Majors and Courses,Course Descriptions,Courses with Course Subject: Computer Science (COMPSCI),Course Descriptions,246,"COMPSCI 206 Computational Microeconomics (4 credits) Use of computational techniques to operationalize basic concepts from economics. Expressive marketplaces: combinatorial auctions and exchanges, winner determination problem. Game theory: normal and extensive-form games, equilibrium notions, computing equilibria. Mechanism design: auction theory, automated mechanism design. Prerequisite(s): MATH 101 or 105, and STATS 101",50,3,Econ / Pricing / Microeconomics,9.302182,-1.9971935,0.3553984463214874,0,p0613|p0610|p0614|p0608|p0575,0.975|0.570|0.525|0.505|0.490
p0568,Part 10: Majors and Courses,Course Descriptions,Courses with Course Subject: Computer Science (COMPSCI),Course Descriptions,246,"COMPSCI 207 Image Data Science (4 credits) This course introduces the logical structure of digital media and explores computational media manipulation. The course uses the Python programming language to explore media manipulation and transformation. Topics include spatial and temporal resolution, color, texture, filtering, compression and feature detection.",47,6,Compsci / Algorithms / Math,10.067539,-3.5349245,0.4554981291294098,0,p0571|p0569|p0566|p0859|p0858,0.670|0.647|0.636|0.629|0.590
p0569,Part 10: Majors and Courses,Course Descriptions,Courses with Course Subject: Computer Science (COMPSCI),Course Descriptions,247,"COMPSCI 208 Computer Graphics (4 credits) This course offers an overview and history of computer graphics as well as an introduction to key software technologies and concepts. These include: coordinate systems and geometric transforms; drawing routines, antialiasing, supersampling; 3D object representation, spatial data structures, constructive solid geometry; hidden-surface-removal algorithms, z-buffer, A-buffer; illumination and shading models, surface details, radiosity; achromatic light, color specification, colorimetry, different color models; graphics pipeline; animation, levels of detail. Prerequisite(s): COMPSCI 201 or INFOSCI 201 or consent of the Instructor",83,6,Compsci / Algorithms / Math,9.983196,-3.5222814,0.500298023223877,0,p0859|p0571|p0566|p0568|p0563,0.915|0.699|0.694|0.647|0.647
p0570,Part 10: Majors and Courses,Course Descriptions,Courses with Course Subject: Computer Science (COMPSCI),Course Descriptions,247,"COMPSCI 301 Algorithms and Databases (4 credits) This course covers sorting, order statistics, binary search, dynamic programming, greedy algorithms, graph algorithms, minimum spanning trees, shortest paths, SQL, file organization, hashing, sorting, query, schema, transaction management, concurrency control, rash recovery, distributed database, and database as a service. Prerequisite(s): COMPSCI 201",49,6,Compsci / Algorithms / Math,9.834233,-3.799663,0.4175880551338196,0,p0575|p0564|p0579|p0576|p0565,0.746|0.711|0.705|0.692|0.655
p0571,Part 10: Majors and Courses,Course Descriptions,Courses with Course Subject: Computer Science (COMPSCI),Course Descriptions,247,"COMPSCI 302 Computer Vision (4 credits) This course covers image formation and representation, camera geometry and calibration, multi- view geometry, stereo, 3D reconstruction from images, motion analysis, image segmentation, and object recognition. Prerequisite(s): STATS 302",35,6,Compsci / Algorithms / Math,9.95825,-3.5589638,0.4850274920463562,0,p0569|p0568|p0566|p0573|p0859,0.699|0.670|0.647|0.642|0.607
p0572,Part 10: Majors and Courses,Course Descriptions,Courses with Course Subject: Computer Science (COMPSCI),Course Descriptions,247,"COMPSCI 303 Search Engines (4 credits) This course covers Boolean retrieval, dictionary, index, vector space model, score, query, XML, language model, text classification, clustering, and web search. Prerequisite(s): COMPSCI 201, MATH 205, and MATH 202",35,6,Compsci / Algorithms / Math,9.778857,-3.8041987,0.4615628719329834,0,p0580|p0570|p0575|p0566|p0565,0.654|0.648|0.617|0.615|0.609
p0573,Part 10: Majors and Courses,Course Descriptions,Courses with Course Subject: Computer Science (COMPSCI),Course Descriptions,247,"COMPSCI 304 Speech Recognition (4 credits) This course covers speech production and perception, feature extraction, template-based recognition, hidden Markov modeling, language model, sub-word units, robust recognition and applications. Prerequisite(s): STATS 302",31,6,Compsci / Algorithms / Math,9.7038555,-3.6801877,0.4510330557823181,0,p0571|p0566|p1080|p0572|p0580,0.642|0.629|0.609|0.579|0.578
p0574,Part 10: Majors and Courses,Course Descriptions,Courses with Course Subject: Computer Science (COMPSCI),Course Descriptions,248,"COMPSCI 306 Introduction to Operating Systems (4 credits) This course focuses on basic concepts and principles of multiprogrammed operating systems. Topics covered include: processes, interprocess communication, CPU scheduling, mutual exclusion, deadlocks, memory management, I/O devices, file systems, protection mechanisms.. Prerequisite(s): COMPSCI 201; and COMPSCI 205 as the prerequisite or co-requisite",50,6,Compsci / Algorithms / Math,9.901395,-3.8360624,0.3118497133255005,0,p0566|p0579|p0577|p0563|p0564,0.634|0.560|0.549|0.533|0.527
p0575,Part 10: Majors and Courses,Course Descriptions,Courses with Course Subject: Computer Science (COMPSCI),Course Descriptions,248,"COMPSCI 308 Design and Analysis of Algorithms (4 credits) This course focuses on the design and analysis of efficient algorithms including sorting, searching, dynamic programming, graph algorithms, fast multiplication, and others. It also includes nondeterministic algorithms and computationally hard problems. Prerequisite(s): COMPSCI 201 and COMPSCI 203",46,6,Compsci / Algorithms / Math,9.761585,-3.7805066,0.4353821277618408,0,p0565|p0570|p0566|p0564|p0563,0.765|0.746|0.711|0.702|0.649
p0576,Part 10: Majors and Courses,Course Descriptions,Courses with Course Subject: Computer Science (COMPSCI),Course Descriptions,248,"COMPSCI 310 Introduction to Databases (4 credits) Databases and relational database management systems. Data modeling, database design theory, data definition and manipulation languages, storaging and indexing techniques, query processing and optimization, concurrency control and recovery, database programming interfaces. Current research issues including XML, web data management, data integration and dissemination, data mining. Hands-on programming projects and a term project. Prerequisite(s): COMPSCI 201",62,6,Compsci / Algorithms / Math,9.855833,-3.673343,0.3858717679977417,0,p0570|p0564|p1070|p0563|p0566,0.692|0.668|0.639|0.620|0.618
p0577,Part 10: Majors and Courses,Course Descriptions,Courses with Course Subject: Computer Science (COMPSCI),Course Descriptions,248,"COMPSCI 311 Computer Network Architecture (4 credits) Introduces students to the fundamentals of computer networks. Focuses on layered architecture of the network protocol stack. Case studies will be drawn from the internet, combined with practical programming exercises. Concepts include the internet architecture, HTTP, DNS, P2P, sockets, TCP/IP, BGP, routing protocols, and wireless/mobile networking and their applications such as how to achieve reliable/secure communications over unreliable/insecure channels, how to find a good path through a network, how to share network resources among competing entities, how to find an object in the network, and how to build network applications. Prerequisite(s): COMPSCI 205",100,6,Compsci / Algorithms / Math,9.859526,-3.8267732,0.40174004435539246,0,p0566|p0579|p0563|p0575|p0564,0.640|0.605|0.566|0.563|0.560
p0578,Part 10: Majors and Courses,Course Descriptions,Courses with Course Subject: Computer Science (COMPSCI),Course Descriptions,249,"COMPSCI 320 Software Reliability (4 credits) Topics to be covered: software reliability growth models, software failure data analytics, classical software fault tolerance techniques based on design diversity, novel software fault tolerance techniques based on environmental diversity, classification of software faults, software aging and rejuvenation, and software safety, security and survivability. Statistical methods used in this context, methods of predicting software availability during operation, prediction of time to failure and optimal times to rejuvenate will be discussed. Practical application of these ideas will also be presented via case studies of SDN open source software ONOS and ODL, NASA Satellite on-board software, Apache Webserver and Android operating system. Prerequisite(s): COMPSCI 101 or 201",111,6,Compsci / Algorithms / Math,9.879102,-3.8597732,0.11517831683158875,1,p0574|p0577|p0579|p0576|p0824,0.402|0.361|0.314|0.312|0.279
p0579,Part 10: Majors and Courses,Course Descriptions,Courses with Course Subject: Computer Science (COMPSCI),Course Descriptions,249,"COMPSCI 401 Cloud Computing (4 credits) This course covers cloud infrastructures, virtualization, distributed file system, software defined networks and storage, cloud storage, and programming models such as MapReduce and Spark. Prerequisite(s): COMPSCI 301",33,6,Compsci / Algorithms / Math,9.948803,-3.8871582,0.44516563415527344,0,p0566|p0570|p0563|p0575|p0577,0.706|0.705|0.638|0.626|0.605
p0580,Part 10: Majors and Courses,Course Descriptions,Courses with Course Subject: Computer Science (COMPSCI),Course Descriptions,249,"COMPSCI 402 Artificial Intelligence (4 credits) This course covers uninformed search, informed search, constraint satisfaction, classical planning, neural network, deep learning, hidden Markov model, Bayesian network, Markov decision process, reinforcement learning, active learning and game theory. Prerequisite(s): STATS 303",39,6,Compsci / Algorithms / Math,9.806681,-3.7390764,0.475528359413147,0,p0565|p0566|p0572|p0575|p0570,0.733|0.689|0.654|0.630|0.600
p0581,Part 10: Majors and Courses,Course Descriptions,Courses with Course Subject: Cultural Anthropology (CULANTH),Course Descriptions,250,CULANTH 20 Topics in Cultural Anthropology Studies (4 credits) Credit for International Baccalaureate (IB) Diploma in Cultural Anthropology or equivalent.,20,1,Physedu / Japanese / Italian,11.778622,1.2698755,0.585845410823822,0,p0582|p0634|p0594|p0591|p0386,0.652|0.609|0.595|0.590|0.579
p0582,Part 10: Majors and Courses,Course Descriptions,Courses with Course Subject: Cultural Anthropology (CULANTH),Course Descriptions,250,"CULANTH 101 Introduction to Cultural Anthropology (4 credits) This course introduces the key concepts and debates within Cultural Anthropology with topics such as racism and essentialism, kinship, gender and sexuality, globalization, etc. In an age where debates addressing migration, robotics, genetic engineering, and ecological crises abound, questions about how humanity is experienced and defined have become more pertinent than ever before.",61,4,Violence / Migration / Migrations,11.68871,1.2249404,0.5325438380241394,0,p0589|p0594|p0581|p0587|p0585,0.692|0.671|0.652|0.648|0.602
p0583,Part 10: Majors and Courses,Course Descriptions,Courses with Course Subject: Cultural Anthropology (CULANTH),Course Descriptions,250,"CULANTH 105 Sound in Everyday Life: Anthropological Perspectives (4 credits) This course introduces students to the study of sound and sonic environments in urban spaces. Students will learn about theoretical approaches that approach sound and sonic landscapes as socially cultivated and study listening as a cultural practice. This course includes study of sound and music from different traditions around the world, recorded soundscapes (films, games, installations), built and ecological environments (parks, subways, streets, institutions, clubs, neighborhoods), the politics of making sound, and the history and use of sound technology (sound production, reproduction, reception, acoustic materials). This course introduces students to the study of noise in relation to public life, the representation of public life in sound, the shaping of city living practices by its acoustic architecture, and creative responses of sound in urban activist projects. Students in this course will conduct their own fieldwork on urban soundscapes. CULANTH 106 Home, House, and Housing: An Anthropological Exploration of Human Dwellings (4 credits) This course will explore the home as a site of attachment, the house as a place that emerged from social relationships, and housing an infrastructure whose construction is shaped by politico- economic forces. The interrelationship between the home, the house, and housing will be discussed. The course will cover contemporary issues of housing such as gentrification, segregation, and eviction. The course will provide broader and deeper understandings of the meanings of home and our relationship to the built environment.",240,0,Audio / Digital / Mediart,10.964759,3.0135033,0.5068827271461487,0,p0586|p0591|p0582|p0479|p0589,0.551|0.523|0.517|0.507|0.498
p0584,Part 10: Majors and Courses,Course Descriptions,Courses with Course Subject: Cultural Anthropology (CULANTH),Course Descriptions,250,"CULANTH 201 New Media and Society (4 credits) New media – ranging from the Internet to Twitter and Facebook, from informational networks to handheld devices – have in recent years drastically influenced the social relations for individual and communities, and have exerted profound influence on social, economic and political life. The course traces the development of new media, their relationship to previous modes of communication and transmission, and how digital technologies influence emerging and changing spheres of economic, political and social exchanges.",82,0,Audio / Digital / Mediart,10.855264,3.5954974,0.4237890839576721,0,p0586|p0747|p0863|p0843|p0874,0.730|0.698|0.673|0.607|0.603
p0585,Part 10: Majors and Courses,Course Descriptions,Courses with Course Subject: Cultural Anthropology (CULANTH),Course Descriptions,251,"CULANTH 206 The Ethnography of China: New Directions (4 credits) The course provides a critical overview to the anthropology and ethnography of contemporary China. Beginning with the emergence of ethnology in China in the 1920s and 1930s, students will be introduced to some of the key figures in the pre-revolutionary period of China, and the key concepts, theories, and frameworks that emerged during this period in dialogue both with Soviet and British anthropology. The course then turns to the socialist period, and considers early Maoist approaches to the social sciences, and the state project to identify and classify China’s minority nationalities in the 1950s. The post- Mao reform era (1978 to the present) witnesses the globalization of China and the flourishing of a wide range of new kinds of ethnographic projects. This section of the course will pay particular attention to issues of transformations in class, gender, and ethnicity, the study of rural to urban migration, the anthropology of China’s urbanization, environmentalism, commodification and consumption, and the study of development in China’s ethnic border regions.",175,11,Asia / Migration / Ethnic,12.167778,1.7694604,0.5027920603752136,0,p0595|p0599|p0693|p0593|p0740,0.726|0.649|0.632|0.630|0.624
p0586,Part 10: Majors and Courses,Course Descriptions,Courses with Course Subject: Cultural Anthropology (CULANTH),Course Descriptions,251,"CULANTH 207 Cultures of New Media (4 credits) This course is an anthropological examination of 'new media' - their varied forms and histories, how they are used and understood, and their meanings and effects within different communities of users. We will chart a number of technologies deemed 'new' in their day and the social meanings and communities that such technologies generated. We will also explore new media in domains of art and literature, as well as issues of race, gender, sexuality and how other indices of difference come to bear on new media and its use. Most course material will be drawn from anthropology, but will also draw on media studies, visual studies, cultural studies and critical theory, queer and gender theory, history and geography. Students will make use of the Duke library resource page for this class: http://guides.library.duke.edu/new_media.",139,0,Audio / Digital / Mediart,10.904866,3.515183,0.48497316241264343,0,p0584|p0843|p0863|p0386|p0747,0.730|0.685|0.676|0.653|0.650
p0587,Part 10: Majors and Courses,Course Descriptions,Courses with Course Subject: Cultural Anthropology (CULANTH),Course Descriptions,251,"CULANTH 208 Global Migration and Ethics (4 credits) This course examines the current scholarship on the anthropology and interdisciplinary study of global migration, and the ethical predicaments at center of contemporary forms of human mobility. Students will consider the particularities of migratory experiences in different regions of the world, and the different types of local, national, and global moral economies that emerge in these different places and histories. Particular attention will be focused on the political questions that arise when human compassion runs into conflict with the desire to preserve the cultural integrity of one's national identity. The course will draw on ethnographic texts, legal and policy materials, biographies, literature, film, and artistic responses to contemporary migration and refugee crises.",120,4,Violence / Migration / Migrations,11.564808,0.993925,0.4458884596824646,0,p0596|p0582|p0588|p0600|p0589,0.658|0.648|0.606|0.600|0.598
p0588,Part 10: Majors and Courses,Course Descriptions,Courses with Course Subject: Cultural Anthropology (CULANTH),Course Descriptions,251,"CULANTH 209 Globalization and Alternative-Globalizations (4 credits) The course explores the culture, politics and process of globalization in light of the responses, ideologies, and practices of the anti-globalization movement. We will focus on the interrelationship between the analysis of globalization and policy formulation on such topics as social justice, radical environmentalism, animal rights, labor, migration, poverty, natural resource management, religion and citizenship. Special attention will be focused on the role of social media, film, and photography in anti- and alternative globalization movements. Case studies from the United States, Latin America, South and East Asia, Africa, and Europe will be explored.",100,4,Violence / Migration / Migrations,11.463577,0.910759,0.4328966438770294,0,p0587|p1011|p0432|p1008|p0584,0.606|0.602|0.575|0.570|0.559
p0589,Part 10: Majors and Courses,Course Descriptions,Courses with Course Subject: Cultural Anthropology (CULANTH),Course Descriptions,252,"CULANTH 211 Gender, Mobility and Labor (4 credits) This course takes students on a journey into the worlds of gender, labor, and mobility as they intersect in dynamic and intimate ways. Topics include: exploration the concept of gender by using anthropological and sociological theories; examination of foundational concepts in political economy, including the state, the family firm, class, labor, migration and accumulation; ethnographic case studies on factory labor, housework, sex work, the service industry and IT work across Asia, Europe, and North America; analyzing how historical and contemporary pressures of industrialization, urbanization, uneven development, and information technology challenge our assumptions about gendered labor and migration; how care work, domestic labor, intimacy, and affect do not fit singularly into cultural categories of feminine versus masculine; public versus private; or individual versus collective domains.",132,4,Violence / Migration / Migrations,11.6601715,1.0712278,0.4803137481212616,0,p0582|p0587|p0594|p0585|p1061,0.692|0.598|0.583|0.582|0.578
p0590,Part 10: Majors and Courses,Course Descriptions,Courses with Course Subject: Cultural Anthropology (CULANTH),Course Descriptions,252,"CULANTH 214 Authoritarianism and the Struggle for Democracy in Latin America (4 credits) This subject explores the precarious balance between the ideal of democracy and histories of authoritarianism in Latin America. Using case studies from different historical contexts, the class examines continuities and ruptures in Latin American political history, and the cultural contexts in which populisms of the left or right, and authoritarian regimes, emerge or recede. This subject encourages students to consider political theory in relation to historical and cultural specificity. Key questions addressed include; what political cultures are associated with democratic, authoritarian and populist forms of rule? What role do struggles over memories of authoritarian pasts play in contemporary democracies? How do democracies evolve into dictatorships, and dictatorships into democracies? Previous study of international relations is helpful, but not required.",132,5,Authoritarian / Regulatory / Polsci,10.596717,0.47144282,0.2972272038459778,0,p0975|p0398|p1010|p0974|p0970,0.967|0.678|0.597|0.521|0.513
p0591,Part 10: Majors and Courses,Course Descriptions,Courses with Course Subject: Cultural Anthropology (CULANTH),Course Descriptions,252,"CULANTH 302 Field Methods (4 credits) This course explores the history and practice of ethnographic field research and engages central debates about ethnographic method. The readings prompt deeper reflection on doing field research, and challenges students to think about anthropological ways of knowing. Students will be required to carry out field research, define and design a project, recording (through field notes or other methods) every step of the way. This is thus a writing- and field research-intensive course. It is organized into several practical components—constituting “the field,” participant-observation (“deep hanging out”), interviewing, and writing up findings. Students will get the chance to put several key methods into practice —analyzing spaces, collecting life histories, doing semi- structured interviews and conducting participant-observation. Students will also have the option to experiment with other methods of collecting data, including the use of photography or digital video.",142,0,Audio / Digital / Mediart,11.731127,1.3626332,0.5542101860046387,0,p0581|p0582|p0589|p0598|p0592,0.590|0.556|0.554|0.553|0.532
p0592,Part 10: Majors and Courses,Course Descriptions,Courses with Course Subject: Cultural Anthropology (CULANTH),Course Descriptions,253,"CULANTH 303 Politics of Food: Land, Labor, Health, and Economics (4 credits) Explores the food system through fieldwork, study, and guest lectures that include farmers, nutritionists, sustainable agriculture advocates, rural organizers, and farmworker activists. Examines how food is produced, seeks to identify and understand its workers and working conditions in fields and factories, and, using documentary research conducted in the field and other means, unpacks the major current issues in the food justice arena globally and locally. Fieldwork required, but no advanced technological experience necessary. At least one group field trip, perhaps to a local farm or farmers market, required.",100,4,Violence / Migration / Migrations,11.816604,1.2025559,0.3889482617378235,0,p0741|p0589|p0594|p0591|p0582,0.572|0.570|0.560|0.532|0.465
p0593,Part 10: Majors and Courses,Course Descriptions,Courses with Course Subject: Cultural Anthropology (CULANTH),Course Descriptions,253,"CULANTH 304 The Anthropology of Doing Good: China and Beyond (4 credits) This course explores the intersection of neoliberalism, development and humanitarianism, largely from the perspective of cultural anthropology and the social studies of development. We often think of development as the betterment of mankind and as overall progress. Personal, economic, or otherwise, we tend to view development as a positive process. This course is meant to question widespread assumptions about development. How has development become a discourse and a practice of power since the 1940s? Why do many observers see development as a neocolonial phenomenon? Is development mitigating the domination of the “first world” on the “third world,” or is it contributing to it? How have development agencies evolved and responded to critiques over time? We will pay close attention to the social relations that constitute and inform the relations, rights and obligations that exist between wealthy and the poor, including China, the US, and many other countries.",159,11,Asia / Migration / Ethnic,12.086572,1.4898039,0.4364008903503418,0,p0594|p0585|p0392|p0388|p0385,0.676|0.630|0.574|0.569|0.568
p0594,Part 10: Majors and Courses,Course Descriptions,Courses with Course Subject: Cultural Anthropology (CULANTH),Course Descriptions,253,"CULANTH 305 The Culture of Development: Africa (4 credits) This course takes up the vexed issue of economic development in Africa – its failures and its successes – from the early colonial period to the present, focusing especially on the transition from the 1960s “modernizing” moment to the Millennium projects and the humanitarian aid of the present. We will read the works of development experts, World Bank executives, anthropologists and historians, exploring the challenges of these projects and what might be done in the future.",85,4,Violence / Migration / Migrations,11.721146,1.1582949,0.4756954312324524,0,p0593|p0582|p1007|p0581|p0589,0.676|0.671|0.596|0.595|0.583
p0595,Part 10: Majors and Courses,Course Descriptions,Courses with Course Subject: Cultural Anthropology (CULANTH),Course Descriptions,253,"CULANTH 306 Borders, Boundaries and Ethnic Peoples in China (4 credits) Ethnic groups in China can be found in both remote border regions and metropolitan areas. None of them live in complete isolation, or in “primitive” society. On the contrary, most of them have always lived in conditions of diversity through interactions with neighboring groups, dominant ethnic groups as well as various states. This course will explore the intersections of ethnicity, religion, gender, health, media and politics through case studies of ethnic peoples in both China’s borders and cities. Highlighting how and why people construct and cross boundaries, this course sheds new light on being a global citizen.",108,11,Asia / Migration / Ethnic,12.070042,1.488388,0.4229997396469116,0,p0585|p0398|p0603|p0582|p0599,0.726|0.667|0.631|0.590|0.569
p0596,Part 10: Majors and Courses,Course Descriptions,Courses with Course Subject: Cultural Anthropology (CULANTH),Course Descriptions,254,"CULANTH 314 Refugees and the Biopolitics of Citizenship (4 credits) The refugee is caught between national and international political logics. Each country applies its own calculus for deciding which asylum seekers should be granted the status of refugee, and how refugees should be accommodated or denied access to public goods, rights and residency. This course examines the politics of national responses to record numbers of people seeking asylum, including bureaucracies of (in)validation, xenophobia, the construction of walls and detention centers, international accords, multicultural solidarity, and novel categories of citizenship. Contemporary responses to refugees reveal the interconnectedness of political and structural violence, the limits of humanitarianism and hope for new forms of international cooperation.",113,4,Violence / Migration / Migrations,11.331053,0.9108489,0.2748180627822876,1,p0990|p0587|p0744|p0595|p0398,0.920|0.658|0.626|0.530|0.500
p0597,Part 10: Majors and Courses,Course Descriptions,Courses with Course Subject: Cultural Anthropology (CULANTH),Course Descriptions,254,"CULANTH 315 Why Be a Bandit? (4 credits) Bandits and outlaws have historically played a unique role in popular imagination. In the Chinese classic Water Margin, outlaws flee tyrannical administrators but eventually make their peace with the emperor. Robin Hood occupies an equally ambivalent position between outlaw and elite roles. Seventeenth and 18th-century Atlantic pirates were feared, but their ships are viewed by scholars as laboratories for democratic experiment. Pirates, bandits and insurgents often occupy similar marginal spaces between illegality and social legitimacy today. This course will study this ambiguous status, through historical cases and ending with banditry and border violence in Central Africa and in North America.",108,4,Violence / Migration / Migrations,12.012161,0.9932692,0.27666038274765015,1,p0758|p0594|p0398|p0595|p0587,0.930|0.435|0.433|0.393|0.385
p0598,Part 10: Majors and Courses,Course Descriptions,Courses with Course Subject: Cultural Anthropology (CULANTH),Course Descriptions,254,"CULANTH 405 Medical Anthropology (4 credits) Illness and healing fundamentally shape our sense of the boundaries between nature and culture, life and death, mind and body, self and environment, and human and machine. The central goal of this course is to examine where, how, and why we encounter, challenge, bridge, or sustain these divisions. To pursue this goal, we examine the cultural, social, and political dimensions of biomedicine globally and cross-culturally. We study ethnographic writing as unique methodological and theoretical inroads into these perspectives. Our discussions will draw on both scholarly and popular cultural accounts of the experiential and interpretive aspects of medicine. Course readings introduce you to key concepts in critical medical anthropology, and trace health, illness, and biomedicine through gender, sexuality and race.",125,4,Violence / Migration / Migrations,11.614628,1.2276514,0.3870885670185089,0,p0582|p0591|p0702|p0589|p0587,0.598|0.553|0.536|0.522|0.519
p0599,Part 10: Majors and Courses,Course Descriptions,Courses with Course Subject: Cultures and Movements (CULMOVE),Course Descriptions,255,"CULMOVE 101 Cultures of Globalization (4 credits) This course traces the histories of global exchange and explores how they intersect with various cultures of globalization in the present-day. This course analyzes how early exploration and colonial trade relate to global connections in the contemporary period. This course shows how historical and anthropological approaches have shed light on the importance of border-crossings and cross-cultural encounters in shaping social identities and differences; spatial cores and peripheries; and hierarchies and societal transformations. Attention to global encounters allows us to deepen our understanding of trade, civilization, state-building, labor, and global food chains. Together, these aspects of everyday life and social organization reveal the diversity and dynamism of globalization. CULMOVE 115 Displacement and Identity: Stories of Diasporic Migration in China and the World (2 credits) This course explores diasporic cultures across Asia, Africa, and the Americas from historical and anthropological perspectives. We begin by exploring the rise of Chinatowns across the world, with an emphasis on the Chinese-American experience, particularly during the U.S. Civil Rights period. We then examine how transnational migration has historically shaped the worlds of indentured labor, colonial trade, and hybrid food cultures. From narratives of turtle soup and beer to the personal accounts of female Chinese scholars, African traders, and coolie laborers, we examine how stories of transnational mobility color our understandings of migration, race, gender, and global connection.",228,11,Asia / Migration / Ethnic,12.11799,1.4679841,0.37758761644363403,0,p0676|p0430|p0425|p0387|p0390,0.701|0.668|0.666|0.666|0.660
p0600,Part 10: Majors and Courses,Course Descriptions,Courses with Course Subject: Cultures and Movements (CULMOVE),Course Descriptions,255,"CULMOVE 201 Migration, Inequality and Culture (4 credits) This course introduces you to the major episodes and patterns in the history of human migration over the last millennium. We will examine how people on the move have shaped various institutions and cultural forms which illuminate global structures of power and inequality. We will learn how migrations have shaped and have been shaped by ideas and practices of race, class, gender, citizenship, colonialism, nation, nationalism, political movements, trade, religion, and labor. Ultimately, we will observe the change over time in the mutually constitutive relationship between migration and systems of power and inequality. While the arc of the course is historical, we will use various sociological, anthropological and political theories in our historical analysis of migration patterns and the social position of the migrants. Topics will include Indian Ocean trade networks, pilgrimage, Atlantic slave trade, mobility and colonial state building processes, and trans-national political movements.",153,4,Violence / Migration / Migrations,11.977058,0.99021375,0.382922500371933,0,p0732|p0587|p0599|p0737|p0730,0.677|0.600|0.571|0.558|0.555
p0601,Part 10: Majors and Courses,Course Descriptions,Courses with Course Subject: Cultures and Movements (CULMOVE),Course Descriptions,255,"CULMOVE 202 Culture and Social Movements (4 credits) This course focuses on the culture and politics of social movements, interest groups, NGOs, and collective protest activity. This course explores theoretical approaches to understand the organizational, tactical, and affective dimensions of social discontent, resistance, collective action, and protest. It will also examine histories of direct action such as public provocation and moral shock, occupation of buildings and sit-ins, marches and street blocking, performance and “art- activism”. The students will be required to select and conduct an independent research project. Possible examples: Black Lives Matters, the Tea-Party, “white rage” and the election of Donald Trump, neo-fascist movements in Europe and elsewhere, the Arab Spring, environmental protest movements, labor activism, and suicide as a form of protest.",124,4,Violence / Migration / Migrations,10.8852625,0.8462252,0.4829541742801666,0,p0383|p0803|p0384|p1013|p0588,0.599|0.551|0.542|0.527|0.503
p0602,Part 10: Majors and Courses,Course Descriptions,Courses with Course Subject: Cultures and Movements (CULMOVE),Course Descriptions,256,"CULMOVE 203 Wealth, Inequality and Power (4 credits) This course is about how some people get ahead and have income, wealth, and power while others stay poor. People generally agree that having some wealth is better than having none, but wealth – and the processes that create wealth – are perhaps more important than we usually acknowledge. In the course, we will distinguish wealth (ownership of houses, savings, and investments) from income (wages and salaries) and discuss why this difference matters. We will discuss how wealth, income, and other material benefits are distributed across people and families. Then we will spend the bulk of the term exploring the origins and consequences of wealth ownership and inequality.",116,3,Econ / Pricing / Microeconomics,10.366901,-0.4678785,0.4428793787956238,0,p1062|p1022|p0969|p0706|p0618,0.612|0.511|0.507|0.445|0.440
p0603,Part 10: Majors and Courses,Course Descriptions,Courses with Course Subject: Cultures and Movements (CULMOVE),Course Descriptions,256,"CULMOVE 206 Ethnic and Religious Diversity in the Middle East (4 credits) What is the Middle East and how can we understand its diverse ethnic and religious groups from a political perspective? To answer these questions, this course will explore the topics of knowledge production, Orientalism, ethnicity, religion, and gender with ethnographic research conducted in the region. The Middle East has largely been mistaken as a homogeneous and timeless place. We will examine how diverse and dynamic the region is and how national politics (often with Western intervention) has empowered or marginalized certain ethnic and religious groups in such countries, including Egypt, Turkey, Lebanon, Palestine, and Israel. CULMOVE 301 Social Science Perspectives on China: From the Socialist Past to the Global Present (4 credits) This is an advanced course on social science approaches to the study of China. We will read social science research from a range of disciplines such as Geography, Anthropology, and Sociology. We will study how social science research informs our understandings of China, and how China challenges existing social science paradigms. We will cover issues that are particularly salient in the field of China studies, including the dynamics between the rural and the urban, theories of “guanxi” (social exchange), etc. Finally, we will add a comparative dimension by bringing in scholarly works that focus on other socialist and post-socialist countries such as Romania and Russia..",229,11,Asia / Migration / Ethnic,12.416002,1.8733838,0.44884419441223145,0,p0392|p0595|p0388|p0385|p0585,0.635|0.631|0.628|0.623|0.618
p0604,Part 10: Majors and Courses,Course Descriptions,Courses with Course Subject: Cultures and Movements (CULMOVE),Course Descriptions,256,CULMOVE 390 Junior Seminar: Advanced Topics (4 credits) This seminar is a core component of the interdisciplinary major in Cultures and Movements. Students will apply to interdisciplinary topics the knowledge and methods of analysis that they have gained in different disciplines. Students will re-connect with the broader community of faculty and students in their major and further develop their capacities to translate between their areas of expertise and the larger questions and issues that apply across a variety of disciplines. The seminar will foster the ability to see their disciplinary knowledge from a wider perspective and to apply it flexibly. Specific topics will vary. This seminar is required for all juniors in the major. Other students may enroll with the permission of the instructor.,124,10,Career / Mindfulness / Advising,9.253396,2.5030055,0.642082154750824,0,p0605|p0770|p0670|p0671|p0695,0.936|0.870|0.844|0.840|0.823
p0605,Part 10: Majors and Courses,Course Descriptions,Courses with Course Subject: Cultures and Movements (CULMOVE),Course Descriptions,257,CULMOVE 490 Senior Seminar: Advanced Topics (4 credits) This seminar is a core component of the interdisciplinary major in Cultures and Movements. Students will apply to interdisciplinary topics the knowledge and methods of analysis that they have gained in different disciplines. Students will re-connect with the broader community of faculty and students in their major and further develop their capacities to translate between their areas of expertise and the larger questions and issues that apply across a variety of disciplines. The seminar will foster the ability to see their disciplinary knowledge from a wider perspective and to apply it flexibly. Specific topics will vary. This seminar is required for all seniors in the major. Other students may enroll with the permission of the instructor.,124,10,Career / Mindfulness / Advising,9.250956,2.5906503,0.6413100361824036,0,p0604|p0770|p0671|p0699|p0881,0.936|0.915|0.893|0.855|0.828
p0606,Part 10: Majors and Courses,Course Descriptions,Courses with Course Subject: Economics (ECON),Course Descriptions,258,"ECON 21 Introduction to Microeconomics (4 credits) This is the equivalent for Principles of Microeconomics from Advanced Placement on the basis of a score of 4 or 5 on the Advanced Placement Microeconomics exam, or credit for a sufficient score on a Duke Kunshan University -recognized international examination such as the International Baccalaureate.",53,3,Econ / Pricing / Microeconomics,9.035296,-1.4618605,0.48199206590652466,0,p0607|p0612|p0608|p0623|p0818,0.919|0.675|0.631|0.580|0.560
p0607,Part 10: Majors and Courses,Course Descriptions,Courses with Course Subject: Economics (ECON),Course Descriptions,258,"ECON 22 Introduction to Macroeconomics (4 credits) This is the equivalent for Principles of Macroeconomics from Advanced Placement on the basis of a score of 4 or 5 on the Advanced Placement Macroeconomics exam, or credit for a sufficient score on a Duke Kunshan University-recognized international examination such as the International Baccalaureate.",52,3,Econ / Pricing / Microeconomics,8.995346,-1.37281,0.5248771905899048,0,p0606|p0612|p0608|p0627|p0617,0.919|0.779|0.671|0.623|0.592
p0608,Part 10: Majors and Courses,Course Descriptions,Courses with Course Subject: Economics (ECON),Course Descriptions,258,"ECON 101 Economics Principles (4 credits) Basic microeconomic concepts such as demand and supply, market structures and pricing, market efficiency and equilibrium. Macroeconomic concepts such as inflation, unemployment, trade, economic growth and development. Different perspectives on issues of monetary and fiscal policy. Emphasis on public policy issues and the logic behind the economic way of thinking.",56,3,Econ / Pricing / Microeconomics,9.073429,-1.4648728,0.4373505711555481,0,p0607|p0612|p0623|p0606|p0617,0.671|0.665|0.632|0.631|0.626
p0609,Part 10: Majors and Courses,Course Descriptions,Courses with Course Subject: Economics (ECON),Course Descriptions,258,"ECON 201 Intermediate Microeconomics I (4 credits) Introduction of the concepts of preferences and technologies. Intermediate development of the theory of demand, supply and competitive equilibrium from individual preferences and technologies. Income and substitution effects, uncompensated demand and marginal willingness to pay. Conditions under which competitive markets result in efficient outcomes. Conditions under which government policy has the potential to increase efficiency. Tension between economic efficiency and different notions of equity. Prerequisite(s): ECON 101. Anti-requisite: PUBPOL 304",77,3,Econ / Pricing / Microeconomics,9.060185,-1.3926268,0.25894707441329956,1,p0608|p0610|p1020|p0623|p0657,0.602|0.598|0.570|0.569|0.542
p0610,Part 10: Majors and Courses,Course Descriptions,Courses with Course Subject: Economics (ECON),Course Descriptions,258,"ECON 202 Intermediate Microeconomics II (4 credits) Calculus-based generalization of the theory of demand and supply developed in Intermediate Microeconomics I. Individual behavior in environments of risk and uncertainty. Introduction to game theory and strategic interaction. Adverse selection, moral hazard, non-competitive market structures, externalities, public goods. Prerequisite(s): ECON 201; MATH 101 or 105",53,3,Econ / Pricing / Microeconomics,9.2427025,-1.6516002,0.325595498085022,0,p0609|p0613|p0608|p0567|p1020,0.598|0.594|0.578|0.570|0.547
p0611,Part 10: Majors and Courses,Course Descriptions,Courses with Course Subject: Economics (ECON),Course Descriptions,259,"ECON 203 Introduction to Econometrics (4 credits) Introduction to the theory and practice of econometrics. Estimation, hypothesis testing and model evaluation in the linear regression model. Observational and experimental methods to identify causal effects including instrumental variable and panel data methods. Lectures are supplemented by labs that use STATA. Prerequisite(s): ECON 101 or SOSC 101; STATS 101",57,3,Econ / Pricing / Microeconomics,8.957186,-1.3406613,0.22051222622394562,1,p0618|p0623|p0612|p0627|p1020,0.499|0.486|0.483|0.480|0.476
p0612,Part 10: Majors and Courses,Course Descriptions,Courses with Course Subject: Economics (ECON),Course Descriptions,259,"ECON 204 Intermediate Macroeconomics (4 credits) Intermediate level treatment of macroeconomic models, fiscal and monetary policy, inflation, unemployment, economic growth. Prerequisite(s): ECON 201",23,3,Econ / Pricing / Microeconomics,8.940684,-1.346101,0.5050811767578125,0,p0607|p0606|p0617|p0608|p0627,0.779|0.675|0.672|0.665|0.650
p0613,Part 10: Majors and Courses,Course Descriptions,Courses with Course Subject: Economics (ECON),Course Descriptions,259,"ECON 206 Computational Microeconomics (4 credits) Use of computational techniques to operationalize basic concepts from economics. Expressive marketplaces: combinatorial auctions and exchanges, winner determination problem. Game theory: normal and extensive-form games, equilibrium notions, computing equilibria. Mechanism design: auction theory, automated mechanism design. Prerequisite(s): MATH 101 or 105, and STATS 101",50,3,Econ / Pricing / Microeconomics,9.224698,-1.7481277,0.37425607442855835,0,p0567|p0610|p0614|p0608|p0609,0.975|0.594|0.563|0.555|0.500
p0614,Part 10: Majors and Courses,Course Descriptions,Courses with Course Subject: Economics (ECON),Course Descriptions,259,"ECON 211 Intelligent Economics: An Explainable AI approach (4 credits) This course explores the interdisciplinary conversation between economics and artificial intelligence (AI). In experiential education, this course shows how the two disciplines advance each other by an explainable AI approach: economics makes AI more explainable by clarifying causal relationship and AI empowers economic applications by increasing efficiency. Advanced research in Microeconomics, Macroeconomics, and Behavioral and Experimental Economics is covered with both general literature review and a case study. The course concludes with a capstone project where students produce academic research and automated products collaboratively in a team of Economist, Data Scientist, and Data Engineer. Prerequisite(s): MATH 101 or 105; and COMPSCI 101 or 201 or MATH 205 or STATS 101 or 102.",122,3,Econ / Pricing / Microeconomics,9.390058,-1.9266574,0.3861565887928009,0,p0468|p0613|p0608|p0567|p0607,0.666|0.563|0.555|0.525|0.518
p0615,Part 10: Majors and Courses,Course Descriptions,Courses with Course Subject: Economics (ECON),Course Descriptions,259,"ECON 301 Health Economics (4 credits) Economic aspects of the production, distribution, and organization of health care services, such as measuring output, structure of markets, demand for services, pricing of services, cost of care, financing, mechanisms, and their impact on the relevant markets. Prerequisite(s): ECON 201",46,3,Econ / Pricing / Microeconomics,8.962823,-1.2978613,0.3694320321083069,0,p0623|p0616|p0612|p0607|p0626,0.645|0.591|0.582|0.572|0.559
p0616,Part 10: Majors and Courses,Course Descriptions,Courses with Course Subject: Economics (ECON),Course Descriptions,260,"ECON 302 Environmental Economics & Policy (4 credits) The role of the environment in the theory and practice of economics. Topics include ways in which markets fail to efficiently allocate resources in the presence of pollution, along with the array of policies regulators used to correct those failures; the empirical techniques used by economists to put values on environmental commodities; and an examination of questions related to everyday environmental issues, particularly those confronting China, and the developing world. Prerequisite(s): ECON 201",81,3,Econ / Pricing / Microeconomics,8.622182,-1.222047,0.4462774693965912,0,p0648|p0651|p0657|p0628|p0608,0.951|0.737|0.654|0.646|0.620
p0617,Part 10: Majors and Courses,Course Descriptions,Courses with Course Subject: Economics (ECON),Course Descriptions,260,"ECON 303 Financial Institutions (4 credits) The operations of commercial and central banking and non-banking financial institutions and instruments in the United States, determination of monetary aggregates and interest rates, the financial impacts of Treasury operations, and the linkages from Federal Reserve actions to price level, employment, economic growth, and balance of payments objectives. Coverage of models of monetary economics (for example the Cagan money demand function, cash in advance models). The dynamics and real effects of inflation. Prerequisite(s): ECON 204",81,3,Econ / Pricing / Microeconomics,9.004017,-1.4631277,0.335820734500885,0,p0627|p0619|p0612|p0608|p0623,0.686|0.682|0.672|0.626|0.617
p0618,Part 10: Majors and Courses,Course Descriptions,Courses with Course Subject: Economics (ECON),Course Descriptions,260,"ECON 304 Economic Growth (4 credits) Examination of the enormous differences in living standards across countries, which reflect differences in growth experiences. Course studies both analytical foundations of modern growth theory and the most recent advances in modeling to shed light on old and new questions about such experiences. Prerequisite(s): ECON 203, ECON 204",54,3,Econ / Pricing / Microeconomics,8.880434,-1.3277972,0.38712412118911743,0,p0612|p0651|p0607|p0623|p0616,0.604|0.570|0.552|0.525|0.524
p0619,Part 10: Majors and Courses,Course Descriptions,Courses with Course Subject: Economics (ECON),Course Descriptions,260,"ECON 307 History of Monetary & International Crises (4 credits) Course examines monetary/financial crises plaguing the world since the 16th century. Analyzes origin, unfolding, and impact of crises, debates generated by them, and formulation/implementation of policy measures. Attention is paid to international implications/connections on European/Asian money supply, banking/credit systems; reaction to South Sea Bubble and John Law Credit Systems in numerous European nations; experiments with paper money in America; rise/demise of gold standard in 19th/20th century; currency and exchange rate problems of last three decades. Case studies will be selected and assigned according to participants' interests. Prerequisite(s): ECON 204",99,3,Econ / Pricing / Microeconomics,8.949231,-1.412575,0.3905021846294403,0,p0627|p0617|p0612|p0608|p0623,0.723|0.682|0.555|0.537|0.468
p0620,Part 10: Majors and Courses,Course Descriptions,Courses with Course Subject: Economics (ECON),Course Descriptions,261,"ECON 308 Economic History and Modernization of the Islamic Middle East (4 credits) Economic development of the Middle East from the rise of Islam to the present. Transformation of the region from an economically advanced area into part of the underdeveloped world. Role of religion in economic successes and failures. Obstacles to development today. Topics: Islamic economic institutions, economic roles of Islamic law, innovation and change, political economy of modernization, interactions with other regions, economic consequences of Islamism. Prerequisite(s): ECON 101",81,3,Econ / Pricing / Microeconomics,9.094262,-0.8946474,0.3370536267757416,0,p0443|p0988|p1034|p0603|p0651,0.817|0.558|0.500|0.468|0.429
p0621,Part 10: Majors and Courses,Course Descriptions,Courses with Course Subject: Economics (ECON),Course Descriptions,261,"ECON 309 Behavioral Finance (4credits) The field of Behavioral Finance uses psychology to explain anomalies that we observe in the financial markets—investment behavior that are not consistent with the classical economic models of rational decision-making. In behavioral models, we recognize that individuals (and markets) may behave irrationally, sometimes for extended periods of time. Using some of the more popular and accepted theories of human behavior from the fields of psychology and decision-making, we will characterize some prevalent features of irrational behavior in the financial markets. We will discuss typical errors made by financial market participants as a result of behavioral biases, and examine the extent to which irrationality can affect financial markets at the aggregate level (“bubbles”), how long irrationality may persist, and what factors will eventually cause these bubbles to burst (“crashes”). Prerequisite(s): ECON 101",136,3,Econ / Pricing / Microeconomics,9.458392,-1.8093247,0.16485664248466492,1,p0610|p0365|p0624|p0366|p0614,0.443|0.442|0.438|0.432|0.430
p0622,Part 10: Majors and Courses,Course Descriptions,Courses with Course Subject: Economics (ECON),Course Descriptions,261,"ECON 310 Urban Economics (4 credits) Introduction to urban and spatial economics. Neoclassical monocentric city spatial model, patterns of land values, property prices, residential density and impact of distressed communities on broader development. Systems of cities and regional growth, role of cities in economic development. United States urban features: ethical and socio-economic effects of housing segregation and implications for discrimination. Tradeoffs between efficiency and fairness in housing resource allocation. Business location theory, impact of innovations in transportation, and technology's effect on work patterns. Prerequisite(s): ECON 201 ECON 314 International Trade The economics of globalization and trade policy are the focus of this course. Topics will include the Ricardian Model of Comparative Advantage, benefits (and costs) of free trade, trade policies and protectionism, trade and economic relations between industrialized countries, policies toward developing countries and the development of multilateral international institutions, such as the World Trade Organization (WTO) and the European Union. At all times the economic theory we study will be presented in the context of current and historical events and ongoing International Trade and policy debates. Prerequisite(s): ECON 201",180,3,Econ / Pricing / Microeconomics,8.815622,-1.2955924,0.3114588260650635,0,p0618|p0616|p0951|p0627|p0648,0.522|0.493|0.484|0.470|0.469
p0623,Part 10: Majors and Courses,Course Descriptions,Courses with Course Subject: Economics (ECON),Course Descriptions,262,ECON 315 Economics of the Public Sector (4 credits) Applies tools of intermediate micro economics to the public sector. Develops economic justifications for government intervention into the economy and examines and evaluates various government policies and programs. Provides a solid foundation for applied benefit cost analysis. Prerequisite(s): ECON 201 or PUBPOL 304,52,3,Econ / Pricing / Microeconomics,9.14325,-1.2584558,0.37655574083328247,0,p1028|p0469|p0446|p1020|p0615,0.892|0.681|0.668|0.657|0.645
p0624,Part 10: Majors and Courses,Course Descriptions,Courses with Course Subject: Economics (ECON),Course Descriptions,262,"ECON 316 Discrete Time Finance (4 credits) This is a introductory course in mathematical models in finance, centered around the problem of pricing and hedging derivative securities. Due to the uncertainty inherent in the evolution of the stock market, the theory naturally involves probabilistic tools and structures such as conditioning, martingales and Markov processes. To focus on the main idea, we will work in discrete-time setting and a simple model so called binomial asset pricing model for most of the course. In addition, we will also discuss a foreign exchange model, an extension of the binomial model with a second currency and derives the Black-Scholes equation. Prerequisite(s): MATH 101 or 105; and MATH 205 or Consent of the Instructor",119,3,Econ / Pricing / Microeconomics,9.034716,-2.7137778,0.2747189402580261,1,p0833|p0836|p0952|p1072|p0617,0.984|0.512|0.487|0.476|0.475
p0625,Part 10: Majors and Courses,Course Descriptions,Courses with Course Subject: Economics (ECON),Course Descriptions,262,"ECON 333 Social and Economic Networks (4 credits) Individuals are embedded in a network of relationships used to exchange information and favors, access economic opportunities and share risk. The structure of these relationships determine the individual’s opportunities and the aggregate outcomes of social and economic systems. The course will discuss the typical properties of network structures (e.g. 6-degrees of separation, clustering, homophily and segregation), how network ties are formed and how agents interact through these ties. Students will learn about a wide range of applications, including the spread of diseases, fashions and political opinion; financial networks; networks in organizations and the labor market; online social networks, etc.",107,3,Econ / Pricing / Microeconomics,9.555357,-1.6035686,0.45323044061660767,0,p1054|p1056|p0606|p0469|p0626,0.919|0.474|0.454|0.453|0.452
p0626,Part 10: Majors and Courses,Course Descriptions,Courses with Course Subject: Economics (ECON),Course Descriptions,262,"ECON 401 Competitive Strategy and Industrial Organization (4 credits) Foundations of the field of industrial organization, including the theory of the firm, models of competition, market structure, pricing and dynamic models. Emphasis on theory with support from specific industries, including telecommunications, retail and airlines. Prerequisite(s): ECON 202",47,3,Econ / Pricing / Microeconomics,9.024794,-1.3673301,0.36617764830589294,0,p0608|p0615|p0607|p0616|p0606,0.562|0.559|0.532|0.524|0.519
p0627,Part 10: Majors and Courses,Course Descriptions,Courses with Course Subject: Economics (ECON),Course Descriptions,263,"ECON 402 International Finance (4 credits) Analysis of the determinants of international capital movements, trade imbalances, and nominal and real exchange rates. Policy debates such as the foreign indebtedness of the United States, emerging market debt crises, exchange-rate-based inflation stabilization, and balance-of-payment crises. Prerequisite(s): ECON 204",46,3,Econ / Pricing / Microeconomics,8.97293,-1.4038537,0.3899063766002655,0,p0619|p0617|p0612|p0607|p0951,0.723|0.686|0.650|0.623|0.603
p0628,Part 10: Majors and Courses,Course Descriptions,Courses with Course Subject: Economics (ECON),Course Descriptions,263,"ECON 404 Environmental Justice: The Economics of Race, Place and Pollution (4 credits) Minorities and low-income households bear a disproportionate burden from environmental pollution. The inequality may happen in many countries, cultures and contexts. This course examines ways in which environmental injustices in the USA, China and in the world may arise out of discriminatory behavior and/or market forces founded on individual, firm, and government incentives. The course also analyses policies that are aimed at providing fair treatment and equal protection from pollution regardless of race, color, or income. The course first sets the theoretical framework used to document and explain disproportionate exposures. Based on this foundation, students then review existing empirical evidence through case studies and evaluate competing explanations of sources of injustice. The objective of this course is to enable students to examine environmental justice issues using an economics framework, which provides a different perspective for evaluating policies to address environmental inequities observed in today’s world. Prerequisite(s): ECON 201",161,3,Econ / Pricing / Microeconomics,8.337171,-1.0175768,0.45597726106643677,0,p0658|p0409|p0411|p0616|p0648,0.988|0.775|0.773|0.646|0.634
p0629,Part 10: Majors and Courses,Course Descriptions,Courses with Course Subject: English (ENGLISH),Course Descriptions,264,ENGLISH 20 Literature and Composition (4 credits) Credit for Advanced Placement on the basis of the College Board examination in Literature and Composition.,23,1,Physedu / Japanese / Italian,15.287388,5.1788497,0.4604182541370392,0,p0630|p0779|p0674|p0672|p0475,0.870|0.779|0.718|0.708|0.655
p0630,Part 10: Majors and Courses,Course Descriptions,Courses with Course Subject: English (ENGLISH),Course Descriptions,264,ENGLISH 22 Composition and Language (4 credits) Credit for Advanced Placement on the basis of the College Board examination in Composition and Language.,23,1,Physedu / Japanese / Italian,15.254806,5.1475434,0.4791847765445709,0,p0629|p0674|p0672|p1067|p0779,0.870|0.784|0.768|0.731|0.698
p0631,Part 10: Majors and Courses,Course Descriptions,Courses with Course Subject: English for Academic Purposes (EAP),Course Descriptions,265,"EAP 101A Writing about Language Learning – A (2 credits) This is a content-based academic English skills course focused on writing, designed for first term EAP-track students. In this course students will study one or more issues related to language learning (e.g. how to sustain motivation); then they will write course papers presenting their views on these issues. Students will learn how to research an issue, and how to appropriately quote and/or cite sources. They will learn how to plan and write course papers that summarize the views of others, state clear positions in response, and make cases for those positions. Students will also practice making short presentations. Additionally, students will design and carry out plans to improve the accuracy of their written English. This course, required for EAP-track students, is normally taken in Year 1, Term 1. There is no prerequisite.",142,1,Physedu / Japanese / Italian,12.182106,5.104022,0.5723630785942078,0,p0633|p0632|p0640|p0354|p0635,0.853|0.837|0.804|0.773|0.767
p0632,Part 10: Majors and Courses,Course Descriptions,Courses with Course Subject: English for Academic Purposes (EAP),Course Descriptions,265,EAP 101B Writing about Language Learning – B (2 credits) Continuation of EAP 101A. Prerequisite(s): EAP 101A,17,1,Physedu / Japanese / Italian,12.115795,4.9812236,0.5811911821365356,0,p0631|p0634|p0633|p0640|p0638,0.837|0.774|0.744|0.732|0.710
p0633,Part 10: Majors and Courses,Course Descriptions,Courses with Course Subject: English for Academic Purposes (EAP),Course Descriptions,265,"EAP 102A Writing about Culture Learning – A (2 credits) This is a content-based academic writing course for EAP-track students that further builds written and oral communication skills introduced in EAP101. In this course students will study generalizations that are often made about significant aspects of a Western culture (e.g. the idea that U.S. culture is relatively individualistic); then they will write papers in which they analyze and critically examine these generalizations. Students will practice researching issues and appropriately making use of resource materials. They will practice planning and writing course papers in which they take a stand on an issue and then make a case for their position. Students will also share ideas by making presentations. This course, required for EAP-track students, is normally taken in Year 1, Term 2. Prerequisite(s): EAP 101B",134,1,Physedu / Japanese / Italian,11.972173,5.0282774,0.7067151069641113,0,p0631|p0634|p0635|p1098|p0637,0.853|0.819|0.813|0.761|0.747
p0634,Part 10: Majors and Courses,Course Descriptions,Courses with Course Subject: English for Academic Purposes (EAP),Course Descriptions,265,EAP 102B Writing about Culture Learning – B (2 credits) Continuation of EAP 102A. Prerequisite(s): EAP 102A,17,1,Physedu / Japanese / Italian,12.030431,4.8335986,0.6530511379241943,0,p0633|p0632|p0637|p0635|p0631,0.819|0.774|0.709|0.674|0.669
p0635,Part 10: Majors and Courses,Course Descriptions,Courses with Course Subject: English for Academic Purposes (EAP),Course Descriptions,266,"EAP 103 Writing about Intercultural Encounters (2 credits) This course is about one of the most important and interesting topics in today’s globalizing world - intercultural communication. In this course, students will build academic English skills through the study of intercultural communication. They will learn about the intercultural communication process and the factors that affect interpretive judgements made in intercultural encounters. In this course students will also build intercultural communication skills and oral English skills through group discussion activities (e.g. critical incident exercises). Students will also build written English skills by writing short essays in which they analyze intercultural encounters. Additionally, students will design and carry out plans to further improve the accuracy of their written English. This is an elective course for EAP track students. Prerequisite(s): None",128,1,Physedu / Japanese / Italian,12.021017,5.0981607,0.6251189708709717,0,p0633|p0631|p0638|p1098|p0640,0.813|0.767|0.744|0.725|0.703
p0636,Part 10: Majors and Courses,Course Descriptions,Courses with Course Subject: English for Academic Purposes (EAP),Course Descriptions,266,EAP 110 Presenting Ideas to Global Audiences (2 credits) In this course students will learn how to give more effective presentations in English by first studying presentations available on websites such as TEDtalks and then giving brief in-class presentations. Prerequisite(s): None,41,0,Audio / Digital / Mediart,11.9628725,4.909533,0.5772680640220642,0,p0637|p0633|p0631|p0635|p0632,0.721|0.701|0.700|0.686|0.673
p0637,Part 10: Majors and Courses,Course Descriptions,Courses with Course Subject: English for Academic Purposes (EAP),Course Descriptions,266,"EAP 202 – Studying Cultures through the Media (4 credits) In this course students will carefully and critically learn about other cultures by studying media products (e.g. films, television programs, pop songs, etc.) from those cultures, and learn to make effective presentations through which they share the results of their studies. The specific media products focused on in the course will vary according to instructor. This is an elective course for EAP track students. Prerequisite(s): EAP 102B",77,0,Audio / Digital / Mediart,11.704003,4.5998583,0.6534635424613953,0,p0633|p0636|p0634|p0862|p0635,0.747|0.721|0.709|0.668|0.652
p0638,Part 10: Majors and Courses,Course Descriptions,Courses with Course Subject: English for Academic Purposes (EAP),Course Descriptions,266,"EAP 203 – Global Languages (4 credits) In this course students will study the rise of global languages such as English and Chinese. They will build academic reading skills by studying the history of global languages and the factors (e.g. political, economic, cultural, etc.) that have led to the rise of these languages to global status, and they will develop the ability to present arguments both orally and in writing by making cases about the likely future prospects of these languages. This is an elective course for EAP track students. Prerequisite(s): EAP 102B",93,1,Physedu / Japanese / Italian,12.088233,4.974519,0.6445831656455994,0,p0639|p0635|p0640|p0631|p0633,0.754|0.744|0.726|0.718|0.716
p0639,Part 10: Majors and Courses,Course Descriptions,Courses with Course Subject: English for Academic Purposes (EAP),Course Descriptions,267,"EAP 204 – Endangered Languages (4 credits) In this course students will learn about the issue of endangered languages by studying one particular endangered or threatened language, its current status, and the society in which is it used. Students will then build argumentation skills by making a case, presented through both written papers and oral presentations, for what should be done – or not be done – about the issue. This is an elective course for EAP track students. Prerequisite(s): EAP 102B",82,1,Physedu / Japanese / Italian,12.030363,4.9973097,0.5678238272666931,0,p1093|p0638|p1089|p0640|p0631,0.764|0.754|0.720|0.688|0.653
p0640,Part 10: Majors and Courses,Course Descriptions,Courses with Course Subject: English for Academic Purposes (EAP),Course Descriptions,267,"EAP 205 – Strategies for Independent Language Learning (4 credits) In this course students will learn about independent language learning by designing and carrying out a project to improve some aspect of their second language skills. In the course students will learn about major factors that play a role in independent language learning (e.g. learner autonomy, language learning strategies, motivation). Students will keep journals as they carry out their projects, and write final reports drawing on material from their journals. This is an elective course for EAP track students. Prerequisite(s): EAP 102B",92,1,Physedu / Japanese / Italian,12.120748,5.057079,0.5527031421661377,0,p0631|p0632|p0638|p0633|p0635,0.804|0.732|0.726|0.717|0.703
p0641,Part 10: Majors and Courses,Course Descriptions,Courses with Course Subject: Environment (ENVIR),Course Descriptions,268,ENVIR 20 Environmental Science (4 credits) Credit for Advanced Placement on the basis of the College Board examination in Environmental Science,21,3,Econ / Pricing / Microeconomics,7.8427663,-1.3306785,0.46904346346855164,0,p0643|p0407|p0645|p0654|p0402,0.692|0.666|0.653|0.652|0.628
p0642,Part 10: Majors and Courses,Course Descriptions,Courses with Course Subject: Environment (ENVIR),Course Descriptions,268,"ENVIR 101 Introduction to Environmental Sciences (4 credits) An introduction to the study of environmental sciences and policy through exploration of basic environmental principles in the life, physical, and social sciences. Emphasis on understanding how the atmosphere, hydrosphere, lithosphere, cryosphere, and biosphere function, and how these spheres interact with human consumption, production, and technological patterns and processes. The course includes field trips to local sites as relevant. ENVIR 102 Dynamic Earth and Oceans: Physical and Biological Sciences for the Environment (4 credits) Introduction to the dynamic processes that shape the Earth, the oceans, and the environment and their impact upon society. Earth science topics might include volcanoes, earthquakes, seafloor spreading, floods, landslides, groundwater, seashores and geohazards. Ocean sciences topics might include seafloor evolution, marine hazards, ocean currents and climate, waves and beach erosion, tides, hurricanes/cyclones, marine life and ecosystems, and marine resources. Emphasis on the formulation and testing of hypotheses, quantitative assessment of data, and technological developments that lead to understanding of the biosphere dynamics and associated current and future societal issues.",172,8,Chem / Phys / Intgsci,7.833747,-1.2862618,0.4929244816303253,0,p0643|p0403|p0650|p0646|p0652,0.688|0.637|0.618|0.613|0.613
p0643,Part 10: Majors and Courses,Course Descriptions,Courses with Course Subject: Environment (ENVIR),Course Descriptions,268,"ENVIR 201 Applied Environmental Science and Policy (4 credits) An examination of the interactions between the natural and the social systems as they relate to the environment. Focuses on ecological and earth system cycles, processes, and fundamental relationships, the environmental impact of human-induced change at the local, regional, and global levels. The role of technology and the policy process in determining how environmental problems evolve are addressed. Students will make use of ethical analysis to evaluate environmental tradeoffs, use case studies to integrate multiple disciplinary perspectives on environmental problems and to address issues of environmental justice. Prerequisite(s): ENVIR 101",99,3,Econ / Pricing / Microeconomics,8.029607,-1.1213853,0.5159650444984436,0,p0646|p0645|p0651|p0647|p0648,0.804|0.735|0.718|0.715|0.705
p0644,Part 10: Majors and Courses,Course Descriptions,Courses with Course Subject: Environment (ENVIR),Course Descriptions,268,"ENVIR 202 Biodiversity and Conservation (4 credits) An overview of biological diversity, its patterns, and the current extinction crisis. Historical and theoretical foundations of conservation, from human values and law to criteria and frameworks for setting conservation priorities; island biogeography theory, landscape ecology, and socioeconomic considerations in reserve design; management of endangered species in the wild and in captivity; managing protected areas for long term viability of populations; the role of the landscape matrix around protected areas; and techniques for conserving biological diversity in semi-wild productive ecosystems such as forests. Prerequisite(s): ENVIR 102 or consent of the instructor",98,3,Econ / Pricing / Microeconomics,7.958139,-1.1706558,0.3499498963356018,0,p0654|p0646|p0643|p0645|p0651,0.633|0.612|0.600|0.554|0.536
p0645,Part 10: Majors and Courses,Course Descriptions,Courses with Course Subject: Environment (ENVIR),Course Descriptions,269,"ENVIR 203 The Theory and Practice of Sustainability (4 credits) This course is an introduction to the theories and practices of sustainability. Sustainability is the art of living well, within the ecological limits of a finite planet. Sustainable development aims to balance economic efficiency, environmental compatibility and social equity. Students will learn and apply various concepts, frameworks, and tools related to sustainability (e.g., UN Sustainable Development Goals, planetary boundaries, circular economy, life cycle thinking, cost benefit analysis, carbon footprint, sustainability accounting and reporting). In this activity-based course, students will become practiced in sustainable approaches to environmental problems. Prerequisite(s): None",99,3,Econ / Pricing / Microeconomics,8.116987,-1.0749667,0.600540280342102,0,p0646|p0643|p0651|p0654|p0641,0.758|0.735|0.711|0.672|0.653
p0646,Part 10: Majors and Courses,Course Descriptions,Courses with Course Subject: Environment (ENVIR),Course Descriptions,269,"ENVIR 204 Global Environmental Issues and Policies (2 credits) This course examines problems associated with the interaction of humans with their environment. This course mainly focuses on various global environmental concerns, such as climate change, biodiversity, environmental pollution, and natural resources. This course explores case studies illustrating specific problems in different regions and countries and the proper role of local governments and intergovernmental organizations in the regulation of the environment. Students will also be expected to participate in discussions or debates on climate and environment-related issues including role play.",89,3,Econ / Pricing / Microeconomics,8.160899,-1.0148821,0.5641953945159912,0,p0643|p0645|p0647|p0651|p1024,0.804|0.758|0.748|0.733|0.680
p0647,Part 10: Majors and Courses,Course Descriptions,Courses with Course Subject: Environment (ENVIR),Course Descriptions,269,"ENVIR 301 International Environmental Policy (4 credits) This course examines the international community’s responses to various global environmental problems. Because many environmental problems cross national borders, solutions require some form of global governance such as state-led mechanisms in the form of international environmental regimes. The course will thus explore how and why states both succeed and fail to negotiate international governance mechanisms. The course will also examine why some international environmental regimes are more effective than others and why states choose to comply with environmental regimes.",86,3,Econ / Pricing / Microeconomics,8.31576,-0.9324662,0.41896745562553406,0,p0646|p0643|p0648|p0651|p0409,0.748|0.715|0.681|0.681|0.626
p0648,Part 10: Majors and Courses,Course Descriptions,Courses with Course Subject: Environment (ENVIR),Course Descriptions,270,"ENVIR 302 Environmental Economics & Policy (4 credits) The role of the environment in the theory and practice of economics. Topics include ways in which markets fail to efficiently allocate resources in the presence of pollution, along with the array of policies regulators used to correct those failures; the empirical techniques used by economists to put values on environmental commodities; and an examination of questions related to everyday environmental issues, particularly those confronting China, and the developing world. Prerequisite(s): ECON 201",81,3,Econ / Pricing / Microeconomics,8.440442,-1.1363674,0.46596384048461914,0,p0616|p0651|p0643|p0657|p0647,0.951|0.788|0.705|0.689|0.681
p0649,Part 10: Majors and Courses,Course Descriptions,Courses with Course Subject: Environment (ENVIR),Course Descriptions,270,"ENVIR 303 Climate Change and Society in China (4 credits) Analysis of Earth’s climate history and links between climate and society in China, as well as physical climatology and the future climate in China. Topics include: global climate system, climate feedbacks, energy balance, basic circulation of the atmosphere and ocean, hydrological cycle and carbon cycle, paleoclimate reconstruction, record of natural variations of past climate with emphasis on past changes of monsoon rainfall reconstructed from paleoclimate archives for the past, extrinsic forcing mechanisms of observed paleoclimatic variations. The impact of climate variability and change on Chinese society and history will be discussed. Prerequisite(s): ENVIR 101 or consent of the instructor",109,11,Asia / Migration / Ethnic,12.710641,2.7368362,0.467151015996933,0,p0646|p0719|p0721|p0555|p0642,0.536|0.532|0.529|0.523|0.510
p0650,Part 10: Majors and Courses,Course Descriptions,Courses with Course Subject: Environment (ENVIR),Course Descriptions,270,"ENVIR 304 Environmental Chemistry and Toxicology (4 credits) An overview of the fate and effects of chemicals in the environment. Topics include chemical characterization of pollutants, chemistry of natural waters, soil sediment chemistry, atmospheric chemistry, transfers between and transformations within environmental compartments, toxicokinetics, cellular metabolism, biological levels of organization, and approaches for assessing chemical hazards. Incorporates case studies focused on human health and ecosystem protection. Prerequisite(s): INTGSCI 102 or CHEM 110 or CHEM 120",74,8,Chem / Phys / Intgsci,7.4016232,-1.5873526,0.3069785237312317,0,p0656|p0652|p0653|p0655|p0513,0.741|0.733|0.686|0.653|0.630
p0651,Part 10: Majors and Courses,Course Descriptions,Courses with Course Subject: Environment (ENVIR),Course Descriptions,270,"ENVIR 305 Environment and Development Economics in Developing Countries (4 credits) Course will focus on the major challenges developing countries face in balancing environmental management and economic growth. Class will use economic analyses to examine these challenges and to devise policy solutions, especially given that developing countries often have weak institutional capacity and fewer financial resources to cope with environmental pollution. Prerequisite(s): ECON 101, or consent of the instructor",69,3,Econ / Pricing / Microeconomics,8.355993,-1.1161863,0.5238246917724609,0,p0648|p0616|p0646|p0643|p0645,0.788|0.737|0.733|0.718|0.711
p0652,Part 10: Majors and Courses,Course Descriptions,Courses with Course Subject: Environment (ENVIR),Course Descriptions,270,"ENVIR 306 Water Pollution (4 credits) This course is designed to present students with a comprehensive introduction to the sources and impacts of pollution in marine and freshwater environments. Fundamental concepts and principles of aquatic biogeochemistry will be introduced first, including marine and freshwater chemistry, primary production and food webs. Specific pollution topics will include biological (e.g., pathogens, invasive species), physical (e.g., thermal, plastics), and chemical (e.g., nutrient loading, oil, pesticides, metals) pollutants. Recent case studies will be discussed in class such as the Fukushima disaster and the Deepwater Horizon oil spill. A field trip will be organized to visit a local sewage treatment plant in Kunshan. Prerequisite(s): INTGSCI 101; or BIOL 110 and CHEM 110; or consent of the instructor",121,8,Chem / Phys / Intgsci,7.5399904,-1.5085305,0.434436172246933,0,p0650|p0656|p0642|p0655|p0641,0.733|0.636|0.613|0.612|0.600
p0653,Part 10: Majors and Courses,Course Descriptions,Courses with Course Subject: Environment (ENVIR),Course Descriptions,271,"ENVIR 311 Biogeochemistry (4 credits) Biogeochemistry is the study of how chemical elements flow through living systems and their physical environments. This course will investigate the factors that influence the cycling of those elements that are essential to life as well as the liberation, transport and exposure pathways of toxic trace elements. Concepts of nutrient limitation, element stoichiometry, primary productivity and carbon sequestration will be covered in depth, and will be applied to the study of human impacts on the global biogeochemical cycles of water, carbon, nutrients and trace metals. Prerequisite(s): INTGSCI 102; or, BIOL 110, and CHEM 110 or 120",101,8,Chem / Phys / Intgsci,7.356688,-1.6538881,0.2773093581199646,1,p0503|p0403|p0650|p0464|p0655,0.984|0.700|0.686|0.664|0.624
p0654,Part 10: Majors and Courses,Course Descriptions,Courses with Course Subject: Environment (ENVIR),Course Descriptions,271,"ENVIR 313 Ecosystem Service (4 credits) Ecosystem services are the benefits that people obtain from ecosystems and utilizes a system level approach to examine the interactions between four services. The course will include discussion of nutrient recycling as a supporting service, food production as a provisioning service, carbon sequestration as a regulating service and education as a cultural service as well as how they fit together in a sustainable system. Students will learn through case studies of the application of conservation, restoration and market valuation approaches to protecting critical ecosystem processes. Prerequisite(s): BIOL 208 or consent of the instructor",99,3,Econ / Pricing / Microeconomics,7.92999,-1.1689183,0.45517823100090027,0,p0645|p0643|p0641|p0644|p0646,0.672|0.665|0.652|0.633|0.632
p0655,Part 10: Majors and Courses,Course Descriptions,Courses with Course Subject: Environment (ENVIR),Course Descriptions,271,"ENVIR 315 Aqueous Geochemistry (4 credits) This course is designed to provide the student with an understanding of the fundamentals of aqueous geochemistry. This course focuses on the fundamental aquatic geochemical processes (e.g. mineral precipitation/dissolution, solution complexation, acid-base chemistry) that shape and transform the Earth's surface as a result of rock-water interactions, and associated impacts on the fate and transport of inorganic and organic contaminants in aqueous and geochemical environments. Topics to be covered include the chemical composition of soils, geochemical specalation, mineral weathering and stability, sorption and ion exchange, soil redox processes, chemical kinetics at environmental surfaces, and the nature, composition, structure, and properties of pollutants coupled with the major chemical mechanisms controlling the occurrence and mobility of chemicals in the environment. Prerequisite(s): INTGSCI 102 or CHEM 110 or CHEM 120",132,8,Chem / Phys / Intgsci,7.251273,-1.8322777,0.3950549364089966,0,p0513|p0650|p0508|p0656|p0653,0.972|0.653|0.652|0.628|0.624
p0656,Part 10: Majors and Courses,Course Descriptions,Courses with Course Subject: Environment (ENVIR),Course Descriptions,272,"ENVIR 402 Chemical Transformation of Environmental Contaminants (4 credits) Mechanisms and principles underlying organic contaminant transformations in the ambient environment. Topics include hydrolysis, oxidation/reduction, direct and indirect photolysis, and reactions with disinfectant chemicals. Reactions will be considered in context of both natural (e.g. surface water and cloudwater) and engineered (e.g. drinking water, wastewater, and groundwater remediation) systems. Approaches will include both qualitative (reaction mechanism and product identification) as well as quantitative (reaction kinetics and stoichiometry) aspects of environmental reaction chemistry. Prerequisite(s): CHEM 110 or 120",85,8,Chem / Phys / Intgsci,7.3282566,-1.7133576,0.24085913598537445,1,p0650|p0652|p0655|p0513|p0508,0.741|0.636|0.628|0.612|0.528
p0657,Part 10: Majors and Courses,Course Descriptions,Courses with Course Subject: Environment (ENVIR),Course Descriptions,272,"ENVIR 403 Energy Economics and Policy (4 credits) This course examines the economics of markets and policies for different energy supply sources (such as petroleum, coal, natural gas, electricity, renewables, nuclear), energy demand and efficiency, and their interactions with each other and with the rest of the economy and environment. We will explore rationales for why markets for energy and energy-using technologies have historically been subject to extensive government intervention. Other topics include markets for energy and energy-using technologies, energy price regulation, and energy security. Prerequisite(s): ECON 101",88,3,Econ / Pricing / Microeconomics,8.456926,-1.2507474,0.35919255018234253,0,p0648|p0616|p0651|p0643|p0609,0.689|0.654|0.575|0.542|0.542
p0658,Part 10: Majors and Courses,Course Descriptions,Courses with Course Subject: Environment (ENVIR),Course Descriptions,272,"ENVIR 404 Environmental Justice: The Economics of Race, Place and Pollution (4 credits) Minorities and low-income households bear a disproportionate burden from environmental pollution. The inequality may happen in many countries, cultures and contexts. This course examines ways in which environmental injustices in the USA, China and in the world may arise out of discriminatory behavior and/or market forces founded on individual, firm, and government incentives. The course also analyses policies that are aimed at providing fair treatment and equal protection from pollution regardless of race, color, or income. The course first sets the theoretical framework used to document and explain disproportionate exposures. Based on this foundation, students then review existing empirical evidence through case studies and evaluate competing explanations of sources of injustice. The objective of this course is to enable students to examine environmental justice issues using an economics framework, which provides a different perspective for evaluating policies to address environmental inequities observed in today’s world. Prerequisite(s): ECON 201",161,3,Econ / Pricing / Microeconomics,8.293286,-0.9424887,0.4665524959564209,0,p0628|p0409|p0411|p0648|p0643,0.988|0.787|0.787|0.641|0.621
p0659,Part 10: Majors and Courses,Course Descriptions,Courses with Course Subject: Ethics and Leadership (ETHLDR),Course Descriptions,273,"ETHLDR 101 Ethics and Leadership (4 credits) This interdisciplinary course draws on philosophy, sociology and public policy to explore ethical leadership in the twenty-first century. From the challenges facing governments to decisions students confront daily, this course seeks to create and evaluate solutions to ethical dilemmas in a global world. Does a government have the right to insist on another government’s adherence to human rights standards? Should a museum be forced to return artifacts that were stolen centuries before the museum acquired them? Do corporations have an obligation to invest in their local communities? Do we have an obligation to help the poor and if so why?",107,4,Violence / Migration / Migrations,9.5031595,0.51994544,0.48894035816192627,0,p0662|p0661|p0669|p0665|p0670,0.618|0.566|0.562|0.557|0.537
p0660,Part 10: Majors and Courses,Course Descriptions,Courses with Course Subject: Ethics and Leadership (ETHLDR),Course Descriptions,273,"ETHLDR 108 Democracy and Inclusion: Hopes, Prospects, Dilemmas (2 credits) Existing democracies are marred by long-standing inequalities, deep-seated exclusions, and profound injustices. Many argue, however, that it is possible to create much more “inclusive” democratic societies. This course examines the core ideals behind this hope, the prospects for its realization, and the dilemmas of its pursuit. We look at normative and empirical literatures, drawn from diverse contexts and disciplines. Central questions include: When actors envision a more “just,” “inclusive” democratic society, what precisely are they envisioning? How do they justify their visions? What major strategies have been employed to create more “inclusive” democratic processes, and how effectively have they worked?",110,4,Violence / Migration / Migrations,10.0475445,0.4957443,0.30675777792930603,0,p0663|p0781|p0960|p0970|p0659,0.542|0.535|0.464|0.458|0.458
p0661,Part 10: Majors and Courses,Course Descriptions,Courses with Course Subject: Ethics and Leadership (ETHLDR),Course Descriptions,273,"ETHLDR 201 Ethics, Citizenship and the Examined Life (4 credits) Ethics, Citizenship and the Examined Life explores several related themes. It attends to traditional Asian and Western ideals and contemporary analyses of moral self-cultivation, personal achievement and meaning; to obligations beyond the self – to family, community, religion, party, nation, and humanity – and whether it is possible to reconcile the criteria for “doing the right thing” across cultures and ages; and to the ways in which Asian and Western philosophical and political traditions have addressed the relationship between a meritocratic elite and democratic forms of government. Prerequisite(s): GLOCHALL 201",100,4,Violence / Migration / Migrations,9.700477,0.51259106,0.464866578578949,0,p0669|p0663|p0659|p0798|p0416,0.607|0.603|0.566|0.529|0.517
p0662,Part 10: Majors and Courses,Course Descriptions,Courses with Course Subject: Ethics and Leadership (ETHLDR),Course Descriptions,273,"ETHLDR 202 Ethics, Markets, Politics (4 credits) What should be the relation between markets in which goods and services are exchanged, the state that has potential supportive and regulatory functions toward the markets, and ethical values such as human welfare, the desire for meaningful work, equality, and justice? To what extent can and should markets be regulated by the state for the sake of such values? Should businesses act on moral values as well as the profit motive? To what extent should consumers guide their choices in the market according to ethical values? An interdisciplinary approach through philosophy, political theory and economics.",102,3,Econ / Pricing / Microeconomics,9.508603,0.35340568,0.43142759799957275,0,p0659|p0894|p0669|p0668|p1019,0.618|0.554|0.550|0.493|0.487
p0663,Part 10: Majors and Courses,Course Descriptions,Courses with Course Subject: Ethics and Leadership (ETHLDR),Course Descriptions,274,"ETHLDR 203 Conceptions of Democracy and Meritocracy (4 credits) This course will examine democracy and meritocracy, exploring specifically the components, strengths, and liabilities of each. Particular focus will be on intersections between virtue, democracy and meritocracy. Readings will come from philosophy, political theory, history, and sociology. Potential application of these theories to the United States and to China, among other countries, will be discussed. Prerequisite(s): SOSC 101",67,5,Authoritarian / Regulatory / Polsci,9.938212,0.31929252,0.4939006567001343,0,p0661|p0660|p0968|p0960|p0962,0.603|0.542|0.522|0.505|0.496
p0664,Part 10: Majors and Courses,Course Descriptions,Courses with Course Subject: Ethics and Leadership (ETHLDR),Course Descriptions,274,"ETHLDR 204 Environmental Ethics (4 credits) This course addresses the morality of respecting the natural world, including plants, animals and all forms of planetary life for their own sake. Is pollution of air and water wrong in itself, and not simply because it damages resources that present and future generations of human beings need? Does the suffering of nonhuman animals impose a moral claim upon human beings? Do all species have a claim to survive in the face of human development? Different philosophical theories as well as a variety of cultural traditions of thought about the environment will be studied and discussed.",102,3,Econ / Pricing / Microeconomics,8.168876,-0.7591747,0.36980706453323364,0,p1043|p0643|p0903|p0646|p0645,0.710|0.679|0.661|0.640|0.576
p0665,Part 10: Majors and Courses,Course Descriptions,Courses with Course Subject: Ethics and Leadership (ETHLDR),Course Descriptions,274,"ETHLDR 205 Trust and Cross-Cultural Leadership (4 credits) Leadership works through the cultivation of trust between leaders and the people they lead. Leaders make trade-offs in providing direction (“coercive control”) versus cultivating trust-based commitment (“enabling control”). Recently, there has emerged the concept of “soft power,” which is the power to get others to want what you want through their attraction to your culture. Leaders often face the challenge of fostering trust across diverse cultures, values, and beliefs. This course draws on philosophy, political science, organizational behavior, sociology and psychology to study the conditions that foster trust within and across societies, and between leaders, the institutions of governance and the governed.",110,4,Violence / Migration / Migrations,9.479175,0.85165805,0.4453551471233368,0,p0414|p0659|p0416|p0415|p0321,0.562|0.557|0.535|0.522|0.521
p0666,Part 10: Majors and Courses,Course Descriptions,Courses with Course Subject: Ethics and Leadership (ETHLDR),Course Descriptions,274,"ETHLDR 206 Global Justice and Health Care (4 credits) The gap between those who receive the best health care and those who receive the worst health care in the world is staggering. Do all people have an equal right to long life and prosperity regardless of where they happen to live? Is there a right to basic health care? What should the most advantaged nations do for the least advantaged? This course studies philosophical theories of global justice, along with particular issues such as the “brain drain” of health care personnel from developing to rich countries, and the alleged bias of pharmaceutical companies against developing drugs most needed in developing markets.",111,4,Violence / Migration / Migrations,8.772874,0.21552928,0.3684098720550537,0,p0702|p0708|p0435|p0707|p0894,0.626|0.618|0.555|0.548|0.511
p0667,Part 10: Majors and Courses,Course Descriptions,Courses with Course Subject: Ethics and Leadership (ETHLDR),Course Descriptions,275,"ETHLDR 209 The Psychology of Justice (4 credits) What are the conditions under which people come to perceive their societies as just or unjust? What effects does living under conditions of injustice have on human psychology? This course will examine these questions through consideration of three topic areas. In Unit I, “Distributive Justice”, asking what justice in distribution of basic human resources consists in. In Unit II, “Social Justice”, exploring some of the psychological influences that contribute to prejudice and oppression, and how those influences shape the psychology of minority groups. In Unit III, “Restorative Justice”, examining the psychological underpinnings of a system of restorative justice that focuses on rehabilitation and reconciliation, and will examine the psychological complexities of instituting such a system under conditions of inequality.",127,4,Violence / Migration / Migrations,9.303697,0.2186238,0.359864205121994,0,p0894|p0666|p0417|p0658|p0628,0.488|0.481|0.471|0.457|0.442
p0668,Part 10: Majors and Courses,Course Descriptions,Courses with Course Subject: Ethics and Leadership (ETHLDR),Course Descriptions,275,"ETHLDR 301 Ethics of Nudging (4 credits) Behavioral economics and the idea of “nudging” have captured the attention of policy makers and the public. The idea that situations can be structured to make some choices and practices easier (and thus more likely) and make others harder (and thus less likely) is well established in psychology, organizational behavior, political science and sociology, but this raises the question of whether it is ethical for those in power to intentionally structure situations to nudge people one way or the other. This course will examine the work on behavioral economics and nudging, and the earlier research in other fields that underpins “nudging” and the practical moral dilemmas it raises.",115,9,Behavsci / Neurosci / Psych,10.124066,-1.3942337,0.2646158039569855,1,p0488|p0366|p0480|p0662|p0365,0.581|0.555|0.502|0.493|0.482
p0669,Part 10: Majors and Courses,Course Descriptions,Courses with Course Subject: Ethics and Leadership (ETHLDR),Course Descriptions,275,"ETHLDR 302 The Sociology of Morality and Politics (4 credits) Religious, philosophical, social and cultural psychology explain how morality varies so much across cultures, despite the fact that cultures share so many similarities and recurrent themes. This course explores the foundation, the virtues, narratives, and institutions that sit on top of shared moral foundations, and the ways in which they lead to conflict within and across nations as well as the possibilities for managing that conflict.",76,4,Violence / Migration / Migrations,9.37384,0.5778277,0.46093863248825073,0,p0661|p1045|p0659|p0662|p0665,0.607|0.591|0.562|0.550|0.519
p0670,Part 10: Majors and Courses,Course Descriptions,Courses with Course Subject: Ethics and Leadership (ETHLDR),Course Descriptions,275,ETHLDR 390: Junior Seminar: Advanced Topics (4 credits) This seminar is a core component of the interdisciplinary major in Ethics and Leadership. Students will apply to interdisciplinary topics the knowledge and methods of analysis that they have gained in different disciplines. Students will re-connect with the broader community of faculty and students in their major and further develop their capacities to translate between their areas of expertise and the larger questions and issues that apply across a variety of disciplines. The seminar will foster the ability to see their disciplinary knowledge from a wider perspective and to apply it flexibly. Specific topics will vary. This seminar is required for all juniors in the major. Other students may enroll with the permission of the instructor.,124,10,Career / Mindfulness / Advising,9.26358,2.4700482,0.5710856914520264,0,p0671|p0604|p0770|p0605|p0695,0.949|0.844|0.819|0.797|0.701
p0671,Part 10: Majors and Courses,Course Descriptions,Courses with Course Subject: Ethics and Leadership (ETHLDR),Course Descriptions,276,ETHLDR 490: Senior Seminar: Advanced Topics (4 credits) This seminar is a core component of the interdisciplinary major in Ethics and Leadership. Students will apply to interdisciplinary topics the knowledge and methods of analysis that they have gained in different disciplines. Students will re-connect with the broader community of faculty and students in their major and further develop their capacities to translate between their areas of expertise and the larger questions and issues that apply across a variety of disciplines. The seminar will foster the ability to see their disciplinary knowledge from a wider perspective and to apply it flexibly. Specific topics will vary. This seminar is required for all seniors in the major. Other students may enroll with the permission of the instructor.,124,10,Career / Mindfulness / Advising,9.275092,2.476858,0.5826863050460815,0,p0670|p0605|p0770|p0604|p0699,0.949|0.893|0.887|0.840|0.766
p0672,Part 10: Majors and Courses,Course Descriptions,Courses with Course Subject: French (FRENCH),Course Descriptions,277,"FRENCH 24 Advanced Intermediate French Language and Culture (4 credits) Credit for Advanced Placement on the basis of the College Board Examination in French, French Language or French Literature.",29,1,Physedu / Japanese / Italian,15.249252,5.1408725,0.48832467198371887,0,p0674|p0630|p1067|p0773|p0629,0.784|0.768|0.727|0.720|0.708
p0673,Part 10: Majors and Courses,Course Descriptions,Courses with Course Subject: French (FRENCH),Course Descriptions,277,"FRENCH 101 Beginning French 101 (4 credits) This is an introductory French course in which students use French to communicate during class meetings and breakout sessions. The main objective is to develop the following intertwined proficiencies: linguistic and communicative skills (speaking, listening, reading, and writing), intercultural competence (knowledge, skills, and attitudes), as well as critical understanding of the French-speaking world in order to communicate in French (talk with others, express ideas in writing, read and understand what others have written or said). At the end of the term, students should be able to comprehend inputs, and express themselves, in a variety of familiar everyday contexts. This course is also designed to help students learn to become more effective independent language learners.",121,1,Physedu / Japanese / Italian,12.635832,5.026803,0.5060164928436279,0,p0675|p0672|p0631|p0635|p0632,0.631|0.628|0.595|0.580|0.579
p0674,Part 10: Majors and Courses,Course Descriptions,Courses with Course Subject: German (GERMAN),Course Descriptions,278,"GERMAN 24 Advanced Placement in German (4 credits) Credit for Advanced Placement on the basis of the College Board Examination in German, German Language and Literature.",26,1,Physedu / Japanese / Italian,15.306741,5.1976733,0.42522376775741577,0,p0630|p0672|p0773|p0629|p1067,0.784|0.784|0.728|0.718|0.704
p0675,Part 10: Majors and Courses,Course Descriptions,Courses with Course Subject: German (GERMAN),Course Descriptions,278,"GERMAN 101 Beginning German 1 (4 credits) This is the first course in the beginning level German sequence. In this course students will build a solid base of vocabulary and pronunciation skills and set a foundation for reading, writing, listening and speaking in order to begin to engage in daily life in German. In this course students will also learn about how to learn a new language and about how to independently build language skills. This course will mostly be conducted in German and students will consistently and systematically use German to communicate both in and out of the classroom. There is no prerequisite.",104,1,Physedu / Japanese / Italian,12.880574,4.9166603,0.5166181325912476,0,p0776|p0777|p0774|p0521|p0632,0.759|0.730|0.696|0.661|0.637
p0676,Part 10: Majors and Courses,Course Descriptions,Courses with Course Subject: Global China Studies (GCHINA),Course Descriptions,279,"GCHINA 201 From Empire to Nation (4 credits) This course examines concepts and theories of empire, imperialism, colonialism, and the nation- state, with a particular focus on their circulation and impact in East Asia and China. We trace the history of Western theories of ""nation,"" looking at what the term meant prior to the European nation-state and the imperialist and colonial projects of the 19th and early 20th centuries, and we examine what they mean in the present era of multiculturalism and globalization. We explore how historically Chinese conceptions of civilization and empire were transformed in post-imperial era. We look also at how related concepts of race, ethnicity, religion, gender, and culture have traveled from the West, through the Soviet Union, to China and beyond.",125,11,Asia / Migration / Ethnic,12.184599,1.956627,0.4188656806945801,0,p0599|p0693|p0720|p0749|p0689,0.701|0.656|0.626|0.611|0.609
p0677,Part 10: Majors and Courses,Course Descriptions,Courses with Course Subject: Global China Studies (GCHINA),Course Descriptions,279,"GCHINA 202 Modern Chinese Politics (4 credits) How is the Chinese political system organized? What are the rules, both formal and informal, about how policy is made in China? What determines whether a policy actually works in China? How do everyday people experience politics in China? This class introduces students to readings, arguments, and concepts that begin to explore the answers to these questions. One of the goals for the class is that students can start to recognize systematic patterns and a logic of action in how the Chinese political system operates.",92,5,Authoritarian / Regulatory / Polsci,12.581969,2.3126857,0.5758092999458313,0,p0682|p0955|p0681|p0555|p0683,0.765|0.641|0.639|0.636|0.634
p0678,Part 10: Majors and Courses,Course Descriptions,Courses with Course Subject: Global China Studies (GCHINA),Course Descriptions,279,"GCHINA 203 Visual China (4 credits) From film’s first appearance at a Shanghai teahouse in August 1896 to Jackie Chan’s latest transnational stardom, the history of modern Chinese cinema has always sought to raise questions of national and cultural identity. How do Chinese films between the two fins-de-siècle create the spectacle of “China,” narrate its history, and represent its increasingly diversified cultural landscapes both at home and abroad? Students will study photography, documentary film, cinema and social media in China from the 1930s “Leftist” films to present.",87,11,Asia / Migration / Ethnic,12.069387,2.362469,0.36932075023651123,0,p0692|p0693|p0740|p0679|p0420,0.632|0.594|0.585|0.560|0.550
p0679,Part 10: Majors and Courses,Course Descriptions,Courses with Course Subject: Global China Studies (GCHINA),Course Descriptions,280,"GCHINA 301 China’s Transitioning Economy (4 credits) This course provides a comprehensive overview of the Chinese economy and China’s role in the world economy. China’s current economic challenges will be given particular attention. Topics addressed will include: the Chinese economy before 1949; the socialist era, 1949-1978; economic reform and market transition; the role of state enterprises; the return of private and family business; foreign investment; foreign trade; China’s role in the East Asian trade-production network; China’s evolving financial system; Chinese monetary and exchange rate policy; China’s role in global trade balances; the internationalization of the Yuan; and the current effort to rebalance the Chinese economy from an investment to a consumption economy.",112,11,Asia / Migration / Ethnic,12.651456,2.0700972,0.39435794949531555,0,p0954|p0682|p0955|p0421|p0426,0.820|0.818|0.682|0.601|0.591
p0680,Part 10: Majors and Courses,Course Descriptions,Courses with Course Subject: Global China Studies (GCHINA),Course Descriptions,280,"GCHINA 302 The Factory: From Socialist Industrialism to World Assembly (4 credits) The rise of China and its economic transition are inseparable from the workings of the factories and the feminization of labor on those assembly lines. For most workers, the factory has been not simply a place to work, but also a “habitus” where rest, sustenance, leisure and consumption are conditioned, regulated, and at times, contested. In this highly interdisciplinary course we will examine the factory not only as a political and economic unit of disciplined work, but also as a cultural and ideological space wherein dreams and anxieties are produced and exhausted.",104,11,Asia / Migration / Ethnic,12.627202,2.1086762,0.3722641170024872,0,p0682|p0679|p0676|p0385|p0392,0.600|0.587|0.553|0.552|0.551
p0681,Part 10: Majors and Courses,Course Descriptions,Courses with Course Subject: Global China Studies (GCHINA),Course Descriptions,280,GCHINA 390 Junior Seminar: Advanced Topics (4 credits) This seminar is a core component of the interdisciplinary major in Global China Studies. Students will apply to interdisciplinary topics the knowledge and methods of analysis that they have gained in different disciplines. Students will re-connect with the broader community of faculty and students in their major and further develop their capacities to translate between their areas of expertise and the larger questions and issues that apply across a variety of disciplines. The seminar will foster the ability to see their disciplinary knowledge from a wider perspective and to apply it flexibly. Specific topics will vary. This seminar is required for all juniors in the major. Other students may enroll with the permission of the instructor.,124,10,Career / Mindfulness / Advising,9.347075,2.4212756,0.614460825920105,0,p0683|p0695|p0604|p0699|p0605,0.981|0.777|0.770|0.761|0.734
p0682,Part 10: Majors and Courses,Course Descriptions,Courses with Course Subject: Global China Studies (GCHINA),Course Descriptions,280,"GCHINA 401 Political Economy of the Chinese Reform (4 credits) This course is a reading and research seminar that aims to provide students with a solid, broad understanding of China’s reform policies, programs, and strategies since 1978. It also examines the lessons the Chinese reformers and people learned from the 40-year reform experience as well as the challenges facing the Chinese economy and society in the future. Reading materials include both authoritative and new works on China’s politics, institutions, and economic development at various stages of the reform period. Students have opportunities to apply basic economic theories to the empirical analysis of China’s economic transitions and sociopolitical change. Prerequisite: Consent of the Instructor",113,11,Asia / Migration / Ethnic,12.70702,2.2107239,0.4855416417121887,0,p0955|p0679|p0677|p0954|p0681,0.856|0.818|0.765|0.686|0.629
p0683,Part 10: Majors and Courses,Course Descriptions,Courses with Course Subject: Global China Studies (GCHINA),Course Descriptions,281,GCHINA 490 Senior Seminar: Advanced Topics (4 credits) This seminar is a core component of the interdisciplinary major in Global China Studies. Students will apply to interdisciplinary topics the knowledge and methods of analysis that they have gained in different disciplines. Students will re-connect with the broader community of faculty and students in their major and further develop their capacities to translate between their areas of expertise and the larger questions and issues that apply across a variety of disciplines. The seminar will foster the ability to see their disciplinary knowledge from a wider perspective and to apply it flexibly. Specific topics will vary. This seminar is required for all juniors in the major. Other students may enroll with the permission of the instructor.,124,10,Career / Mindfulness / Advising,9.3239765,2.4129915,0.6242101192474365,0,p0681|p0699|p0605|p0695|p0604,0.981|0.800|0.785|0.765|0.760
p0684,Part 10: Majors and Courses,Course Descriptions,Courses with Course Subject: Global Cultural Studies (GCULS),Course Descriptions,282,"GCULS 105 Critical Comparative Studies (4 credits) What is “culture”? Where can we observe it and how can we study it? And, most importantly for a globalizing world: Can we compare “cultures”? What are the assumptions and parameters that would make such comparison possible in the first place? This course addresses the forces and concerns central to understanding culture and cultural difference. Discussions will pay attention to both the global and local/regional levels on which culture can be observed and compared. Understandings of culture touch upon many forces and concerns, including questions of gender, ideology, religion, nationalism and colonialism. By building a firm understanding of the theoretical approaches to culture, this course will explore the toolbox of comparative cultural studies.",120,4,Violence / Migration / Migrations,10.7316675,1.4904431,0.49305248260498047,0,p0432|p1059|p0431|p0689|p0695,0.659|0.653|0.617|0.600|0.596
p0685,Part 10: Majors and Courses,Course Descriptions,Courses with Course Subject: Global Cultural Studies (GCULS),Course Descriptions,282,"GCULS 106 Our Cities and Ourselves (2 credits) What is a city? How do cities shape the everyday lives and experiences of those who live in them, as well as cultural conceptions of modernity and civilization? Pairing texts drawn from literature and the interdisciplinary field of urban studies, this course will study how writers and thinkers have sought to express and analyze what it means to live in cities. By reading literary accounts of urban life such as Mu Shiying in Shanghai, James Joyce in Dublin, Michel de Certeau in New York, and Orhan Pamuk in Istanbul, alongside perspectives from urban planners and sociologists such as Liang Sicheng, Jane Jacobs, Saskia Sassen, and Spiro Kostof, you will engage with some of the most creative and influential ideas concerning the complex relationship between our cities and ourselves.",136,4,Violence / Migration / Migrations,11.61043,2.3655558,0.4040946364402771,0,p0865|p0692|p1001|p0726|p1051,0.583|0.560|0.547|0.521|0.515
p0686,Part 10: Majors and Courses,Course Descriptions,Courses with Course Subject: Global Cultural Studies (GCULS),Course Descriptions,282,"GCULS 107 Berlin-Paris: Sex, Cigarettes, and the Meaning of Life (2 credits) A trip to Europe is not complete without Paris and Berlin: cities of light and darkness, of excesses and extremes. In this course, we will take a stroll around these two world capitals in the company of artists, philosophers, filmmakers, and writers as we try to capture the historical, creative, and existential dilemmas of the times. From Nietzsche to Benjamin by way of the open-minded and gender-fluid nightlife of the Weimar Republic; from Camus to Sartre and Beauvoir by way of the cigarettes and experimentation of the Nouvelle Vague, this course will give an overview of what Berlin and Paris were up to between the late 1800s and the 1950s—and, in doing so, will inquire about the meaning of life.",132,4,Violence / Migration / Migrations,11.434586,2.1991062,0.3346050977706909,0,p0685|p0692|p0726|p0803|p0865,0.504|0.416|0.412|0.403|0.394
p0687,Part 10: Majors and Courses,Course Descriptions,Courses with Course Subject: Global Cultural Studies (GCULS),Course Descriptions,282,"GCULS 108 Science, Culture, and Politics (2 credits) What is science? Who has the authority to determine what qualifies as science? Is all scientific knowledge inherently political? This class will focus on the human dimensions of science. We will examine a number of topics, including Social Darwinism and contemporary global climate change discourse. Drawing from recent scholarship in the history of science, the class will explore debates about the meaning and origins of scientific modernity. Did “modern science” originate in the “West” before diffusing elsewhere? We will also focus on questions of identity and representation in the making of scientific cultures.",101,4,Violence / Migration / Migrations,11.253604,-0.54934627,0.515735924243927,0,p0900|p0684|p1058|p1046|p0695,0.528|0.520|0.520|0.516|0.501
p0688,Part 10: Majors and Courses,Course Descriptions,Courses with Course Subject: Global Cultural Studies (GCULS),Course Descriptions,283,"GCULS 201 Culture and Industry (4 credits) Apple is currently the most valuable company/brand in the world. Despite its technological origin, the company has always valued design, interface, affect, imagination and creativity - skills that the humanities and the interpretive social sciences offer and promote. This course examines how cultural studies, in its analyses of fandom, reception theory, cultural hegemony, etc., provide students the theoretical skills to understand, analyze and prepare for working in the emerging creative industries in China today. Topics that might be included in this course: cultural industry and modernity, popular culture and everyday life, representations of gender and sexuality in advertisement, the impact of new social media and information technology, and censorship.",116,11,Asia / Migration / Ethnic,11.830878,2.498678,0.5164662003517151,0,p0693|p0692|p0432|p0793|p0420,0.609|0.601|0.597|0.588|0.572
p0689,Part 10: Majors and Courses,Course Descriptions,Courses with Course Subject: Global Cultural Studies (GCULS),Course Descriptions,283,"GCULS 202 Empires and Culture (4 credits) In 1800, Europeans controlled 35 percent of the earth’s land surface. By 1914, it was 84 percent; American and Japanese imperialism soon followed. Beyond political control and economic exploitation, culture was instrumental in legitimizing imperial rule through the discourses of civilizing mission, scientific racism, social Darwinism, and in the Japanese case, a co-prosperity for Asians through assimilation. However, colonized peoples contested imperialism and colonialism through cultural practices such as mimicry, “signifying”, literary practice, and critique of liberalism and humanism. This course examines how culture is inscribed in the workings and failings of empires and their legacies.",103,11,Asia / Migration / Ethnic,11.743801,1.9687234,0.4405529797077179,0,p0676|p0684|p0692|p0737|p0793,0.609|0.600|0.562|0.559|0.551
p0690,Part 10: Majors and Courses,Course Descriptions,Courses with Course Subject: Global Cultural Studies (GCULS),Course Descriptions,283,"GCULS 301 Religion and Sexuality (4 credits) This course offers a critical examination of the relation of religion and sexuality with special attention to Buddhist literature and experience. The course equips students with tools from religious theory, gender theory, and critical theory, which are then used to interpret a range of phenomena including: religious interpretations of sex, sexuality, and gender; the codification and normalization of these rules through texts, symbols, and practices; and recent challenges to these interpretations. Topics include homosexuality, same-sex marriage, abortion, contraception, gender equality, clerical marriage, married clerics' wives, and clerical sexual abuse. Places Buddhism in conversation with Jewish, Christian, and Islamic traditions.",106,4,Violence / Migration / Migrations,8.934415,1.1163355,0.5324816107749939,0,p0691|p1036|p1038|p1032|p0699,0.577|0.568|0.561|0.550|0.538
p0691,Part 10: Majors and Courses,Course Descriptions,Courses with Course Subject: Global Cultural Studies (GCULS),Course Descriptions,283,"GCULS 302 Gender in Global Perspective (4 credits) Is every-body either male or female? Does the body precede being female or male, black or white, gay or straight? Has the body always been so throughout history? This seminar will use interdisciplinary and cross-cultural lenses to examine gender, one of the most important aspects by which our bodies are categorized. We will consider the contestation of “gender” in the context of decolonial critique and conservative “anti-Gender” backlash; and will read a wide range of texts on questions such as embodiment, medicine, historiography, trans debate, and performativity.",95,4,Violence / Migration / Migrations,9.861197,1.4021239,0.41211116313934326,0,p0690|p0695|p0589|p0699|p0687,0.577|0.474|0.474|0.473|0.464
p0692,Part 10: Majors and Courses,Course Descriptions,Courses with Course Subject: Global Cultural Studies (GCULS),Course Descriptions,284,"GCULS 303 Chinatowns: A Cultural History (4 credits) This course explores the intersection of space and ethnicity through the myriad ways Chinatown has circulated as memory, fantasy, narrative, and myth in the dominant cultural imagination. Through this exploration, the course engages the lived realities of overseas Chinese communities, placing them in the broader context of Asian American history. It aims to show how changing conceptions of “Chineseness” have productively engaged with real Chinatowns from Japan to America, and the phantom Chinatowns of film and fiction. Employing multidisciplinary approaches including urban history, architecture and ethnography, the course reveals how the Chinatowns of myth and memory intersect with the lived reality of overseas Chinese communities.",113,11,Asia / Migration / Ethnic,11.749489,2.3258417,0.48158717155456543,0,p0786|p0599|p0693|p0678|p0738,0.682|0.641|0.635|0.632|0.603
p0693,Part 10: Majors and Courses,Course Descriptions,Courses with Course Subject: Global Cultural Studies (GCULS),Course Descriptions,284,"GCULS 304 Chinese Culture and Ideology in the 20th Century and Now (4 credits) This course considers a variety of literary texts from the perspective of the nexus of cultures and societies in Asia, primarily on modern and contemporary China. This course exposes students to cultural and literary expressions and representations of modern China from the beginning of the 20th century to the present. It explores issues of politics and ideology and the formation of Chinese exceptionalism. The class is divided into two parts: 1. the beginning of the 20th century (1900-1949) and the Mao era (1949-1976); 2. contemporary China since the era of reform and opening up (1978- present). The course takes comparative, interdisciplinary approaches of intellectual and cultural history, literary and cultural studies, and political science. It aims at unraveling the complex relationship of political, ideological formations and cultural, intellectual movements in modern China within the global context of Asia and beyond.",154,11,Asia / Migration / Ethnic,12.249488,2.5208292,0.606584370136261,0,p0721|p0559|p0421|p0420|p0555,0.701|0.689|0.673|0.671|0.669
p0694,Part 10: Majors and Courses,Course Descriptions,Courses with Course Subject: Global Cultural Studies (GCULS),Course Descriptions,284,"GCULS 305 Translation for Stage and Screen (4 credits) This course develops skills in translation between English and Chinese in the context of theatre and film. Is performance translatable? How can a translator of subtitles deal with complex cultural references while maintaining brevity and without the luxury of footnotes? Should a translation be loyal to the playwright or to the performer? Can it anticipate audience interpretations and should it guide them? Students compare translations of key works, develop translations for performances within the local community and consider the role of the translator as a mediator of meaning within a complex system of cultural production.",104,0,Audio / Digital / Mediart,11.633935,2.8936613,0.4308728575706482,0,p0866|p0848|p0794|p0783|p0806,0.516|0.507|0.501|0.497|0.496
p0695,Part 10: Majors and Courses,Course Descriptions,Courses with Course Subject: Global Cultural Studies (GCULS),Course Descriptions,284,GCULS 390 Junior Seminar: Advanced Topics (4 credits) This seminar is a core component of the interdisciplinary major in Global Cultural Studies. Students will apply to interdisciplinary topics the knowledge and methods of analysis that they have gained in different disciplines. Students will re-connect with the broader community of faculty and students in their major and further develop their capacities to translate between their areas of expertise and the larger questions and issues that apply across a variety of disciplines. The seminar will foster the ability to see their disciplinary knowledge from a wider perspective and to apply it flexibly. Specific topics will vary. This seminar is required for all juniors in the major. Other students may enroll with the permission of the instructor.,124,10,Career / Mindfulness / Advising,9.264681,2.4083164,0.666659414768219,0,p0699|p0604|p0605|p0681|p0683,0.958|0.823|0.779|0.777|0.765
p0696,Part 10: Majors and Courses,Course Descriptions,Courses with Course Subject: Global Cultural Studies (GCULS),Course Descriptions,285,"GCULS 401 Games and Culture: Politics, Pleasure and Pedagogy (4 credits) This course examines analog and computer games from a cultural perspective. It explores how prevailing cultures and values affect game design, their popularity, and user experience. By examining the design of games, the course treats games, as cultural artefacts, and aims to understand how they engage broader cultural and political themes, such as imagining disaster, utopia and dystopia. By examining their popularity among different social, gender and ethnic groups, the course investigates contemporary cultural concerns such as gender politics and racial representation. By exploring the user experience, especially in the arena of massively multiplayer role-playing games (MMRPGs), the course investigates questions of role-playing and identity, ethics, group behavior, competition, and politics.",122,4,Violence / Migration / Migrations,10.277115,2.8908386,0.42643117904663086,0,p0873|p0380|p0688|p0849|p0697,0.591|0.584|0.516|0.476|0.456
p0697,Part 10: Majors and Courses,Course Descriptions,Courses with Course Subject: Global Cultural Studies (GCULS),Course Descriptions,285,"GCULS 402 Digital Tribes (4 credits) This course tracks digital life and creative expression of groups online in a close study of images, captions and hyperlinked tags. It examines rituals, symbols and cultural patterns that structure everyday life of digital tribes online and investigates impact of digital and social media (Weibo, Twitter, Instagram Facebook, livestreaming apps) on the constitution of communities online and offline. Studying varied array of digital tribes: tribes of the deaf, of oil rig workers, of Hindu worshippers, of prison wives and laptop entrepreneurs, students learn about underlying myths, rituals, and cultural symbols that connect groups of people online.",102,0,Audio / Digital / Mediart,10.843433,3.523328,0.45590996742248535,0,p0586|p0584|p0807|p0703|p0747,0.562|0.551|0.542|0.515|0.509
p0698,Part 10: Majors and Courses,Course Descriptions,Courses with Course Subject: Global Cultural Studies (GCULS),Course Descriptions,285,"GCULS 405 The Curatorial: Theory and Practice (4 credits) Is everyone a curator? The etymological meaning of to curate – to take care of – has become, with the ever-expanding meaning of art and exhibition making, both central to and contested by practitioners who carefully conceptualize, comment, organize, and show art. In this course, we ask fundamental questions of what curation does and should do. We will: 1. look at different theories of curation, illustrated by exemplary exhibitions across the world, 2. learn about curation in its multifaceted practicalities, 3. critically assess new trends in curation and artistic practices at large, 4. have opportunity to curate art exhibitions and/or cultural events on campus. Prerequisite: Consent of the Instructor",118,0,Audio / Digital / Mediart,10.583248,3.5462217,0.45998162031173706,0,p0880|p0745|p0724|p0695|p0699,0.929|0.583|0.559|0.536|0.520
p0699,Part 10: Majors and Courses,Course Descriptions,Courses with Course Subject: Global Cultural Studies (GCULS),Course Descriptions,285,GCULS 490 Senior Seminar: Advanced Topics (4 credits) This seminar is a core component of the interdisciplinary major in Global Cultural Studies. Students will apply to interdisciplinary topics the knowledge and methods of analysis that they have gained in different disciplines. Students will re-connect with the broader community of faculty and students in their major and further develop their capacities to translate between their areas of expertise and the larger questions and issues that apply across a variety of disciplines. The seminar will foster the ability to see their disciplinary knowledge from a wider perspective and to apply it flexibly. Specific topics will vary. This seminar is required for all seniors in the major. Other students may enroll with the permission of the instructor.,124,10,Career / Mindfulness / Advising,9.340236,2.3631694,0.6757069826126099,0,p0695|p0605|p0770|p0604|p0683,0.958|0.855|0.808|0.804|0.800
p0700,Part 10: Majors and Courses,Course Descriptions,Courses with Course Subject: Global Health (GLHLTH),Course Descriptions,286,"GLHLTH 101 Introduction to Global Health (4 credits) This course introduces students to the essential features of global health from the varying perspectives of natural science, social science, and the humanities, drawing from a variety of conceptual frameworks at different scales (individual, community, country, and global). This course examines the global burden of diseases, how this burden is measured, and debate the utility of interventions used for disease mitigation and prevention. This course also introduces the state of the world’s global health infrastructure and explores how that infrastructure might or should adapt to the future world. GLHLTH 105 Novel Coronavirus: Epidemics and Response in the Age of Global Interdependence (2 credits) The novel coronavirus outbreak has put public health onto the front pages of newspapers worldwide. However, the daily news cycle is hardly the best way to digest issues that require a contextual understanding of epidemiology, virology, history, sociology, and health humanities. This course will use the outbreak as a starting point for a multidisciplinary and interdisciplinary analysis that brings together diverse methodologies to gain a broader understanding of the crisis, its origins, and how to address it. Students will engage in intercultural collaboration and develop skills in problem solving and information literacy through readings, weekly class activities, and a culminating team project. Leading experts from various fields will engage the class in live, interactive participatory sessions. The course will be conducted fully online and will be cross listed between Duke Kunshan University and Duke University, allowing undergraduates from the two institutions to exchange ideas and learn from one another.",260,4,Violence / Migration / Migrations,8.491355,0.0062801656,0.4832783341407776,0,p0708|p0704|p0705|p0435|p0436,0.688|0.678|0.643|0.628|0.620
p0701,Part 10: Majors and Courses,Course Descriptions,Courses with Course Subject: Global Health (GLHLTH),Course Descriptions,286,"GLHLTH 110 Ecosystem Health and Human Well-Being (4 credits) Explores interactions between ecosystem health and human well-being in context of global change and human population growth. Effects of climate change on food supply, water availability, land degradation and human well-being; impact of species distribution, disease spread, and human health; ecosystem services and human well-being. Case studies used to illustrate the scientific process and to evaluate supporting evidence.",67,4,Violence / Migration / Migrations,7.5092335,-1.4066229,0.3030957579612732,0,p0494|p0646|p0664|p0704|p0708,0.651|0.496|0.488|0.485|0.478
p0702,Part 10: Majors and Courses,Course Descriptions,Courses with Course Subject: Global Health (GLHLTH),Course Descriptions,286,"GLHLTH 201 Global Health Ethics (4 credits) This course introduces students to ethical theories and frameworks in the context of historical and current issues in global health. As part of this context students learn about best practices and standards of care in clinical settings, so that they can make cross-cultural and transnational comparisons and use these to set up difficult ethical questions about health disparities. The course emphasizes self-reflection, cultural sensitivity, and flexibility in thinking about ethical issues in a globalized world. In the context of historical and current issues, students analyze and critique the choices of multinational, national, and local policymakers; clinicians; and researchers, with an eye to the impact these choices have on individuals, families, and communities. Students also explore ethical issues of conducting research on or working with marginalized/stigmatized populations, using case studies and the theoretical frameworks introduced in the course. Students are encouraged to think creatively about the relationship between ethics and health and to explore solutions to what appear to be ethical dilemmas in a variety of contexts. Topics include: human rights and development; the ethics of aid; differential standards of care; protection of human subjects; access to essential medicines; genetic information and confidentiality; pharmaceutical development; health information technology; placebo controlled trials; best outcomes vs. distributive justice.",212,4,Violence / Migration / Migrations,8.608715,0.15944698,0.48834407329559326,0,p0708|p0705|p0711|p0707|p0435,0.762|0.715|0.706|0.655|0.650
p0703,Part 10: Majors and Courses,Course Descriptions,Courses with Course Subject: Global Health (GLHLTH),Course Descriptions,287,"GLHLTH 202 Media and Health Communication (4 credits) This course examines health communication theory, research, and practice. Major topics include the impact of media on health and behavior; use of mass, new, and social media strategies for health promotion, patient-provider communication; and the role of culture in health communication campaign design. Students should have basic understanding of social science research methods. Students will develop the skills necessary to use media strategically to advance public health policies and social change. The course covers the design, implementation and evaluation of media campaigns to promote public health goals, and examines theories and research on media influences with respect to its potential harmful effects on wellbeing. Students will design a digital media- based health communication campaign.",122,0,Audio / Digital / Mediart,10.685633,3.6481168,0.45644354820251465,0,p0874|p0747|p0863|p0584|p0843,0.609|0.575|0.561|0.554|0.548
p0704,Part 10: Majors and Courses,Course Descriptions,Courses with Course Subject: Global Health (GLHLTH),Course Descriptions,287,"GLHLTH 203 Global Disease Control Programs and Policies (4 credits) This course presents the history, social and political context, organization, technical content, funding and evaluation of current, major, global initiatives for disease control. This course emphasizes programs focused on health problems of the developing world and includes, initiatives for vaccines and immunization, non-communicable diseases, safe motherhood and reproductive health, malaria, Neglected Tropical Diseases, HIV, emerging infectious diseases, TB, tobacco control, nutritional interventions and injury control. This course also examines the process of policy formulation and resource allocation to international health and disease control.",93,4,Violence / Migration / Migrations,8.465007,0.026671875,0.40178513526916504,0,p0708|p0700|p0705|p0707|p0702,0.791|0.678|0.652|0.642|0.607
p0705,Part 10: Majors and Courses,Course Descriptions,Courses with Course Subject: Global Health (GLHLTH),Course Descriptions,287,"GLHLTH 301 Global Health Research Methods (4 credits) This course introduces research methods in global health. Global health is a multi-disciplinary field, so the course considers approaches common to the behavioral and social sciences, public health, and medicine. Primary interest is the study of causal inference. Global health researchers, practitioners, and donors need to know what programs and interventions “work” and why. To answer questions of impact, the course explores randomized controlled trials, a mainstay of medical research, and spends significant time helping students understand the rationale, process, and limitations of field experiments. Randomization is not always possible or advisable, however, and researchers must build a causal argument using non-experimental methods. The course reviews several approaches, considers relevant threats to causal inference, and discusses how to improve non-experimental research designs. The course also covers research basics, such as developing and testing theory, asking good questions, understanding variability, designing good measurement, and selecting research participants. The latter part of the course turns to more specialized topics in global health research, such as cost effectiveness, community based participatory research, research on humanitarian aid, and monitoring and evaluation. Students will learn how to evaluate published and unpublished research and how to design a global health research project. Prerequisite(s): GLHLTH 101 or Consent of the Instructor",212,10,Career / Mindfulness / Advising,8.511693,0.06687664,0.4464128315448761,0,p0702|p0708|p0707|p0706|p0704,0.715|0.703|0.665|0.663|0.652
p0706,Part 10: Majors and Courses,Course Descriptions,Courses with Course Subject: Global Health (GLHLTH),Course Descriptions,288,"GLHLTH 302 Social Determinants of Health (4 credits) This course introduces students to the major social factors that affect public health at both the global and national level. Globally, students study a wide range of topics from the health impact of global income inequality, gender, and access to education, to the role of specific work place policies, among other topics. Lectures introduce a social variable (such as race or gender), discuss its theoretical underpinnings, and then link it to the current empirical evidence to health outcomes. Students learn to analyze the strengths and weaknesses of the empirical evidence. The course considers the implications for intervention strategies and policy, with a focus on applicability to lower and middle-income country settings. Students also study how social factors influence health and wellbeing, with a particular focus on national context in specific countries. Topics could include obesity, aging, socioeconomic disadvantage, access to health insurance, public health systems, the role of the media, and racial/ethnic and gender inequalities. The course provides descriptive assessments of health inequalities and analytic examinations of the mechanisms through which social factors affect health.",183,4,Violence / Migration / Migrations,8.603256,0.047420908,0.4704754650592804,0,p0707|p0708|p0705|p0702|p0435,0.726|0.683|0.663|0.604|0.584
p0707,Part 10: Majors and Courses,Course Descriptions,Courses with Course Subject: Global Health (GLHLTH),Course Descriptions,288,"GLHLTH 303 Global Comparative Health Care Systems (4 credits) This course introduces students to the components of health systems (populations, financing, payment, workforce, service delivery, information, medicines and technologies, governance) as they appear in various health system frameworks, and to the ways in which these components and their combinations vary from country to country around the world. The course focuses on comparisons across countries at the same economic level (high-, middle-, and low-income), as well as on comparisons across levels. The course also considers how to assess health system performance, with attention to how measures of performance are invariably tied to often implicit and varying conceptions of health from country to country and culture to culture. Students will learn about the most significant challenges facing health systems within each economic level and about successes and failures in meeting these challenges with health system reforms. The latter part of the course introduces students to the role of politics and policy in strengthening health systems. Throughout the course, students learn not only about health systems but also about what systems (physical, biological, social) are, how they function, and about how systems thinking can be applied fruitfully to the study of health systems. Prerequisite(s): GLHLTH 101",203,4,Violence / Migration / Migrations,8.531331,0.08843851,0.4971238374710083,0,p0708|p0706|p0705|p0702|p0704,0.771|0.726|0.665|0.655|0.642
p0708,Part 10: Majors and Courses,Course Descriptions,Courses with Course Subject: Global Health (GLHLTH),Course Descriptions,289,"GLHLTH 304 Global Health Governance and Policy (4 credits) This course introduces global health governance and policy in four modules: 1. Globalization; 2. Health; 3. Governance; 4. Policy. Draws on faculty from a range of disciplines, including anthropology, biology, economics, history, medicine, political science, public policy, and sociology, to situate the concept and practice of ""global health"" within these four broad themes. This course introduces students to the primary governmental, intergovernmental, private, and civil society actors in global health, and provides an understanding of current issues in global health policy, including the political economies of health care, decision-making processes, governance structures, and the resource-constrained realities of global health policy-making. Prerequisite(s): GLHLTH 101",112,4,Violence / Migration / Migrations,8.529715,0.13922887,0.5380373001098633,0,p0704|p0707|p0702|p0435|p0705,0.791|0.771|0.762|0.722|0.703
p0709,Part 10: Majors and Courses,Course Descriptions,Courses with Course Subject: Global Health (GLHLTH),Course Descriptions,289,"GLHLTH 305 Biological Basis of Disease (4 credits) This course covers the basics of the structure and function of major organ systems of the human body in health and disease. The course is geared towards any students who are interested in learning more about how the human body works, how disease develops, and how mind-body connections can alleviate the progression of a disease process. Prerequisite(s): GLHLTH 101, and INTGSCI 101 or BIOL 110",73,8,Chem / Phys / Intgsci,7.2052155,-2.0129871,0.41830378770828247,0,p0710|p0704|p0504|p0708|p0497,0.579|0.566|0.562|0.557|0.555
p0710,Part 10: Majors and Courses,Course Descriptions,Courses with Course Subject: Global Health (GLHLTH),Course Descriptions,289,"GLHLTH 306 Evolution of Health and Disease (4 credits) Covers evolutionary approaches to understand human health and disease at a global scale. Integration of evolutionary thinking and medical science provides new insights to a wide array of medical issues including obesity, cancer, allergies, and mental illness. Evolutionary perspectives reveal why some pathogens are more harmful than others, shed light on the origins and spread of infectious diseases in humans, and help in controlling antibiotic resistance. Evolutionary approaches provide insights as to why we age and provide solutions to alleviate human health problems that often differ from modern medical practice. Course will place these perspectives in the context of global health challenges. Prerequisite(s): GLHLTH 101, and INTGSCI 101 or BIOL 110",120,8,Chem / Phys / Intgsci,7.125474,-1.7490689,0.2764071226119995,1,p0709|p0500|p0493|p0700|p0494,0.579|0.553|0.536|0.525|0.523
p0711,Part 10: Majors and Courses,Course Descriptions,Courses with Course Subject: Global Health (GLHLTH),Course Descriptions,289,"GLHLTH 307 Global Mental Health (4 credits) Course examines global mental health from perspectives of culture, public health, epidemiology, human rights, policy, and intervention. Readings in the course focus on peer-reviewed research literature highlighting topics such as the prevalence of mental health disorders worldwide, the role of culture in mental health, and the interventions backed by strong evidence for prevention and treatment. Students will discuss and critique study methodologies and explore the needs for future research in this emerging field. Course is designed for students with prior research methods and psychology coursework. Prerequisites: GLHLTH 101 and either SOSC 102 or GLHLTH 301",102,4,Violence / Migration / Migrations,8.490106,0.084772445,0.49054914712905884,0,p0702|p0708|p0705|p0706|p0704,0.706|0.668|0.636|0.580|0.563
p0712,Part 10: Majors and Courses,Course Descriptions,Courses with Course Subject: Global Challenges (GLOCHALL),Course Descriptions,290,"GLOCHALL 201 Global Challenges in Science, Technology, and Health (4 credits) As the second common core course for DKU students, this course is designed to engage students in an exploration of global challenges in science, technology, and health. Students will attend to the general features of global challenges and the aspects of human nature and society that render these challenges so problematic. While students will investigate in common a number of discrete challenges, they will also work collaboratively in teams to investigate a global challenge, communicate effectively about it to a wide audience, and propose interventions. The course is animated by DKU’s mission to prepare students to work collaboratively and wisely to confront global challenges with imagination and rigor. Prerequisite(s): GCHINA101",121,10,Career / Mindfulness / Advising,9.060895,1.9801207,0.6199291348457336,0,p0695|p0708|p0699|p0681|p0700,0.588|0.583|0.582|0.570|0.565
p0713,Part 10: Majors and Courses,Course Descriptions,Courses with Course Subject: History (HIST),Course Descriptions,291,HIST 20 Basic Art History (4 credits) Credit for Advanced Placement on the basis of the College Board examination in art history.,22,1,Physedu / Japanese / Italian,15.263456,5.416242,0.4575306475162506,0,p0715|p0716|p0477|p0717|p0718,0.787|0.781|0.733|0.727|0.706
p0714,Part 10: Majors and Courses,Course Descriptions,Courses with Course Subject: History (HIST),Course Descriptions,291,HIST 21 World History (4 credits) Credit for Advanced Placement on the basis of College Board examination in World History,20,1,Physedu / Japanese / Italian,15.300484,5.5360885,0.464260458946228,0,p0715|p0716|p0718|p0717|p0713,0.799|0.787|0.787|0.786|0.694
p0715,Part 10: Majors and Courses,Course Descriptions,Courses with Course Subject: History (HIST),Course Descriptions,291,HIST 23 American History I (4 credits) Credit for Advanced Placement on the basis of College Board examination in American History (score of 4 or 5) or equivalent,28,1,Physedu / Japanese / Italian,15.274436,5.463076,0.4371957778930664,0,p0716|p0717|p0718|p0714|p0713,0.974|0.832|0.800|0.799|0.787
p0716,Part 10: Majors and Courses,Course Descriptions,Courses with Course Subject: History (HIST),Course Descriptions,291,HIST 24 American History II (4 credits) Credit for Advanced Placement on the basis of College Board examination in American History (score of 4 or 5) or equivalent,28,1,Physedu / Japanese / Italian,15.280007,5.4682755,0.43586838245391846,0,p0715|p0718|p0717|p0714|p0713,0.974|0.811|0.810|0.787|0.781
p0717,Part 10: Majors and Courses,Course Descriptions,Courses with Course Subject: History (HIST),Course Descriptions,291,HIST 25 European History I (4 credits) Credit for Advanced Placement on the basis of College Broad examination in European History (score of 4 or 5) or equivalent,28,1,Physedu / Japanese / Italian,15.286112,5.4185376,0.42201948165893555,0,p0718|p0715|p0716|p0714|p0713,0.973|0.832|0.810|0.786|0.727
p0718,Part 10: Majors and Courses,Course Descriptions,Courses with Course Subject: History (HIST),Course Descriptions,291,HIST 26 European History II (4 credits) Credit for Advanced Placement on the basis of College Broad examination in European History (score of 4 or 5) or equivalent,28,1,Physedu / Japanese / Italian,15.285028,5.4651184,0.4217953085899353,0,p0717|p0716|p0715|p0714|p0713,0.973|0.811|0.800|0.787|0.706
p0719,Part 10: Majors and Courses,Course Descriptions,Courses with Course Subject: History (HIST),Course Descriptions,291,"HIST 101 Ancient Chinese History (4 credits) This course examines the origin stories of Chinese civilization as found in the historical documents and archeological evidence from the Warring States period. Students use primary source material and historical evidence to interpret the theories of Confucius, Mozi, Laozi, Zhuangzi, and Han Feizi in their historical, social and political contexts, with special regard to the their understanding of the state, the role of government, the military, and civil education. The course then examines the attempts to forge a unified empire, finally achieved under the Qin, and the subsequent policies of the Han dynasty that aimed to make the unified empire last. The course involves visits to local archeological sites where relevant.",118,11,Asia / Migration / Ethnic,12.597259,2.6484225,0.5666751265525818,0,p0721|p0750|p0720|p0693|p0555,0.841|0.699|0.662|0.656|0.650
p0720,Part 10: Majors and Courses,Course Descriptions,Courses with Course Subject: History (HIST),Course Descriptions,291,"HIST 102 Medieval Chinese History (4 credits) This course examines what Hu Shi has called the “Indianization” of China. It traces the import of Buddhist ideas, values and practices from India and central Asia, and their impact on Chinese society, religion and politics. It examines the notion of China as multireligious, multiethnic empire and considers the transition from political diversity in the Six Dynasties period to renewed unity in Sui and Tang dynasties. With Chang’an (Xi’an) as the capital of a culturally rich and diverse China, the course examines the impact of a newly discovered inner-Asian cosmopolitanism on Tang aristocracy, culture, religion and politics.",104,11,Asia / Migration / Ethnic,12.319145,2.3212554,0.3720186948776245,0,p0721|p0719|p1039|p0676|p0693,0.668|0.662|0.636|0.626|0.625
p0721,Part 10: Majors and Courses,Course Descriptions,Courses with Course Subject: History (HIST),Course Descriptions,292,"HIST 103 Premodern Chinese History (4 credits) The course introduces the foundations of modern China from the Song Dynasty up through the late imperial period (about 1800 CE to 1911). It will cover the major historical events, developments, and trends -- social, political, economic, philosophical, literary, cultural, multi-ethnic, and China’s relations with the other regions. The main focus of the course will be on primary sources, which include dynastic histories, historical biographies, novels, folktales, satires, poetry, contracts, ritual manuals, diaries, letters, scientific treatises, philological studies, and court debates. This course will take an interdisciplinary approach, integrating history with literary studies, philosophy, and anthropology, in order for student to better understand these texts in their historical context.",116,11,Asia / Migration / Ethnic,12.542472,2.777939,0.6368427276611328,0,p0719|p0750|p0693|p0542|p0556,0.841|0.763|0.701|0.688|0.679
p0722,Part 10: Majors and Courses,Course Descriptions,Courses with Course Subject: History (HIST),Course Descriptions,292,"HIST 104 American History to 1876 (4 credits) This course will survey the history of the present-day United States from precolonial times (pre- 1500) to 1876. This was a tumultuous era of American, and world history, fraught with conquest and enslavement, revolutions and civil wars, mass migrations and democratization. This course will particularly investigate indigenous societies, European colonization and African slavery, the American Revolution and the founding of the US nation-state, social movements, sectional conflicts, expansionism and the American Civil War, as well as the reconstruction of American democracy in the wake of the Civil War. Throughout, the course will emphasize the place of the US in global history, the growth of American capitalism, tensions between race and democracy, and the various contributions of women, slaves, merchants, planters, Native Americans, and workers to American culture and politics.",137,4,Violence / Migration / Migrations,11.0187025,1.3698553,0.47011029720306396,0,p0723|p0472|p0753|p0961|p0743,0.743|0.645|0.605|0.580|0.578
p0723,Part 10: Majors and Courses,Course Descriptions,Courses with Course Subject: History (HIST),Course Descriptions,292,"HIST 105 American History from Reconstruction to the Present (4 credits) This course will survey the history of the United States, from the downfall of Reconstruction (1877) to the present day. Globally, this era was marked by industrialization, the consolidation and collapse of colonial empires, World Wars, socialist revolutions, decolonization, and the emergence of the United States as the world’s pre-eminent geopolitical and economic power. This course will investigate America’s place within these global transformations. It will explore the rise of America’s industry and the expansion of its frontiers (both within and beyond North America). It will explore the impact of immigrants from across the world upon American society. It will explore America’s role in two World Wars and the global Cold War. It will also examine the shifts in American politics, from the expansion of women’s rights, labor rights, and African American rights, to the New Deal and Neo-Conservatism, to Barack Obama and Donald Trump.",156,4,Violence / Migration / Migrations,11.024324,1.3112369,0.4759278893470764,0,p0722|p0472|p0961|p0743|p0780,0.743|0.672|0.651|0.609|0.604
p0724,Part 10: Majors and Courses,Course Descriptions,Courses with Course Subject: History (HIST),Course Descriptions,293,"HIST 106 Art History 1 (4 credits) Rather that aiming at a comprehensive survey, this course offers an introduction to key moments in the intersection of history, politics and visual art in the world before 1900s. It places art in a global context, highlighting themes from European, Asian, African and Indigenous art and focuses on art as the exercise of cultural power, and the way that artists have both promoted and resisted these entanglements with elite authority. In each case studied, students will gain sufficient historical background to understand the art in question, but will also engage in the comparative study of art to highlight issues of power, religion, class, and gender.",112,0,Audio / Digital / Mediart,11.029139,3.2879477,0.5140699148178101,0,p0745|p0746|p0742|p0867|p0880,0.832|0.673|0.630|0.627|0.574
p0725,Part 10: Majors and Courses,Course Descriptions,Courses with Course Subject: History (HIST),Course Descriptions,293,"HIST 107 Gandhi and Moral Leadership (4 credits) Central to Mohandas Karamchand Gandhi’s thought and activism was the principle of “moral force.” It formed the basis of his unique method of activism, satyagraha (quest for truth), his concept of non-violence, his life-style choices including vegetarianism, his idea of religion and politics, state-building and economics. This course explores the various meanings of the “moral force” in Gandhian thought and examines its salience within the history of the political milieu – especially, anti-colonial movements in India that he belonged to. This course also discusses the legacies of Gandhi and the relevance of his “moral force” for the twenty-first century world.",108,4,Violence / Migration / Migrations,12.064735,0.7742913,0.3086552023887634,0,p0732|p0661|p0756|p0600|p1045,0.447|0.440|0.417|0.415|0.410
p0726,Part 10: Majors and Courses,Course Descriptions,Courses with Course Subject: History (HIST),Course Descriptions,293,"HIST 108 Shanghai Nightscapes: A Nocturnal History of the City (2 credits) This interdisciplinary course combining the fields of history, sociology, urban studies and urban ethnography examines Shanghai, China’s most modern and dynamic city since the 19th century, through the lens of its nighttime leisure pursuits. It explores how the city’s nightlife has contributed to its identity and image as a global cosmopolitan metropolis.",64,11,Asia / Migration / Ethnic,12.087872,2.2580507,0.27888283133506775,1,p0740|p1001|p0692|p0685|p0678,0.685|0.594|0.544|0.521|0.509
p0727,Part 10: Majors and Courses,Course Descriptions,Courses with Course Subject: History (HIST),Course Descriptions,293,"HIST 109 Everyday Maoism in Objects: Revolution, Culture, and Life (2 credits) This course explores everyday life in Maoist China through the perspective of material culture. Objects, such as the Red Book, Mao badges, propaganda posters, statues, and wall paintings, were produced in and of importance to the Mao era. Everywhere in people’s daily life, these objects constituted a crucial component of the social, economic, and political order under Mao. Drawing on the combination of archival sources, digital materials, and secondary literature, this course looks at the creation, transformation, and implication of Maoist material objects and their connections to contemporary China. Students have opportunities to sharpen their writing and analytical skills through a series of innovative writing assignments.",118,11,Asia / Migration / Ethnic,12.4024725,2.7749019,0.58046555519104,0,p0693|p0420|p0555|p0721|p0746,0.657|0.642|0.635|0.592|0.590
p0728,Part 10: Majors and Courses,Course Descriptions,Courses with Course Subject: History (HIST),Course Descriptions,293,"HIST 110 Historical Perspectives on Contemporary Global Issues (4 credits) This course takes a comparative historical approach to contemporary global issues in various temporal and geographical contexts. Students will focus on issues that emerged in the modern era and may include such topics as terrorism and national security, environmental protection and degradation, resource distribution and trade, health and welfare, and cultural and religious diversity. Students explore the nature of historical change and continuity and will apply historical methods of research and analysis as they investigate the formation and development of particular global issues. The specific case studies and themes in the course will vary by term and instructor.",108,4,Violence / Migration / Migrations,12.043304,0.7368041,0.628602147102356,0,p0756|p0729|p0737|p1011|p0736,0.838|0.729|0.711|0.632|0.613
p0729,Part 10: Majors and Courses,Course Descriptions,Courses with Course Subject: History (HIST),Course Descriptions,294,"HIST 111 Ancient Roots to Global Routes (4 credits) This course explores the nature of historical change and continuity between the pre-modern era and our current era of global connectivity, taking students from ancient roots to global routes. Instead of a chronological survey, the focus is on broad subjects that cut across fields, regions, and periods. Students will have multiple opportunities to apply historical and interdisciplinary methods of research and analysis to investigate the formation and development of particular global issues, and compare historical and contemporary perspectives on these issues. Topics will vary by term and instructor.",97,4,Violence / Migration / Migrations,12.271478,0.8478098,0.521193265914917,0,p0728|p0737|p0756|p0393|p0748,0.729|0.693|0.674|0.643|0.585
p0730,Part 10: Majors and Courses,Course Descriptions,Courses with Course Subject: History (HIST),Course Descriptions,294,"HIST 112 History of the Indian Ocean World (4 credits) The Indian Ocean world encompasses a vast geographical area from the East African coasts to the islands of South China Sea. As the oldest site of “globalization”, people and commodities moving across this ocean had played key roles in the spread of religion, highroads of commerce, and geo- politics of empire. Taking the period between 2500BCE and 1900CE as our point of reference we will study, the various approaches employed by historians towards writing the history of the Indian Ocean world. We will learn the various ways of thinking of Indian Ocean as a region and to periodize it.",109,11,Asia / Migration / Ethnic,12.479728,0.9005167,0.32427340745925903,0,p0732|p0397|p0399|p0600|p0393,0.734|0.670|0.579|0.555|0.532
p0731,Part 10: Majors and Courses,Course Descriptions,Courses with Course Subject: History (HIST),Course Descriptions,294,"HIST 113 Peoples and Cultures of Ancient South Asia, 3500BCE-1750CE (4 credits) Peoples of South Asia have produced one of the oldest and ever evolving cultures of the world. This course will survey the history of the region from the earliest times to the eve of European conquest. We will learn the historical development of various religious traditions, the state formation processes, and the socio-political institutions that are foundational to South Asian history. In tracing the development of agrarian and urban societies, economic and ecological transformations, formation of various ethnic/religious/linguistic identities and inequalities, we will pay special attention to South Asia’s interactions with the wider world.",106,11,Asia / Migration / Ethnic,12.501014,1.1387995,0.36155128479003906,0,p0739|p0732|p0399|p0737|p0394,0.727|0.677|0.646|0.631|0.617
p0732,Part 10: Majors and Courses,Course Descriptions,Courses with Course Subject: History (HIST),Course Descriptions,294,"HIST 114 Modern South Asia (4 credits) South Asia, the most populous part of the world, also boasts of the most diverse population. We will learn the history of modern South Asia through an exploration of South Asian society in under British colonial rule and the problems of South Asia’s post-coloniality. Topics will include colonial extraction, racism, communal warfare, casteism, anti-colonial struggles, trade unionism, women’s movements and anti-caste movements. Finally, keeping in mind that people did not form any monolithic category, we will study the varying nature of people’s identities and resistances, and their position in the imperial formation and the nation state. HIST 115 Brides of the Sea: Trading Cities in the Indian Ocean World, 200BCE to 2000CE (2 credits) Seaborne trade linked the port cities of the Indian Ocean World and Southeast Asia to each other and the world beginning as early as 200BCE. Our class will examine the rise and fall of Asia and Africa’s coastal trading cities; the transcultural character of Indian Ocean trading entrepot; the life of merchants; labor migration; and cultural and religious exchange. Student will explore ancient and modern networks of interconnections through group projects on one or more of the global commodities that animated Asian trade, such as silk, slavery, cinnamon, opium, rubber, prostitution, nutmeg, palm oil, bird’s nests, black pepper, etc.",220,11,Asia / Migration / Ethnic,12.376262,1.0070972,0.4222472608089447,0,p0397|p0730|p0731|p0600|p0755,0.736|0.734|0.677|0.677|0.643
p0733,Part 10: Majors and Courses,Course Descriptions,Courses with Course Subject: History (HIST),Course Descriptions,295,"HIST 116 Mughal India Through the Eyes of European Travelers (2 credits) This course will survey the history of one of the greatest empires in Indian history, the Mughal empire through the lens of European travel writing between the fifteenth and eighteenth centuries. Some of the questions we will explore are: How are European travelogues important sources for studying Indian history? Is European perspective on Indian society monolithic or is there a variety of European perspectives? Apart from introducing basic history of Mughal India, the course will explore themes such as early Orientalism and the history of the early modern world.",101,4,Violence / Migration / Migrations,12.396873,0.93627965,0.3971793055534363,0,p0736|p0393|p0732|p0729|p0756,0.521|0.484|0.483|0.480|0.471
p0734,Part 10: Majors and Courses,Course Descriptions,Courses with Course Subject: History (HIST),Course Descriptions,295,"HIST 117 Sounds and the Chinese City: Live Music Scenes in Urban China (2 credits) This interdisciplinary course explores the live music scenes of cities in China today and the history of those scenes over the past century. Focusing on the urban space of the live house featuring jazz, blues, rock, hip hop, electronica, and DJs, we will delve into these scenes and styles of music. Major topics touched upon in this course include globalization, localization, creative cultures and industries, and musical communities and scenes. Cities covered in this course will include Beijing, Shanghai, Kunshan, and Suzhou. Writing assignments will focus on analyzing particular scenes based on research and observations. HIST 118 The American Empire Is the United States an empire? It once colonized the Philippines but then distanced itself from colonial empire at the end of World War II. Ever since, it has wielded power through its overseas military base network and its system of alliances with foreign countries. The objective of this course to engage in a thoughtful, informed discussion about how Americans have interacted with the larger world, and how other peoples have grappled with U.S. power. Students will be asked to formulate their own conclusions about the nature of U.S. power by reading and assessing a variety of scholarly interpretations.",214,11,Asia / Migration / Ethnic,11.401272,1.9071321,0.4930322766304016,0,p0961|p0786|p0738|p0721|p1087,0.602|0.593|0.588|0.578|0.554
p0735,Part 10: Majors and Courses,Course Descriptions,Courses with Course Subject: History (HIST),Course Descriptions,295,"HIST 121 Pan-Africanism: Global Story of an American Idea (2 credits) Pan-Africanism began as an idea among ex-slaves and antislavery reformers in America, who believed that Africans and people of African descent across the world had common histories, common experiences, and common struggles against various forms of racism and marginalization. Pan-Africanism, which meant different things to different people, would go on to influence numerous intellectuals and social movements, from Negritude poets to African/Caribbean Independence and the American Civil Rights Movement. This course would survey the growth of this idea in a variety of facets, by looking at is influence upon history-writing, philosophy, poetry, political thought and social movements.",108,4,Violence / Migration / Migrations,11.191151,1.5546744,0.38915905356407166,0,p0787|p0780|p0743|p0722|p0728,0.636|0.532|0.479|0.461|0.456
p0736,Part 10: Majors and Courses,Course Descriptions,Courses with Course Subject: History (HIST),Course Descriptions,296,"HIST 201 Methods of Historical Research (4 credits) This course offers an introduction to theories, methods and approaches to historical inquiry and research including the use of archives, the interpretation of visual and textual documents, and the recording of oral histories. Students will be exposed to both the humanist and the social scientific approaches to historical research, as well as broader theoretical questions of history and historiography. As such, students learn what is history, how is it made, and what constitutes valid scholarly approaches to historiography. Students will apply their learning by conducting original historical research on a topic of their own choosing and writing a research paper.",108,4,Violence / Migration / Migrations,12.174238,0.89950514,0.5590097904205322,0,p0728|p0756|p0721|p0754|p0715,0.613|0.592|0.559|0.553|0.545
p0737,Part 10: Majors and Courses,Course Descriptions,Courses with Course Subject: History (HIST),Course Descriptions,296,"HIST 202 World History and Global Interactions (4 credits) This course offers a survey of the history of the world, by which is meant a historical overview of major processes and interactions in the development of human society since its early development some 60,000 years ago, going beyond the fundamental questions and concerns of area studies (such as East Asian studies, South Asian studies). In explaining the large scale processes such as empire building, commerce and religious practices, this course will show how various forms of human interactions, especially migration played a key role. This course will provide deep historical understanding for some of the pressing issues of the contemporary world such as migration, globalization, and imperialism.",117,11,Asia / Migration / Ethnic,12.090595,0.8089642,0.6460315585136414,0,p0756|p0728|p0729|p0393|p0739,0.748|0.711|0.693|0.686|0.645
p0738,Part 10: Majors and Courses,Course Descriptions,Courses with Course Subject: History (HIST),Course Descriptions,296,"HIST 203 America in Asia, Asians in America (4 credits) This course explores the intersection between foreign relations and the evolution of American society, with a focus on Asian-Americans in different moments of history. It is divided into three main historical eras and themes: (1) the early period of Chinese emigration and the building of American railroads until the Exclusion Acts; (2) Japanese-American society before and after Pearl Harbor; (3) Chinese Americans in modern American science, engineering, and innovation. Through the use of representative cases, the course trains students to understand the lives of Asian Americans in relevant historical, cultural and political contexts.",103,11,Asia / Migration / Ethnic,11.577455,1.679758,0.5752261281013489,0,p0786|p0961|p0751|p0756|p0737,0.700|0.655|0.635|0.619|0.616
p0739,Part 10: Majors and Courses,Course Descriptions,Courses with Course Subject: History (HIST),Course Descriptions,296,"HIST 204 Asia in World History (4 credits) Asia as the largest continent of the world comprises of 30 percent of world’s land surface and 60 percent of the world’s population. But what are the parameters for understanding Asia as a unified, identifiable place? Was there ever an Asian identity in history? Is this identity cultural, economic, political or a mix of all three? Since, all identities are formed in relation to other identities, was an Asian identity formed in reaction to other forms of existing identities in the world? Taking the period between 500 CE and 1950CE as the point of reference, this course exams the above questions in reaching an understanding of what are the various ways and the various historical moments in which we can think of Asia as a shared space amongst an extremely diverse population. Moreover, the course will discuss whether the historical processes that went into the creation of Asian identities were world historical in nature, or in other words, whether these processes had any effect in shaping the histories of societies both within Asia and outside of Asia. This course will aim at developing skills to evaluate to what extent we are “Asian,” “global” or otherwise and provide a foundational knowledge to interact with people and institutions within Asia and then the world.",220,11,Asia / Migration / Ethnic,12.373997,1.0986816,0.5071042776107788,0,p0731|p0756|p0737|p0732|p0794,0.727|0.652|0.645|0.623|0.622
p0740,Part 10: Majors and Courses,Course Descriptions,Courses with Course Subject: History (HIST),Course Descriptions,297,"HIST 205 Shanghai: From Treaty Port to Global Metropolis (4 credits) Since the late 19th century, Shanghai has emerged as the leading metropolis in China in many respects. It has served as the breeding grounds and model for the social, political, economic and cultural modernization, and urbanization of China over the century that followed. Through a combination of lectures, readings, film screenings, field trips, and research projects, this course explores the history of Shanghai and connects the colorful legacy of the treaty port era (1842-1943) with the re-emergence of Shanghai as a global metropolis since the 1990s. While focusing mainly on those two eras, which have been the subjects of the bulk of scholarship in the emerging field of “Shanghai Studies,” we also examine the relatively neglected history of Shanghai prior to the 1840s, as well as the Mao Years of 1949-1976 when Shanghai became a bastion for the violent politics of the Cultural Revolution.",155,11,Asia / Migration / Ethnic,12.20911,2.1148512,0.33435532450675964,0,p0726|p0749|p0585|p1001|p0720,0.685|0.631|0.624|0.614|0.592
p0741,Part 10: Majors and Courses,Course Descriptions,Courses with Course Subject: History (HIST),Course Descriptions,297,"HIST 206 World History in Seven Meals (2 credits) This course offers a study of global history using food as a central focus. The course will center on a series of meals as case studies to examine broader themes, such as human environmental modification and exchange, the role of trade and migration in human history, the powerful influence of identity, and the gendered nature of labor roles in food production and preparation. Students will focus on these themes in various regional and national contexts to identify global patterns in the development of food cultures, and to engage in comparative analyses.",100,4,Violence / Migration / Migrations,12.129333,0.8944177,0.48744654655456543,0,p0737|p0728|p0592|p0756|p0599,0.645|0.578|0.572|0.553|0.546
p0742,Part 10: Majors and Courses,Course Descriptions,Courses with Course Subject: History (HIST),Course Descriptions,297,"HIST 207 History of Media Art (4 credits) The course addresses New Media Art as a specific art historical movement, focusing on technologies, forms, thematic content, and conceptual strategies. While the term, new media art only became in the late nineties the established label for a broad range of artistic practices that exploit new media technologies, many new media artists are profoundly aware of their historical antecedents, making reference to Dada, Pop Art, Conceptual Art, Performance Art, and Fluxus. To understand new media art in a historical context, we will consider the history of technology and media sciences that plays an equally important role in this art’s formation and reception. The course thus studies the invention of information technologies and a range of human-machine paradigms that impact the landscape of art history, including cybernetics, network, augmented reality, Biomedia, and ubiquitous computational technology.",142,0,Audio / Digital / Mediart,10.677092,3.4422402,0.36338162422180176,0,p0863|p0843|p0451|p0724|p0452,0.733|0.664|0.633|0.630|0.617
p0743,Part 10: Majors and Courses,Course Descriptions,Courses with Course Subject: History (HIST),Course Descriptions,298,"HIST 208 America Fractured (4 credits) Many commentators have observed that the sense of national community in the United States has declined over the past several decades. In the eyes of some critics, as political debate has polarized and as wealth has concentrated, the nation’s commitment to community responsibility, eroded by such forces as identity politics and market-based individualism, has shrunk to ever-smaller circles. This course will explore the so-called “Age of Fracture” in recent U.S. history, paying close attention to debates among public thinkers on both the political right and the political left. The course uses this material to teach students the basics of academic writing.",107,4,Violence / Migration / Migrations,10.9458885,1.4139266,0.5662801861763,0,p0472|p0723|p0722|p0968|p0961,0.616|0.609|0.578|0.576|0.547
p0744,Part 10: Majors and Courses,Course Descriptions,Courses with Course Subject: History (HIST),Course Descriptions,298,"HIST 209 Refugees and War since 1914 (4 credits) The twentieth century was a time of major transformations in the way war was waged. In particular civilians were targeted and suffered from direct military and police action in such a way as to produce tidal waves of displaced persons. This course follows these refugees, seeking shelter from violence, in wartime and after. In this inquiry, we attend to the voices of refugees themselves. We focus on the terrifying threats they encountered, the actions they took, and their flight and fate during and after war. We then show the interaction between refugees and agents of empathy, those private or public actors who helped protect and restore the dignity of these victims of war.",122,4,Violence / Migration / Migrations,11.421127,0.87569845,0.285131573677063,1,p0990|p0596|p0587|p0757|p0760,0.627|0.626|0.536|0.531|0.477
p0745,Part 10: Majors and Courses,Course Descriptions,Courses with Course Subject: History (HIST),Course Descriptions,298,"HIST 210 Global Art History (4 credits) Art has been a part of every society since recorded history. How have the arts told stories about civilizations, ethnicities, communities and peoples? How have the arts evolved and circulated across the globe? The arts provide vital narratives in our understandings of each other as our cultures have both clashed and shared over time. This course asks these questions by focusing on visual arts across cultures not with the aim of comprehensive coverage, but representation of key issues in the interpretation of art. Students will learn how to interpret art from a critical perspective in terms of its relation to broader social, cultural and political dynamics.",113,0,Audio / Digital / Mediart,10.863661,3.2064404,0.587623119354248,0,p0724|p0849|p0432|p0746|p0452,0.832|0.649|0.647|0.634|0.608
p0746,Part 10: Majors and Courses,Course Descriptions,Courses with Course Subject: History (HIST),Course Descriptions,298,"HIST 217 Ancient and Imperial Chinese Art (4 credits) This survey course covers art in a variety of contexts from the foundations of Chinese civilization until the end of the imperial period in 1912 including tomb artifacts, religious images and statuary, court art, crafted objects and the painting and calligraphy of the literati. A number of themes may be addressed, such as the cross-cultural transmission of ornamentation and iconography, the ideal of scholar-amateur, the skills and techniques of the professional artisan and the connoisseurship and circulation of fine objects.",89,11,Asia / Migration / Ethnic,12.194255,3.0846975,0.47321128845214844,0,p0867|p0724|p0721|p0745|p0719,0.912|0.673|0.642|0.634|0.616
p0747,Part 10: Majors and Courses,Course Descriptions,Courses with Course Subject: History (HIST),Course Descriptions,298,"HIST 220 Global Media History (4 credits) This course explores the emergence and development of different communication media in a broad social and cultural context. From the ancient Asian typewriters to modern Social Networking Service (SNS), media operate in relation to particular social, economic, and technological conditions. This course will aid students in their efforts to make sense of how communications processes have mediated and shaped our interactions with each other as well as our understanding of the world. It does so by examining specific instances of media communications in a number of key cases observed in world history and by showing how technological innovation in media communications has led to new social, cultural, and political forms.",117,0,Audio / Digital / Mediart,10.897786,3.6119905,0.4794469475746155,0,p0874|p0861|p0584|p0586|p0863,0.726|0.720|0.698|0.650|0.624
p0748,Part 10: Majors and Courses,Course Descriptions,Courses with Course Subject: History (HIST),Course Descriptions,299,"HIST 301 China in Global Perspective 1: China and the Silk Roads World: 500-1500 (4 credits) This course introduces the rich and diverse world of trade, religions, and cultures that connected the two ends of the Eurasian world. It starts with survey of Han and Roman trade contacts, and Chinese connections with India via Buddhism, focusing on 7th-15 centuries CE. It examines global interactions produced by the land-based silk routes, including the coming of Islam and Nestorian Christians to China, and travelers to China during the vast Mongol Empire including Marco Polo, It also documents the opening of maritime silk routes through the voyages of the Chinese admiral Zheng He to Africa at the beginning of the 15th century.",119,11,Asia / Migration / Ethnic,12.52593,1.223218,0.32810330390930176,0,p0426|p0755|p0393|p0720|p0729,0.827|0.681|0.601|0.597|0.585
p0749,Part 10: Majors and Courses,Course Descriptions,Courses with Course Subject: History (HIST),Course Descriptions,299,"HIST 302 China in Global Perspective 2: The Internationalization of Modern China (4 credits) This course studies how foreign relations have shaped modern China from the Opium War to Alibaba. Topics include commercialization, militarization, and industrialization in the making of the modern state; the international education of Chinese at home and abroad; foreigners in China; the international evolution of Chinese enterprise under capitalism and socialism; the People’s Republic and the socialist world economy of the 1950s and 1960s; the “international development of China” as conceived by Sun Yat-sen, and the birth of the modern infrastructure state; the Chinese diaspora and the re-opening of China after 1978; contemporary China’s state-led and private investments abroad and the emergence of a Chinese global citizenry. HIST 303 China and the US Comparative 1: The United States and China in War and Revolution (4 credits) This course looks at the Chinese-American alliance during World War II from multiple perspectives. What did the partners in this anti-Japanese alliance have in common? What was the level of their mutual understanding? What was the role of key decision-makers in Chongqing, Washington, and Yanan? How did the various actors imagine Chinese-American relations after the war? What can we learn from a Chinese-American alliance that was at once successful and fragile? HIST 304 China and the US Comparative 2: The World of Universities in China and the United States (4 credits) The Unites States is home to many of the world’s leading universities, at present. China has developed the fastest growing system of higher education—in quality as in quantity—in the world. What are the strengths and weaknesses of these systems, each of which is very diverse? How can we best compare admissions systems? Governance systems? Research results? And Educational outcomes? What can each system learn from the other?",298,11,Asia / Migration / Ethnic,11.967573,1.7351135,0.4178677499294281,0,p0751|p0427|p0978|p0961|p0740,0.777|0.715|0.698|0.640|0.631
p0750,Part 10: Majors and Courses,Course Descriptions,Courses with Course Subject: History (HIST),Course Descriptions,300,"HIST 305 Special Topics in History of Chinese Institutions (4 credits) This special topics course focuses on the historical development of a specific set of institutions in China, such as the evolution of health care, social welfare, military organizations, or child and family institutions over time. In so doing the course provides an opportunity for students to dive deeply into the historical evolution of institutions as a way to understand the development of modern China in a specific sphere. In this way students gain a deep, specialized knowledge in the history of a particular area, and then demonstrate how that knowledge can be applied more broadly to better understand the historical evolution of modern Chinese society.",116,11,Asia / Migration / Ethnic,12.717294,2.7446017,0.6394401788711548,0,p0721|p0555|p0719|p0955|p0693,0.763|0.721|0.699|0.633|0.624
p0751,Part 10: Majors and Courses,Course Descriptions,Courses with Course Subject: History (HIST),Course Descriptions,300,"HIST 306 The United States and China in War and Revolution (4 credits) This course looks at the Chinese-American alliance during World War II from multiple perspectives. What did the partners in this anti-Japanese alliance have in common? What was the level of their mutual understanding? What was the role of key decision-makers in Chongqing, Washington, and Yanan? What was the experience of this alliance from the perspective of ordinary soldiers and the civilians they encountered? How did the various actors imagine Chinese-American relations after the war? What can we learn from a Chinese-American alliance that was at once successful and fragile?",102,11,Asia / Migration / Ethnic,11.790778,1.6863514,0.4290732741355896,0,p0749|p0427|p0978|p0738|p0961,0.777|0.681|0.650|0.635|0.564
p0752,Part 10: Majors and Courses,Course Descriptions,Courses with Course Subject: History (HIST),Course Descriptions,300,"HIST 307 Cold War America (4 credits) This course explores the nearly 50 year conflict between the superpowers of the US and USSR and considers the domestic impact of America’s “cold war” against communism. It assesses both the ideological clash and the economic conflict between capitalism and state control. Topics include the development of the atomic bomb, George Kennan’s “containment” strategy, the moon race and military and technology competition and the key historical developments such as the Korean War and the Cuban Missile Crisis, as well as relations with China and US influence in Third World countries.",97,11,Asia / Migration / Ethnic,11.83969,1.5387268,0.38190799951553345,0,p0427|p0751|p0756|p0978|p0723,0.532|0.530|0.519|0.514|0.508
p0753,Part 10: Majors and Courses,Course Descriptions,Courses with Course Subject: History (HIST),Course Descriptions,300,"HIST 308 Immigration and the American Experience (4 credits) This course studies immigrants and immigration policy in the United States from 1850 to the present, with a focus on the origins and power of immigrant exclusion during three waves of migration: Northern European and Asian migrations between 1850 and 1880; Eastern European, Latin American, and Asian migrations, 1880-1920; and Latin American, African, and Asian migrations, post 1965. The course examines the roles of immigrants in shaping policy debates, citizenship rights, labor movements, and American culture, past and present. The course also considers migration patterns and policies in comparison to other major immigrant destinations.",103,4,Violence / Migration / Migrations,11.347147,1.1914835,0.3605633080005646,0,p1009|p0722|p0738|p1049|p0723,0.854|0.605|0.595|0.589|0.587
p0754,Part 10: Majors and Courses,Course Descriptions,Courses with Course Subject: History (HIST),Course Descriptions,300,"HIST 311 Documenting Durham and the New South (4 credits) The course trains students to document and represent Durham past and present with digital media. Students learn how to digitize historical and cultural materials, research in archives and public records and present information through various forms including web pages, databases, maps, video and other media. In addition to producing digital representations of historical materials, students learn more broadly how to think about and analyze the social impact of new representations of place and space.",84,0,Audio / Digital / Mediart,10.573695,3.259285,0.482918381690979,0,p0736|p0865|p0782|p0586|p0745,0.553|0.507|0.479|0.475|0.463
p0755,Part 10: Majors and Courses,Course Descriptions,Courses with Course Subject: History (HIST),Course Descriptions,301,"HIST 312 Southeast Asia and the Rise of Global Trade (4 credits) Southeast Asia, located at the center of the seaborne Silk Road, is one of the great global crossroads of economic and cultural exchange. For two thousand years it’s been a magnet for merchants, missionaries, pilgrims, adventurers, and mercenaries from India and China, the Middle East, and eventually from Europe. Globalization is sometimes thought to be a feature of modernity, but in Southeast Asia global cultures have been mixing for millennia. This course begins with the peopling of Southeast Asia, the rise of global trading entrepot, and concludes in the 16th C. with the dawn of European colonization.",109,11,Asia / Migration / Ethnic,12.440929,1.0382743,0.382623553276062,0,p0393|p0748|p0732|p0426|p0394,0.795|0.681|0.643|0.635|0.634
p0756,Part 10: Majors and Courses,Course Descriptions,Courses with Course Subject: History (HIST),Course Descriptions,301,"HIST 313 Southeast Asia from the Age of Imperialism to the Global Cold War (4 credits) This course takes a comparative historical approach to contemporary global issues in various temporal and geographical contexts. Students will focus on issues that emerged in the modern era and may include such topics as terrorism and national security, environmental protection and degradation, resource distribution and trade, health and welfare, and cultural and religious diversity. Students explore the nature of historical change and continuity and will apply historical methods of research and analysis as they investigate the formation and development of particular global issues. The specific case studies and themes in the course will vary by term and instructor.",114,11,Asia / Migration / Ethnic,12.2181835,0.90047014,0.6219664812088013,0,p0728|p0737|p0393|p0394|p0729,0.838|0.748|0.715|0.714|0.674
p0757,Part 10: Majors and Courses,Course Descriptions,Courses with Course Subject: History (HIST),Course Descriptions,301,"HIST 314 Writing the History of War (4 credits) This course examines the literary and visual representations of war and mass violence in comparative and historical perspective. Remembering war means remembering suffering and death, and discourses of mourning during and after war come in many forms. Students will identify how war generates complex and divergent narratives that shape collective memories of mass violence in the past and influence the use of militarized violence in the present.",76,4,Violence / Migration / Migrations,11.603304,0.9980758,0.34521785378456116,0,p0760|p0744|p0803|p0796|p0784,0.577|0.531|0.489|0.455|0.450
p0758,Part 10: Majors and Courses,Course Descriptions,Courses with Course Subject: History (HIST),Course Descriptions,301,"HIST 315 Why Be a Bandit? (4 credits) Bandits and outlaws have historically played a unique role in popular imagination. In the Chinese classic Water Margin, outlaws flee tyrannical administrators but eventually make their peace with the emperor. Robin Hood occupies an equally ambivalent position between outlaw and elite roles. Seventeenth and 18th-century Atlantic pirates were feared, but their ships are viewed by scholars as laboratories for democratic experiment. Pirates, bandits and insurgents often occupy similar marginal spaces between illegality and social legitimacy today. This course will study this ambiguous status, through historical cases and ending with banditry and border violence in Central Africa and in North America.",108,4,Violence / Migration / Migrations,12.0593405,1.1073024,0.27852863073349,1,p0597|p0732|p0755|p1031|p0756,0.930|0.379|0.374|0.365|0.355
p0759,Part 10: Majors and Courses,Course Descriptions,Courses with Course Subject: History (HIST),Course Descriptions,302,"HIST 316 The Modern Regulatory State (4 credits) Much of the policymaking that structures our world emerges not from Congress or the courts, but from regulatory institutions. This course outlines the historical origins and evolution of modern regulatory institutions, focusing on the Western European and North American experience, from the nineteenth century to the present. For our purposes, “regulatory institutions” include not only public agencies, commissions, bureaus, and boards, but many quasi-public and private entities as well. As this course will reveal, these varied institutions have complex relationships with the businesses, organizations, and individuals whom they hope to regulate, as well as with legislatures, presidential administrations, and the courts. Course readings and discussions will incorporate a wide range of disciplinary perspectives, and include a discussion of the recent “revolt” against regulation.",131,5,Authoritarian / Regulatory / Polsci,9.744079,-0.52612317,0.35920602083206177,0,p1029|p1017|p0470|p0964|p1030,0.908|0.703|0.551|0.504|0.497
p0760,Part 10: Majors and Courses,Course Descriptions,Courses with Course Subject: History (HIST),Course Descriptions,302,"HIST 317 The Global First World War (4 credits) This course examines the upheaval of the 1914-18 war in a global perspective. The course deals with the origins, conduct and consequences of war in Europe, Asia, Africa and the Middle East, and on the revolution of violence that occurred during the war and which spilled over to the post- war years 1918-23. Topics may include social and cultural trends alongside military encounters and diplomatic developments that transformed the world.",79,4,Violence / Migration / Migrations,11.9834175,0.8367754,0.4484734833240509,0,p0728|p0757|p0756|p0737|p0729,0.599|0.577|0.572|0.548|0.521
p0761,Part 10: Majors and Courses,Course Descriptions,Courses with Course Subject: History (HIST),Course Descriptions,302,"HIST 410 The Spice Race: How the Spice Trade shaped our World (4 credits) Before the Industrial Revolution, the global economy was driven by spices, and other rare and exotic commodities, many sourced from Asia. The global competition to acquire and monopolize spices— the “Spice Race”— was a great engine for world history and economic development from c. 1250-1800. It made “spiceries”, like Southeast Asia, centers of global trade and cultural exchange. This trade expanded the power of Asia states; drove European exploration; inspired scientific research; and became a key driver for the European colonization of Asia, and the world. The “Spice Race” provides a fascinating lens on our modern economic and political order. HIST 411 Seeing History from the Mountains and the Seas: Ethnographic histories of Asia (4 credits) History is told from the perspective of nation-states and their people. This class reverses this practice, asking: “What does history look like from an outsider’s perspective?” Asia is home to 2,500,000 square kilometers of mostly interconnected mountain lands. The upland people living there have long been outside of state control. On the opposite spectrum are boat-dwelling sea- nomads who rarely set foot on land, and follow migrating sea life across national boundaries. How do sea and mountain people understand history? Their own? And the nations around them? Our class will introduce and utilize ethnographic approaches to historical study and analysis.",230,11,Asia / Migration / Ethnic,12.446576,0.98940593,0.28464236855506897,1,p0755|p0399|p0732|p0393|p0394,0.595|0.563|0.531|0.517|0.494
p0762,Part 10: Majors and Courses,Course Descriptions,Courses with Course Subject: History (HIST),Course Descriptions,303,"HIST 412 Global Labor History (4 credits) What is the profile of the worker of the world? Though there are sophisticated social histories of the Global South, the overwhelming majority of works in labor history dwells on the figure of a white, male, free, waged worker of the Global North. This course challenges such a myopic conceptualization of the worker. Taking the world between 1700 CE and 2000 CE as the point of reference, it examines interdisciplinary approaches to study the social history of work and workers. It presents a far more diverse figure of the worker, and her/his subjectivity through the lens of a global understanding of institutions of control and oppression such as commerce, gender and race.",119,4,Violence / Migration / Migrations,11.857872,0.6982311,0.4280918836593628,0,p0728|p0737|p0798|p0723|p0732,0.585|0.575|0.549|0.540|0.531
p0763,Part 10: Majors and Courses,Course Descriptions,Courses with Course Subject: Information Science (INFOSCI),Course Descriptions,305,INFOSCI 102 Computation and Problem Solving (4 credits) Computation and Problem Solving is recognized as a key skill set for all 21st century learners. This course will focus on the key aspects of computational thinking: Tasks as a series of steps (algorithms); Problem solution at many levels of detail (abstraction); Solving large problems involves breaking it down into a set of smaller problems (decomposition); New problems are likely related to other problems the learner has already solved (pattern recognition); Solutions to a problem may be used to solve a whole range of similar problems (generalization). Prerequisite(s): COMPSCI 101 or STATS 102 or Consent of instructor.,105,6,Compsci / Algorithms / Math,9.779467,-3.3108773,0.4785919189453125,0,p0563|p0360|p0374|p0764|p0566,0.677|0.633|0.626|0.594|0.584
p0764,Part 10: Majors and Courses,Course Descriptions,Courses with Course Subject: Information Science (INFOSCI),Course Descriptions,305,"INFOSCI 103 Computation, Society & Culture (4 credits) A wide-ranging survey of how computational media forms enable us to imagine and re-invent our help us to understand, interpret, and represent the past, negotiate present-day challenges, and build the future. Objects of computational exploration and analysis considered in this course will come from the sciences, education, industry, the arts, and entertainment, with the goal of understanding how computational methods cut across traditional disciplinary boundaries, and how advances in one area affect development in another. The course also includes study of the social, ethical, and cultural consequences of digitization, automation, artificial intelligence, and the globalized information and communication systems facilitated by computation.",110,6,Compsci / Algorithms / Math,9.962763,-2.7216244,0.6015368700027466,0,p0375|p0373|p0374|p0763|p0767,0.662|0.624|0.615|0.594|0.583
p0765,Part 10: Majors and Courses,Course Descriptions,Courses with Course Subject: Information Science (INFOSCI),Course Descriptions,305,"INFOSCI 104 Digital Design ( (4 credits) This course provides an introduction to design as a critical and creative practice within the context of computational domains. Topics covered include concepts in graphic and information design, including synergies, resonances, and contradictions between mathematical and artistic approaches and traditions. The course also includes an introduction to design thinking as a trans- disciplinary phenomenon encompassing iterative development cycles, structured and emergent behaviors, divergent thinking, and transferable methods. The emphasis will be on both scientific and artistic approaches to knowledge production, creativity, and communication, and how cross- functional project teams can work together in generative and productive ways.",104,0,Audio / Digital / Mediart,9.922239,2.8454833,0.40662550926208496,0,p1048|p0376|p0764|p0374|p0377,0.623|0.596|0.575|0.570|0.564
p0766,Part 10: Majors and Courses,Course Descriptions,Courses with Course Subject: Information Science (INFOSCI),Course Descriptions,305,"INFOSCI 112: Googlization of Knowledge: Information, Ethics, and Technology (2 credits) This course focuses on the causes of human behavior related to critical thinking and the development of specific literacies – digital, data, visual, media, and technology – and the ways that social structures apply to finding, evaluating, and effectively using different types of information. In this course, students will develop analytical skills to examine the political and societal factors that influence literacy skills as they relate to information – its creation, availability, and application. We will examine the ethical, economic, and political issues inherent in the use and regulation of technology as they apply to the access and production of information.",112,0,Audio / Digital / Mediart,10.754278,3.181594,0.4753747582435608,0,p0764|p1052|p0863|p0782|p0874,0.538|0.478|0.469|0.466|0.464
p0767,Part 10: Majors and Courses,Course Descriptions,Courses with Course Subject: Information Science (INFOSCI),Course Descriptions,306,"INFOSCI 201 Interaction & Physical Computing (4 credits) Interaction & Physical Computing is a course that explores the object-oriented programming and physical computing for artists and designers. Through looking at development environments such as Processing and Arduino, paired with physical components such as the Kinect, Leep Motion and sensors, we will explore how to create various interfaces and systems that bridge the virtual and physical worlds. We will explore key concepts such as Input/Output, Interface, Interaction, etc. through course work, familiarizing students with digital tools and prototyping methods. This is an entry level computation class, no programming or hardware experience or prerequisites required.",103,6,Compsci / Algorithms / Math,10.017263,-3.2473674,0.472037672996521,0,p0569|p0859|p0566|p0764|p0374,0.644|0.600|0.598|0.583|0.579
p0768,Part 10: Majors and Courses,Course Descriptions,Courses with Course Subject: Information Science (INFOSCI),Course Descriptions,306,"INFOSCI 206 Urban Data Visualization and Communication Methods (2 credits) This course focuses on digital visualization and communication methods which can be used to represent and describe place and its changes. Through lectures, laboratory exercises, and experiential learning, students will learn a series of digital technologies, including ESRI ArcGIS, CartoDB, Microsoft Excel, Microsoft Access, and MassGIS. Students will use these software programs to analyze, interpret, and present spatial and demographic patterns of different phenomena. The overarching goal of this course is to improve students’ spatial reasoning abilities and to help them master data visualization and communication skills.",97,6,Compsci / Algorithms / Math,10.135935,-2.8315084,0.4501820504665375,0,p0769|p0382|p0375|p0764|p0569,0.692|0.613|0.579|0.526|0.511
p0769,Part 10: Majors and Courses,Course Descriptions,Courses with Course Subject: Information Science (INFOSCI),Course Descriptions,306,"INFOSCI 302 Introduction to Geographical Information Science (4 credits) Geographic Information Science, or GIS, is concerned with the scientific study of geographic information. This course offers an introduction to methods of describing, managing, and processing geographic information. We will explore the nature of geographic information, data models and structures for geographic information, geographic data input, data manipulation, spatial analytic and modeling techniques, and error analysis. This class is helpful for students wishing to apply GIS within numerous disciplines.",78,6,Compsci / Algorithms / Math,10.070865,-2.864391,0.35387468338012695,0,p0768|p0382|p0375|p1070|p1078,0.692|0.468|0.462|0.426|0.416
p0770,Part 10: Majors and Courses,Course Descriptions,Courses with Course Subject: Institutions and Governance (INSTGOV),Course Descriptions,307,INSTGOV 490 Senior Seminar: Advanced Topics (4 credits) This seminar is a core component of the interdisciplinary major in Institutions and Governance. Students will apply to interdisciplinary topics the knowledge and methods of analysis that they have gained in different disciplines. Students will re-connect with the broader community of faculty and students in their major and further develop their capacities to translate between their areas of expertise and the larger questions and issues that apply across a variety of disciplines. The seminar will foster the ability to see their disciplinary knowledge from a wider perspective and to apply it flexibly. Specific topics will vary. This seminar is required for all seniors in the major. Other students may enroll with the permission of the instructor.,124,10,Career / Mindfulness / Advising,9.23639,2.5023196,0.6293526887893677,0,p0605|p0671|p0604|p0670|p0699,0.915|0.887|0.870|0.819|0.808
p0771,Part 10: Majors and Courses,Course Descriptions,Courses with Course Subject: Integrated Science (INTGSCI),Course Descriptions,308,"INTGSCI 101: Integrated Science 1 (4 credits) This course focuses on the concept of energy and its relevance for explaining the behavior of natural systems. The conservation of energy and the transformations of energy from one form to another are crucial to the function of all systems, including familiar mechanical devices, molecular structures and reactions, and living organisms and ecosystems. By integrating perspectives from physics, chemistry, and biology, this course helps students see both the elegant simplicity of universal laws governing all physical systems and the intricate mechanisms at play in the biosphere. Topics include kinetic energy, potential energy, quantization of energy, energy conservation, cosmological and ecological processes. Prerequisite(s): MATH 101",111,8,Chem / Phys / Intgsci,7.288772,-2.8394406,0.4671957194805145,0,p0772|p0910|p0491|p0507|p0510,0.791|0.723|0.633|0.629|0.610
p0772,Part 10: Majors and Courses,Course Descriptions,Courses with Course Subject: Integrated Science (INTGSCI),Course Descriptions,308,"INTGSCI 102: Integrated Science 2 (4 credits) This course focuses on the collective behavior of systems composed of many interacting components. The phenomena of interest range from the simple relaxation of a gas into an equilibrium state of well-defined pressure and temperature to the emergence of ever increasing complexity in living organisms and the biosphere. The course provides an overview of some fundamental differences between traditional disciplines as well as indications of how they complement each other some important contexts. Topics include thermodynamic (statistical mechanical) equilibrium, fundamental concepts of temperature, entropy, free energy, and chemical equilibrium, driven systems, fundamentals of biological and ecological systems. Prerequisite(s): INTGSCI 101",107,8,Chem / Phys / Intgsci,7.2056837,-2.787359,0.4199201166629791,0,p0771|p0491|p0510|p0507|p0910,0.791|0.590|0.589|0.568|0.564
p0773,Part 10: Majors and Courses,Course Descriptions,Courses with Course Subject: Italian (ITALIAN),Course Descriptions,309,ITALIAN 25 Advanced Intermediate Italian (4 credits) Credit for Advanced Placement on the basis of the College Board Examination in Italian.,21,1,Physedu / Japanese / Italian,15.205473,5.134714,0.3983025848865509,0,p1067|p0674|p0672|p0775|p0779,0.767|0.728|0.720|0.700|0.666
p0774,Part 10: Majors and Courses,Course Descriptions,Courses with Course Subject: Italian (ITALIAN),Course Descriptions,309,"ITALIAN 101 Italian 101 – Beginning Italian 1 (4 credits) This is the first course in the beginning level Italian sequence. There are many reasons to study Italian: Italy’s artistic, cultural, gastronomic and literary heritage all combine to making study of Italian a good choice. The course, mainly conducted in Italian, integrates traditional pedagogical goals of speaking, reading, and writing the language with a commitment to help students to acquire strategies to become an effective independent language learner. There is no prerequisite.",82,1,Physedu / Japanese / Italian,12.952609,4.839636,0.5155041217803955,0,p0675|p0776|p0777|p0521|p0519,0.696|0.635|0.626|0.578|0.569
p0775,Part 10: Majors and Courses,Course Descriptions,Courses with Course Subject: Japanese (JAPANESE),Course Descriptions,310,JAPANESE 23 Intermediate Japanese (4 credits) Credit for Advnced Placement on the basis of the College Board Examination in Japanese.,20,1,Physedu / Japanese / Italian,15.166546,5.0640817,0.39598095417022705,0,p0674|p0773|p1067|p0630|p0672,0.703|0.700|0.688|0.669|0.612
p0776,Part 10: Majors and Courses,Course Descriptions,Courses with Course Subject: Japanese (JAPANESE),Course Descriptions,310,"JAPANESE 101 Beginning Japanese 1 (4 credits) This is the first course in the beginning level Japanese sequence. It is conducted in a seminar style, and emphasizes giving students abundant opportunities to consistently and systematically use Japanese to communicate. It also has independent-learning elements which will help students become better self-learners and acquire a special set of skills that are pertinent to their own interests. Preparation before each session is expected and crucial for student success in this course. There is no prerequisite.",83,1,Physedu / Japanese / Italian,12.960463,4.845811,0.54831862449646,0,p0777|p0778|p0675|p0521|p0520,0.942|0.828|0.759|0.656|0.647
p0777,Part 10: Majors and Courses,Course Descriptions,Courses with Course Subject: Japanese (JAPANESE),Course Descriptions,310,"JAPANESE 102 Beginning Japanese 2 (4 credits) This is the second course in the beginning level Japanese sequence. It is conducted in a seminar style, and emphasizes giving students abundant opportunities to consistently and systematically use Japanese to communicate. It also has independent-learning elements which will help students become better self-learners and acquire a special set of skills that are pertinent to their own interests. Preparation before each session is expected and crucial for student success in this course. Prerequisite (s): JAPANESE 101",83,1,Physedu / Japanese / Italian,12.97145,4.879334,0.5711256265640259,0,p0776|p0778|p0675|p0521|p0520,0.942|0.898|0.730|0.713|0.652
p0778,Part 10: Majors and Courses,Course Descriptions,Courses with Course Subject: Japanese (JAPANESE),Course Descriptions,310,"JAPANESE 102 Japanese 201 – Intermediate Japanese 1 (4 credits) This is an intermediate Japanese course. In the classes, students will consistently and systematically use Japanese to communicate. To successfully do that, students will need to spend time to prepare for each of class meeting. Students will have detailed guidelines that describe what to do before each meeting but students are responsible for actually completing those tasks. This course is also designed to help students learn to become more effective independent language learners through a combination of group meetings and individual sessions. Prerequisite (s): JAPANESE 102",96,1,Physedu / Japanese / Italian,12.957734,4.83407,0.5401060581207275,0,p0777|p0776|p0521|p0528|p0675,0.898|0.828|0.667|0.650|0.625
p0779,Part 10: Majors and Courses,Course Descriptions,Courses with Course Subject: Latin (LATIN),Course Descriptions,311,LATIN 25 Introduction to Literature (4 credits) Credit for Advanced Placement on the basis of the College Board Examination in Latin.,21,1,Physedu / Japanese / Italian,15.3257,5.0718184,0.4670408368110657,0,p0629|p1067|p0630|p0674|p0672,0.779|0.727|0.698|0.678|0.678
p0780,Part 10: Majors and Courses,Course Descriptions,Courses with Course Subject: Literature (LIT),Course Descriptions,312,"LIT 105 The Epic of America (the novel) (4 credits) This course introduces a range of works from the US canon that engage the concept of travels in relation to the themes of race and slavery, gender and sexuality, and citizenship and empire. Through reading some great American novels, we will explore travels and mobility from pre-Civil War to modern America, and from the slave-holding south to multiracial and multicultural metropolises both within and beyond the US borders. By drawing connections between these great American novels, we will discuss how they collectively cross and challenge national, geographical, and political boundaries of the color line––and importantly––how they resonate with Duke Kunshan University’s core concept of “rooted globalism.”",116,4,Violence / Migration / Migrations,11.10762,1.8858846,0.4581332206726074,0,p0472|p0787|p0786|p0802|p0798,0.651|0.650|0.627|0.612|0.611
p0781,Part 10: Majors and Courses,Course Descriptions,Courses with Course Subject: Literature (LIT),Course Descriptions,312,"LIT 106 American Otherness and Otherness in America (4 credits) The United States of America is founded on the idea of universal equality with respect to moral worth and fundamental rights. This radical idea, which had no precedent in history, has always been fundamental to America’s self-understanding and to its singular place in the community of nations. And yet, the concept of “otherness” has never been far from the surface in American political and cultural life. An official ideology of equality has never been able to eliminate real inequalities and exclusions that have produced, for some, feelings of entitlement or special distinction, and for many others, feelings of solitude, exclusion, or powerlessness. A sense of singularity, non-belongingness, apartness, or exceptionalness characterizes many of the most distinctive aspects of American culture. This tension between what America claims to stand for— a harmonious society in which everyone has equal moral worth and equal rights—and the reality of daily life for those who feel for whatever reason that they stand apart from the whole will be the subject matter of this course. This subject will be approached by reading foundational texts in which the ideology of equality is articulated, and by considering a wide range of other materials in which this ideology is explored, tested, or challenged.",214,4,Violence / Migration / Migrations,10.160729,0.7242974,0.38798788189888,0,p0894|p0660|p0798|p0780|p0743,0.569|0.535|0.534|0.505|0.482
p0782,Part 10: Majors and Courses,Course Descriptions,Courses with Course Subject: Literature (LIT),Course Descriptions,312,"LIT 107 From Data to Narrative: A Workshop in Non-fiction Writing (2 credits) In our daily lives we are overrun with data, endless bits of information about our environment, health, location, preferences and social contacts. Walter Benjamin has decried this as a modern condition of being bombarded with data, but with no ability or effort to synthesize it into the narrative form in which humans can process and intake it. This course will explore the genre of non-fiction writing as a means to effectively communicate various forms of data. Readings will include examples of leading non-fiction writers such as Sven Lindqvist in cultural studies and history, and Simon Singh in science. The course will also cover basic conventions of citation and reference. Students will practice researching and writing historical, biographical or other fact-based information into narrative form. During the term, student will also workshop their own researched narrative piece.",149,0,Audio / Digital / Mediart,10.606637,2.9546359,0.5322375893592834,0,p0784|p0807|p0799|p1092|p0801,0.587|0.582|0.566|0.549|0.527
p0783,Part 10: Majors and Courses,Course Descriptions,Courses with Course Subject: Literature (LIT),Course Descriptions,313,"LIT 108 Love and Dreams on the Chinese Stage (2 credits) From the fourth century BCE onwards, the device of the dream has allowed Chinese writers, performers and intellectuals to explore social transgression and other liminal states of being. We will examine dreams in wide array of texts from Zhuangzi to the plays of Tang Xianzu and Dream of the Red Chamber in order to understand core humanistic concerns such as love (qing) and the futility of earthly desire and ambition. With a focus on kunqu, students will engage with Chinese drama (original or in translation) both in recording and by visiting live performances.",104,11,Asia / Migration / Ethnic,12.228443,2.9708157,0.4056251049041748,0,p0848|p0559|p0542|p0786|p0543,0.942|0.614|0.607|0.571|0.567
p0784,Part 10: Majors and Courses,Course Descriptions,Courses with Course Subject: Literature (LIT),Course Descriptions,313,"LIT 109 Writing Stories for Children (2 credits) When children are captivated by a story, what elements draw their attention? What stories from our childhoods do we remember for years to come, and why? This course explores writing stories specifically for children from both creative and critical perspectives. We learn to analyze and employ literary techniques and devices like point-of-view, imagery, plot, rhyme, and more. In addition to developing our argumentative writing skills through close reading, we also write and revise our own children’s stories. The course culminates in a special event in which we print and share these stories with their intended audience – children.",106,0,Audio / Digital / Mediart,10.540036,3.002613,0.4010353684425354,0,p0860|p0807|p0799|p0875|p0782,0.651|0.626|0.620|0.596|0.587
p0785,Part 10: Majors and Courses,Course Descriptions,Courses with Course Subject: Literature (LIT),Course Descriptions,313,"LIT 110 The Art of the Interview (2 credits) The interview is a vital research tool that crosses forms of media and academic disciplines. However, it can be difficult to know how to conduct a good interview. How does an interview succeed or fail, and who is its audience? Can the interview be an artform in itself? This course explores interviews in various contexts, including popular culture, to analyze the audience expectations and research implications of interviews. Students will build argumentative writing skills by analyzing interviews. They will also conduct a series of interviews themselves, gaining experience as interviewers and interviewees.",101,0,Audio / Digital / Mediart,10.302312,3.508066,0.5142012238502502,0,p0870|p0799|p0852|p0843|p0881,0.569|0.554|0.553|0.550|0.547
p0786,Part 10: Majors and Courses,Course Descriptions,Courses with Course Subject: Literature (LIT),Course Descriptions,313,"LIT 201 Asian-American Arts and Letters (4 credits) This course examines the history of Asian-descent literature including fiction, memoir, poetry, drama) and, to a lesser extent, expressive cultures (film, martial arts, music) with special emphasis on Chinese America. Topics include broad themes of cultural identity, memory and belonging, gender and class, as well as specific issues of the relationship between diaspora communities in the US and national cultures in Asia. Texts are placed within the context of the history of Asian American acclamation, focusing on tensions between cultural assimilation into mainstream America and the pressure to maintain distinctive cultural identities.",100,11,Asia / Migration / Ethnic,11.614453,2.1789992,0.45858198404312134,0,p0794|p0806|p0738|p0692|p0559,0.762|0.708|0.700|0.682|0.650
p0787,Part 10: Majors and Courses,Course Descriptions,Courses with Course Subject: Literature (LIT),Course Descriptions,313,"LIT 202 African American Literature and Culture (4 credits) This course examines the history of African narrative, drama, poetry, and such expressive arts as the sermon, the political address, and popular music. Narratives are placed in the context of the history of slavery, emancipation and the continuing struggle for civil rights. Topics include: questions of self-identity and American citizenship; the reception of African American literature overseas; the construction of pan-African identities and politics; literature of the African American diaspora; and the concept of home. Students will gain a cross-cultural understanding of the African American experience and its ongoing significance in American life and politics.",104,4,Violence / Migration / Migrations,11.039308,2.0442595,0.42760515213012695,0,p0780|p0735|p0786|p0472|p0792,0.650|0.636|0.617|0.599|0.591
p0788,Part 10: Majors and Courses,Course Descriptions,Courses with Course Subject: Literature (LIT),Course Descriptions,314,"LIT 203 Reading Empire (4 credits) We are familiar with categories such as Anglophone and Francophone that describe literature written in English and French outside of England and France, respectively. We are, however, less acquainted with Sinophone and Japanophone literature as objects of study. What the various – phone literatures have in common is the depiction and contestation against the imperial centers from the peripheries. Ranging from a variety of fictional and theoretical texts, films, and images, this course examines the histories, languages, and philosophies of literatures that challenge the logic of imperialism not just in name, but also in its social, political, economic, and cultural legacies.",107,4,Violence / Migration / Migrations,11.234011,2.1554363,0.42726778984069824,0,p0794|p0796|p0799|p0689|p0798,0.587|0.565|0.555|0.530|0.525
p0789,Part 10: Majors and Courses,Course Descriptions,Courses with Course Subject: Literature (LIT),Course Descriptions,314,"LIT 204 Online Novels and the Chinese Public Sphere (4 credits) Online literature constitutes the largest readership and a booming economy in China today. Popular genres include science fiction, urban leisure, martial arts, historical fiction and horror. Successful online novels have millions of followers and are often turned into games, TV dramas and feature films. Subscribers are free to comment on the websites and the fictions they host. How do we understand the proliferation and success of this online literature and its relation to the public sphere? By analyzing the content and the form of online literature in China, the class examines the popularity of online fiction and its socio-economic conditions.",111,11,Asia / Migration / Ethnic,12.54052,3.1746354,0.41650742292404175,0,p0544|p0543|p0559|p0861|p0420,0.644|0.634|0.629|0.575|0.556
p0790,Part 10: Majors and Courses,Course Descriptions,Courses with Course Subject: Literature (LIT),Course Descriptions,314,"LIT 205 American Lyric Across Borders (poetry) (4 credits) After Whitman and Dickinson’s Romantic call to the world beyond U.S. borders, this course turns to the controversy between the rootedness of Frost, William Carlos Williams, and Langston Hughes and the internationalism of Stevens, Eliot, H.D. (including the Sino-philia of Pound), both of which can also be seen as belated forms of Romanticism. Possible attention to later explorers of such issues as Robert Duncan, Gwendolyn Brooks, Sylvia Plath, and Frank O’Hara; to the populist challenge of song lyric (blues, tin pan alley, folk, rock, hip-hop); or to the problems of translation and translatability.",102,4,Violence / Migration / Migrations,11.06009,2.1058536,0.26983755826950073,1,p0792|p0780|p0787|p0796|p0791,0.595|0.581|0.493|0.492|0.477
p0791,Part 10: Majors and Courses,Course Descriptions,Courses with Course Subject: Literature (LIT),Course Descriptions,314,"LIT 206 Early Literatures from Colonization to Revolution (4 credits) Columbus and other narratives of European exploration, conquest, and settlement; the interplay of Puritan literature (Bradford, Winthrop, Wigglesworth, Mather, Bradstreet), Native oral traditions, Phyllis Wheatley’s poetry, and early captivity narratives; the pre-revolutionary novel (Rowson, Foster, C.B. Brown); and the revolutionary texts (The Federalist Papers).",54,4,Violence / Migration / Migrations,11.047648,2.0827386,0.33171194791793823,0,p0792|p0780|p0787|p0801|p0802,0.698|0.572|0.568|0.550|0.537
p0792,Part 10: Majors and Courses,Course Descriptions,Courses with Course Subject: Literature (LIT),Course Descriptions,315,"LIT 207 The American Renaissance and Its Rivals (4 credits) A course on the major antebellum prose writers (Emerson, Thoreau, Melville, Hawthorne), the storytellers of enslavement (Douglass, Jacobs, Equiano, Brown) and Native displacement (Child, Sedgwick), and the poetry (Whitman before and after the war, Dickinson, possibly late Melville) that ensued.",50,4,Violence / Migration / Migrations,10.986686,2.1461391,0.3576357364654541,0,p0791|p0801|p0790|p0787|p0802,0.698|0.618|0.595|0.591|0.590
p0793,Part 10: Majors and Courses,Course Descriptions,Courses with Course Subject: Literature (LIT),Course Descriptions,315,"LIT 208 From Cool Japan to the Korean Wave: Popular Culture from East Asia (4 credits) The hegemony of American popular culture notwithstanding, cultural products from Japan and South Korea are becoming significant players in the globalization of culture. From the de- Disneyfied anime to the hybridized R&B K-pop, these cultural products challenge American cultural domination, and inspire alternate forms of aesthetics, participation and enjoyment. This course examines the historical formation of Japanese and Korean popular culture, focusing on their contested cultural meanings at the national, regional, and global scales. Some of the issues we will consider include: cultural imperialism, fandom, the role of the state and the development of cultural industry, representations of race and gender, capitalism and transnationalism.",120,11,Asia / Migration / Ethnic,11.777048,2.2771876,0.3214147686958313,0,p0434|p0786|p0794|p0688|p0689,0.748|0.609|0.601|0.588|0.551
p0794,Part 10: Majors and Courses,Course Descriptions,Courses with Course Subject: Literature (LIT),Course Descriptions,315,"LIT 209 Critical Inter-Asia: Rethinking Local and Global Connections (4 credits) This course considers a variety of literary texts from the perspective of the nexus of cultures and societies in Asia. It emphasizes critical, transnational and interdisciplinary perspectives on two or more Asian cultures and their interactions in the world. In addition to providing the critical theoretical tools to analyze the production and reception of inter-Asian texts, the course will cover a representative variety of texts including history, literature, current affairs, cinematic, visual, and pop-cultures. By framing these texts in their local, regional, and global contexts, a comprehensive critical analysis will be developed.",103,11,Asia / Migration / Ethnic,11.646298,2.1810849,0.5517311096191406,0,p0786|p0806|p0693|p0559|p0432,0.762|0.664|0.659|0.632|0.623
p0795,Part 10: Majors and Courses,Course Descriptions,Courses with Course Subject: Literature (LIT),Course Descriptions,315,"LIT 210 Robots and Monsters: Unruly Human Creations in World Literature (4 credits) What if humans had the power to create intelligent life. What would they do with that power? What would such creatures be like? These questions have captivated the imagination of storytellers for thousands of years. Prometheus stole the power to create life from the Greek gods. The Rabbi of Prague brought a clay creature to life with magical incantations. Frankenstein accomplished it with science on the operating table. And computer programmers try to build such creatures with AI technology. In stories, the end is always the same: the creature gets out of control, it threatens its creator and needs to be subdued. In this course, we will read stories of human effort to bring to life their own creations. We will discuss the literary features of such fantastical creations as the Golem, Frankenstein’s monster, Androids and AI. Over the term we will come to appreciate the human desires and fantasies associated with this figure, and ask what these robots and monsters can tell us about our own humanity.",181,9,Behavsci / Neurosci / Psych,9.789194,-2.0024855,0.16114844381809235,1,p0895|p0873|p0582|p0462|p0742,0.448|0.343|0.335|0.312|0.308
p0796,Part 10: Majors and Courses,Course Descriptions,Courses with Course Subject: Literature (LIT),Course Descriptions,316,"LIT 211 Politics and Literature (4 credits) In the past, the poet was regarded, not as an antipolitical bohemian nor as a political partisan, but rather as a wise teacher who could help us to understand the drama of human life as a whole and the drama of political life in particular. The goal of this course is to investigate the nature of politics and human nature by studying a number of masterpieces of classical literature. As we study these works, we will consider such themes as the equality of the sexes, democracy and aristocracy, science and politics, religion and politics, love and politics, and ambition and politics.",108,4,Violence / Migration / Migrations,11.105532,1.9221591,0.4651263356208801,0,p0972|p0799|p0792|p0987|p0788,0.886|0.658|0.584|0.567|0.565
p0797,Part 10: Majors and Courses,Course Descriptions,Courses with Course Subject: Literature (LIT),Course Descriptions,316,"LIT 212 Survival of the Fittest: Stories of Endurance and Extinction in World Literature (4 credits) For centuries, one story in particular – “the survival of the fittest” – has influenced how individuals and communities make sense of their struggles. Challenges of ethnic rivalry and culture clashes, disease and immunity, commerce and poverty, even natural disasters and the threat of human extinction, all have been explained according to this “law of nature.” This course surveys a range of literary works and cultural figures that have produced the power of this story in world literature and culture. From Shakespeare to Yuval Noah Harrari, the course analyzes the perils and possibilities that this story holds for our human future.",117,4,Violence / Migration / Migrations,11.23459,1.861498,0.4194920063018799,0,p0796|p0780|p0582|p0799|p0792,0.477|0.461|0.458|0.453|0.452
p0798,Part 10: Majors and Courses,Course Descriptions,Courses with Course Subject: Literature (LIT),Course Descriptions,316,"LIT 213 Literature and Global Citizenship (4 credits) What does it mean to be a global citizen? What can literature reveal about the social, cultural, and ethical dimensions of an increasingly interconnected world? What modes of critique, formations of belonging, and possibilities for conceptualizing the world —and one’s place in it— does of literature offer? Through a variety of texts, paired with perspectives drawn from literary criticism as well as sociology, anthropology, and philosophy, this interdisciplinary course will explore the possibilities as well as tensions inherent in differing conceptions of both the ‘globe’ and of ‘citizenship’.",96,4,Violence / Migration / Migrations,11.177693,0.9194936,0.5278863906860352,0,p0432|p0780|p1063|p0587|p1003,0.671|0.611|0.600|0.594|0.593
p0799,Part 10: Majors and Courses,Course Descriptions,Courses with Course Subject: Literature (LIT),Course Descriptions,316,"LIT 214 Introduction to Literary Research Writ Large (4 credits) Where does the meaning of a text come from: the author, the reader, the style? Why are the philosophical, historical, political and aesthetic contexts important for reading literature? What is the relationship between literature and society, arts and politics, form and content? This course takes a global approach to questions of text and meaning, and includes a representative diversity of traditions and theorists of literature and aesthetics. The aim is to equip students with the tools to be attentive readers of literature and text. Prerequisite: ARHU 101 or any 100- or 200-level 4-credit LIT course.",105,0,Audio / Digital / Mediart,10.966451,2.624233,0.6312979459762573,0,p0796|p0478|p0784|p0787|p0794,0.658|0.649|0.620|0.590|0.581
p0800,Part 10: Majors and Courses,Course Descriptions,Courses with Course Subject: Literature (LIT),Course Descriptions,316,"LIT 215 Self-Making in the American Imagination (4 credits) Mega-stars like Steve Jobs and Beyoncé and key political and cultural figures like Abraham Lincoln and Anne Bradstreet are all routinely described as “self-made”. The American belief that individuals achieve financial, political and social success exclusively on their own is crucial to understanding the U.S. and its impact on the world. This course looks at the historical origins of self-making and its cultural representations from the colonial era to the present. It prepares students to understand how the theme of self-determination shapes culture, identity and politics in the U.S. and in how Americans often engage with other cultures and countries.",109,4,Violence / Migration / Migrations,11.108707,1.4939401,0.40523701906204224,0,p0471|p0472|p0961|p0780|p0743,0.582|0.575|0.526|0.503|0.493
p0801,Part 10: Majors and Courses,Course Descriptions,Courses with Course Subject: Literature (LIT),Course Descriptions,317,"LIT 301 The Realist Moment (4 credits) This course focuses primarily on realism (Howells, James, Gilman, Harper, Johnson), naturalism (Dreiser, Norris, Crane), and regionalism (Twain, Jewett, Chopin, Chesnutt) during the rise of consumer-managerial capitalism, first-wave feminism, and Jim-Crow Reconstruction. Possible attention to early utopian fiction (Adams, Bellamy, Gilman, Howells) or the impact of journalism (Dreiser, Crane, Henry Adams, Jane Addams, and the muckrakers) on fiction.",65,4,Violence / Migration / Migrations,10.979925,2.136513,0.42057621479034424,0,p0802|p0792|p0803|p0791|p0805,0.638|0.618|0.587|0.550|0.533
p0802,Part 10: Majors and Courses,Course Descriptions,Courses with Course Subject: Literature (LIT),Course Descriptions,317,"LIT 302 America’s Novel Modernity (4 credits) This course is focused on the fiction, primarily the novel, that distinguishes the American literary response to the phenomena of “modernity” in the 1920s and 1930s: modernization, urbanization, the rise of consumer and finance capitalism, the Harlem Renaissance and “New Negro” Movements, the anti-immigration and Indian citizenship acts, the press of ethnic upward mobility, and the European literary experimentation called “modernism,” the world-entailing crash of the U.S. stock market. To be drawn from the works of: Stein, Cather, Wharton, Fitzgerald, Hemingway, Dos Passos, Larsen, Toomer, Schuyler, Hurston, Barnes, Hammett, Roth, McKay, Faulkner, DiDonato, Steinbeck.",101,4,Violence / Migration / Migrations,10.981947,2.070298,0.38305339217185974,0,p0801|p0780|p0792|p0803|p0805,0.638|0.612|0.590|0.564|0.555
p0803,Part 10: Majors and Courses,Course Descriptions,Courses with Course Subject: Literature (LIT),Course Descriptions,317,"LIT 303 The Literary Arts of the Cold War (4 credits) This course focuses on the fictional, theatrical, cinematic, poetic, and new-journalist representation of the Cold War and its “Hot” manifestations (the Korean and, especially, the Vietnam War, as well as the violent turns in U.S. Radicalism). From the rise of postmodernism and the Beat era (Kerouac, Ginsberg, O’Connor, Williams, Miller) through treatments of the Civil Rights Movement, the New Left, and various manifestations of the Counter Culture (Eastern religions, the sexual revolution, communes, Afro-naturalism, Rowan and Martin’s Laugh-In), especially the anti-War Movement and Black Protest movements, to whatever of the 1970s (belated Vietnam films, feminist impact, etc.) works for closure.",111,4,Violence / Migration / Migrations,11.019295,2.0370972,0.38752782344818115,0,p0804|p0801|p0802|p0601|p0787,0.599|0.587|0.564|0.551|0.538
p0804,Part 10: Majors and Courses,Course Descriptions,Courses with Course Subject: Literature (LIT),Course Descriptions,317,"LIT 304 The Center Stage of Ethnic and Women’s Writing (4 credits) Women’s, ethnic, and especially ethnic women’s writing from the breakthroughs of Walker, Morrison, Hong Kingston, Bambara, Silko, Joan Chase, and Paule Marshall to the glory days of Erdrich, Naylor, Alvarez, Cisneros, Anzaldúa, Jen, Kogawa, Adrienne Kennedy, Suzan-Lori Parks, and—of course—Morrison again, along with their male dissenters and allies, such as Ishmael Reed, Charles Fuller, Tony Kushner, Charles Johnson, Chang-Rae Lee, Oscar Hijuelos, Richard Rodriguez, David Henry Hwang, Junot Diaz, and Ron Hansen.",84,4,Violence / Migration / Migrations,10.99024,2.1088717,0.2955523133277893,0,p0803|p0792|p0808|p0806|p0801,0.599|0.542|0.529|0.526|0.510
p0805,Part 10: Majors and Courses,Course Descriptions,Courses with Course Subject: Literature (LIT),Course Descriptions,318,"LIT 305 The U.S. and the Contemporary Global Imagination (4 credits) This course treats issues of the globe in the U.S. and the U.S. in the globe, as imagined in both Maximalist fiction of various orders (DeLillo, Wallace, Silko, Butler, Delaney, Chabron) and the auto-ethnographic and multicultural contact novel (Morrison, Lee, Cole, Díaz, Shteyngart, Adichie, Hoessini, Hamid, Beatty, Whitehead) centered in the multicultural U.S.--as well as whatever global anglophone writing (Sebald, Mitchell, Coetzee), the graphic novel (Speigelman, Satrapi, Sacco, Eisner, Bechdel, the Hernandez brothers), or serial television (The Sopranos, The Wire, Breaking Bad) works for a particular term.",98,4,Violence / Migration / Migrations,11.042498,2.1751103,0.419979989528656,0,p0780|p0802|p0801|p0806|p0803,0.610|0.555|0.533|0.522|0.516
p0806,Part 10: Majors and Courses,Course Descriptions,Courses with Course Subject: Literature (LIT),Course Descriptions,318,"LIT 306 Melodrama East and West (4 credits) This course examines melodrama as a genre in literature and as a mode of representation in film and other media. In examining representative works the course pays attention to key issues in cultural theory, including: gender construction, class formation, racial recognition, and national identity-building. The course places equal emphasis on texts from US and Chinese cultures and uses a comparative method to explore the politics of cross-cultural representation in both societies, leading to a critical understanding of how China is represented in US melodrama, and vice-versa.",94,11,Asia / Migration / Ethnic,11.404019,2.4542909,0.5381121635437012,0,p0786|p0794|p0852|p0559|p0693,0.708|0.664|0.608|0.608|0.599
p0807,Part 10: Majors and Courses,Course Descriptions,Courses with Course Subject: Literature (LIT),Course Descriptions,318,"LIT 307 Digital Storytelling (4 credits) This course introduces the theory, method, and practice of digital storytelling. Students will learn to analyze digital storytelling in various media forms and modes of production, and evaluate the cultural impact of new media narratives. They will explore digital storytelling affordances including text, video, audio, design, animation, and interactivity. Students will gain hands-on experience developing digital narratives and creating digital critiques. No specific digital media authoring experience is required.",75,0,Audio / Digital / Mediart,10.372301,3.2318273,0.5319021940231323,0,p0863|p0875|p0784|p0862|p0860,0.637|0.629|0.626|0.613|0.607
p0808,Part 10: Majors and Courses,Course Descriptions,Courses with Course Subject: Literature (LIT),Course Descriptions,318,"LIT 308 American Icons (4 credits) A study of the works and dramatized presence of any number of iconic figures on America’s cultural stage, which varies each term according to the expertise of the instructor. The course could have a pre-Revolutionary focus, treating semi-mythic figures such as Bradford, Wild Bill Hickock, Pocohantas, Morton, Adams and Hamilton. It might look at mid-19th century such as Andrew Jackson, Sitting Bull, Abraham Lincoln, John Brown, Fanny Fern, Thomas Dartmouth Rice, “Little Eva,” “Stagger Lee,” and “John Henry.” Or it will focus on more recent icons, from Teddy Roosevelt, Harry Houdini, Bessie Smith, Louis Armstrong, Duke Ellington, Valentino, and Mae West in the early decades to Billie Holiday, Frank Sinatra, and Judy Garland (to cite only the singers) at mid-century to Kennedy, Malcolm X, and Martin Luther King in the sixties (to cite only the politicos) or even Madonna, Tupac, Gaga, Beyoncé and Kendrick Lamar (back to the musicians). A study of the interplay among their arts, their celebrity personae, and their impact on ethnic, national, and international scenes.",175,4,Violence / Migration / Migrations,11.009212,2.1286225,0.18789158761501312,1,p0804|p0806|p0787|p0803|p0792,0.529|0.464|0.454|0.443|0.403
p0809,Part 10: Majors and Courses,Course Descriptions,Courses with Course Subject: Material Science (MATSCI),Course Descriptions,319,"MATSCI 201 Fundamentals of Materials Science (4 credits) This is the introductory lecture class for sophomore students in Materials Science at Duke Kunshan University. This course is an introduction to topics fundamental to materials science: structure, bonding, and thermodynamics. Bonding is the foundation of structure, and the structure provides constraints on the thermo-dynamic properties of materials. These topics are intimately related and are required for a full understanding of materials' synthesis, fabrication, and processing. Prerequisite(s): INTGSCI 102; or, CHEM 110 or 120, and PHYS 121",85,8,Chem / Phys / Intgsci,6.605166,-3.6044347,0.258461058139801,1,p0811|p0812|p0814|p0518|p0810,0.653|0.650|0.642|0.627|0.625
p0810,Part 10: Majors and Courses,Course Descriptions,Courses with Course Subject: Material Science (MATSCI),Course Descriptions,319,"MATSCI 202 Mathematical Method for Materials Science (4 credits) This course focuses on providing students with mathematical knowledge to understand structure- property relationship in materials. The course will be based on “Advanced Calculus for Applications”, which is a textbook designed for undergraduate students with interests in materials science and engineering. Topics include: Number Systems and Algebra of Complex Numbers, Elementary Complex Functions, Analytic Functions, Complex Integrals, Taylor Series, Laurent Series, Differential Equations, etc. Prerequisite(s): MATH 201",76,6,Compsci / Algorithms / Math,6.7180142,-3.7417753,0.432807058095932,0,p0811|p0814|p0809|p0816|p0447,0.685|0.684|0.625|0.614|0.567
p0811,Part 10: Majors and Courses,Course Descriptions,Courses with Course Subject: Material Science (MATSCI),Course Descriptions,319,"MATSCI 301 Materials Synthesis and Characterization (Lab) (4 credits) This lab course is designed to expose student to synthesis and characterization methods commonly used in materials science. Solution based methods, chemical vapor deposition, solid-solid reaction, SEM, TEM, x-ray diffraction RAMAN, IR, and electrochemical characterization will be the topics with which students will have hands-on experience. Prerequisite(s): MATSCI 201; MATH 201; and INGTGSCI 102 or PHYS 121",66,8,Chem / Phys / Intgsci,6.6293902,-3.6047027,0.3998972773551941,0,p0810|p0809|p0814|p0812|p0816,0.685|0.653|0.592|0.587|0.579
p0812,Part 10: Majors and Courses,Course Descriptions,Courses with Course Subject: Material Science (MATSCI),Course Descriptions,319,"MATSCI 302 Electronic, Optical and Magnetic Properties of Materials (4 credits) This course discusses the electronic, optical and magnetic properties of materials, and how the properties are related to their electronic and molecular structures. Specific examples of important materials will be discussed in the class, including materials for electronic devices, materials for electro-optical devices, optical fibers, solar cells and other devices. How the chemical composition and physical structure changes the properties at nanoscale will also be a major topic of discussion. Prerequisite(s): MATSCI 201; MATH 201; and PHYS 121 or INTGSCI 102",92,8,Chem / Phys / Intgsci,6.6161113,-3.5956192,0.2322617471218109,1,p0815|p0809|p0816|p0518|p0811,0.679|0.650|0.595|0.588|0.587
p0813,Part 10: Majors and Courses,Course Descriptions,Courses with Course Subject: Material Science (MATSCI),Course Descriptions,319,"MATSCI 303 Phase Transformations (4 credits) The state of matter is dependent upon temperature, thermal history, and other variables. In this course the science of structural transitions is treated, with the purpose in mind of utilizing them for producing materials with superior properties. The subjects covered include the methods of structural analysis, solidification, solid state transformation, and order-disorder transition. Prerequisite(s): MATSCI 201; PHYS 302 or CHEM 301",67,8,Chem / Phys / Intgsci,6.5840573,-3.6162438,0.20785151422023773,1,p0809|p0811|p0919|p0812|p0814,0.616|0.577|0.547|0.527|0.507
p0814,Part 10: Majors and Courses,Course Descriptions,Courses with Course Subject: Material Science (MATSCI),Course Descriptions,320,"MATSCI 401 Mechanical Properties of Materials (4 credits) The course will discuss the origin of mechanical properties in materials, mostly solid-state materials. Topics will include: continuum elasticity and plasticity, slip geometry and dislocation theory, Strengthening mechanisms in metals and alloys, thermal effects, creep, fracture and fatigue etc. This course will include basic mechanisms and engineering analysis. Prerequisite(s): MATSCI 201; MATH 201; and INGTGSCI 102 or PHYS 121",67,8,Chem / Phys / Intgsci,6.7414603,-3.6931024,0.44349047541618347,0,p0810|p0809|p0816|p0447|p0919,0.684|0.642|0.613|0.604|0.593
p0815,Part 10: Majors and Courses,Course Descriptions,Courses with Course Subject: Material Science (MATSCI),Course Descriptions,320,"MATSCI 402 Introduction to Nanoscale Functional Materials (4 credits) The main purpose of this course is to introduce students to key concepts underlying the design, properties and processing of nanoscale functional materials, and how they are employed in practical applications. Fundamental chemical and physical principles underlying the properties of electronic, dielectric and magnetic materials will be developed in the context of metals, semiconductors, insulators, crystals, glasses, polymers and ceramics. Miniaturization and the nanotechnology revolution confront materials science with limitations and opportunities; examples in which nanoscale materials are different from our macro world experience will be explored. Prerequisite(s): PHYS 122; MATSCI 302",101,8,Chem / Phys / Intgsci,6.5792103,-3.552197,0.21346409618854523,1,p0812|p0450|p0518|p0447|p0816,0.679|0.646|0.644|0.589|0.580
p0816,Part 10: Majors and Courses,Course Descriptions,Courses with Course Subject: Material Science (MATSCI),Course Descriptions,320,"MATSCI 403 Quantum Physics for Materials Science (4 credits) This course is designed to meet the changing quantum mechanics needs in such areas as solid-state research, quantum electronics, materials science, etc. The course will explain multiparticle Hamiltonians, potential wells and how they apply to electrons in solids (solid state physics) as well as the harmonic potential and applications in solid state. The physics about low dimensional structures such as quantum wells/2-dimensional materials, nanowires and quantum dots will also be discussed. Prerequisite(s): PHYS 401",83,8,Chem / Phys / Intgsci,6.756282,-3.6318495,0.37180259823799133,0,p0919|p0810|p0814|p0812|p0918,0.651|0.614|0.613|0.595|0.588
p0817,Part 10: Majors and Courses,Course Descriptions,Courses with Course Subject: Material Science (MATSCI),Course Descriptions,320,"MATSCI 404 Polymers and Biomaterials (4 credits) Polymer is one of the most widely used materials in our daily life, from the rubber tires to clothes, from photoresists in chip manufacturing to flexible electronics and smart sensors, from Scotch tapes to artificial tissues. This course teaches entry-level knowledge in polymer synthesis, characterization, thermodynamics, and structure-property relationship. Emphasis will be on understanding both chemical and physical aspects and polymer chain size/dimension that drive the molecular, microscopic and macroscopic structures and the resulting properties. We will discuss how to apply polymer designs to advance nanotechnology, electronics, energy and biotechnology. Case studies include thermodynamics of block copolymer thin films and their applications in nanolithography, shape memory polymers, hydrogels, and elastomeric deformation and applications. Prerequisite(s): MATSCI 201; CHEM 201; PHYS 302 or CHEM 301",130,8,Chem / Phys / Intgsci,6.5647187,-3.4877167,0.05763929337263107,1,p0809|p0518|p0815|p0447|p0517,0.488|0.486|0.461|0.449|0.435
p0818,Part 10: Majors and Courses,Course Descriptions,Courses with Course Subject: Mathematics (MATH),Course Descriptions,322,"MATH 21 Introduction to Calculus I (4 credits) Credit awarded on the basis of national/international examinations in mathematics such as College Board, International Baccalaureate, British Advanced Level.",27,1,Physedu / Japanese / Italian,15.262386,5.1941924,0.44668418169021606,0,p0819|p0630|p0477|p1068|p0832,0.912|0.615|0.609|0.608|0.597
p0819,Part 10: Majors and Courses,Course Descriptions,Courses with Course Subject: Mathematics (MATH),Course Descriptions,322,"MATH 22 Introduction to Calculus II (4 credits) Credit awarded on the basis of national/international examinations in mathematics such as College Board, International Baccalaureate, British Advanced Level.",27,1,Physedu / Japanese / Italian,15.253838,5.1496863,0.4333534240722656,0,p0818|p0630|p0716|p0832|p1068,0.912|0.619|0.591|0.587|0.573
p0820,Part 10: Majors and Courses,Course Descriptions,Courses with Course Subject: Mathematics (MATH),Course Descriptions,322,"MATH 101 Introductory Calculus (4 credits) This course offers an introduction to Calculus, a subject that is the foundation for a large part of modern mathematics and has countless applications across the sciences and beyond. The course covers the fundamental Calculus concepts (limits, continuity, differentiation, integration) and explores related applications. The treatment of these concepts assumes no prior knowledge of Calculus. Recommended for students who have not had a previous (high-school level) Calculus course. Students who have had such a Calculus course are recommended to take MATH 105 instead. Prerequisite(s): Permission only",92,6,Compsci / Algorithms / Math,8.514299,-3.7207716,0.3421366214752197,0,p0821|p0832|p0822|p0842|p0835,0.907|0.658|0.582|0.539|0.489
p0821,Part 10: Majors and Courses,Course Descriptions,Courses with Course Subject: Mathematics (MATH),Course Descriptions,322,"MATH 105 Calculus (4 credits) Calculus is the foundation for a large part of modern mathematics and has countless applications across the sciences and beyond. This course covers the fundamental Calculus concepts (limits, continuity, differentiation, integration) and explores related applications. The treatment of these topics is rigorous and it involves basic principles of mathematical logic and epsilon-delta language. Prerequisite(s): Recommended for students who have had a previous (high-school level) Calculus course. Not open to students who have credit for MATH 101.",81,6,Compsci / Algorithms / Math,8.516105,-3.7668054,0.3892962634563446,0,p0820|p0832|p0822|p0842|p0818,0.907|0.649|0.624|0.535|0.508
p0822,Part 10: Majors and Courses,Course Descriptions,Courses with Course Subject: Mathematics (MATH),Course Descriptions,322,"MATH 201 Multivariable Calculus (4 credits) Main topics of this course include vectors and vector functions, the geometry of higher dimensional Euclidean spaces, partial derivatives, multiple integrals, line integrals, vector fields, Green’s Theorem, Stokes’ Theorem and the Divergence Theorem. Prerequisite(s): MATH 101 or 105",44,6,Compsci / Algorithms / Math,8.576514,-3.8001878,0.503081738948822,0,p0829|p0835|p0839|p0832|p0821,0.666|0.647|0.644|0.632|0.624
p0823,Part 10: Majors and Courses,Course Descriptions,Courses with Course Subject: Mathematics (MATH),Course Descriptions,323,"MATH 202 Linear Algebra (4 credits) Systems of linear equations and elementary row operations, Euclidean n-space and subspaces, linear transformations and matrix representations, Gram-Schmidt orthogonalization process, determinants, eigenvectors and eigenvalues; applications. Prerequisite(s): MATH101 or 105",35,6,Compsci / Algorithms / Math,8.542815,-3.734074,0.3092306852340698,0,p0829|p0822|p0828|p0827|p0837,0.737|0.575|0.556|0.505|0.485
p0824,Part 10: Majors and Courses,Course Descriptions,Courses with Course Subject: Mathematics (MATH),Course Descriptions,323,"MATH 205 Probability and Statistics (4 credits) This course serves as an introduction to probability theory and statistics. It covers basic concepts of the probabilistic description of independent events, some types of probability distributions that frequently arise, some statistical measures used to characterize probability distributions, the central limit theorem, common types of processes and the distributions they generate, the statistics typically employed for testing the explanatory power of a model or hypothesis. Prerequisite(s): MATH101 or 105",76,6,Compsci / Algorithms / Math,9.0261,-3.3896794,0.4557335376739502,0,p1072|p0825|p0370|p1076|p1073,0.809|0.770|0.638|0.630|0.603
p0825,Part 10: Majors and Courses,Course Descriptions,Courses with Course Subject: Mathematics (MATH),Course Descriptions,323,"MATH 301 Advanced Introduction to Probability (4 credits) Advanced introduction to basic, non-measure theoretic probability. Topics include random variables with discrete and continuous distributions. Independence, joint distributions, conditional distributions, generating functions, Bayes' formula, and Markov chains. Rigorous arguments are presented for the law of large numbers, central limit theorem, and Poisson limit theorems. Prerequisite(s): MATH 201, MATH 202, and MATH 205",61,6,Compsci / Algorithms / Math,8.9483795,-3.3611567,0.3233811855316162,0,p0824|p1072|p0836|p0842|p1076,0.770|0.706|0.577|0.567|0.549
p0826,Part 10: Majors and Courses,Course Descriptions,Courses with Course Subject: Mathematics (MATH),Course Descriptions,323,"MATH 302 Numerical Analysis (4 credits) Introductory course on numerical analysis. Topics include: Development of numerical techniques for accurate, efficient solution of problems in science, engineering, and mathematics through the use of computers. Linear systems, nonlinear equations, optimization, numerical integration, differential equations, simulation of dynamical systems, error analysis. Students are not allowed to take both MATH 302 and MATH 304 because of the content overlap. Students who are planning to major in Data Science should take MATH 304 instead, and those who have taken MATH 302 may not major in Data Science. Prerequisite(s): MATH 201, MATH 202. Anti-requisite: MATH 304",100,6,Compsci / Algorithms / Math,8.852615,-3.670928,0.45585769414901733,0,p0828|p1074|p0837|p0832|p0829,0.842|0.796|0.743|0.685|0.573
p0827,Part 10: Majors and Courses,Course Descriptions,Courses with Course Subject: Mathematics (MATH),Course Descriptions,324,"MATH 303 ODE and Dynamical Systems (4 credits) Theory of ordinary differential equations with some of the modern theory of dynamical systems. Topics include differential equations and linear systems of DEs, the general theory of nonlinear systems, the qualitative behavior of two-dimensional and higher-dimensional systems, and applications in various areas. Prerequisite(s): MATH 201, MATH 202",55,6,Compsci / Algorithms / Math,8.105931,-3.6563249,0.29718446731567383,0,p0835|p0914|p0839|p0823|p0921,0.567|0.535|0.508|0.505|0.500
p0828,Part 10: Majors and Courses,Course Descriptions,Courses with Course Subject: Mathematics (MATH),Course Descriptions,324,"MATH 304 Numerical Analysis and Optimization (4 credits) This course covers Gaussian elimination, LU factorization, Cholesky decomposition, QR decomposition, Newton-Raphson method, binary search, convex function, convex set, gradient method, Newton method, Lagrange dual, KKT condition, interior point method, conjugate gradient method, random walk, and stochastic optimization. Students are not allowed to take both MATH 302 and MATH 304 because of the content overlap. Students who are planning to major in Applied Math and Computational Sciences should take MATH 302 instead, and those who have taken MATH 304 may not major in Applied Math and Computational Sciences. Prerequisite(s): MATH 201; MATH 202; MATH 205; and COMPSCI 201 or COMPSCI 101 or STATS 102. Anti-requisite: MATH 302.",115,6,Compsci / Algorithms / Math,8.892666,-3.7370162,0.4895536005496979,0,p0826|p1074|p0837|p0829|p0832,0.842|0.769|0.748|0.680|0.675
p0829,Part 10: Majors and Courses,Course Descriptions,Courses with Course Subject: Mathematics (MATH),Course Descriptions,324,"MATH 305 Advanced Linear Algebra (4 credits) This course covers pseudo inverse, inner product, vector spaces and subspaces, orthogonality, linear transformations and operators, projections, matrix factorization, and singular value decomposition. Prerequisite(s): MATH 201 and MATH 202; COMPSCI 201 or COMPSCI 101 or STATS 102 is recommended",46,6,Compsci / Algorithms / Math,8.610909,-3.8053963,0.4101875424385071,0,p0823|p0828|p0822|p1075|p0826,0.737|0.680|0.666|0.579|0.573
p0830,Part 10: Majors and Courses,Course Descriptions,Courses with Course Subject: Mathematics (MATH),Course Descriptions,324,"MATH 306 Number Theory (4 credits) Divisibility properties of integers, prime numbers, congruences, quadratic reciprocity, number- theoretic functions, simple continued fractions, rational approximations; contributions of Fermat, Euler, and Gauss. Prerequisite(s): MATH 101 or 105, and MATH 205",37,6,Compsci / Algorithms / Math,8.652797,-3.7742622,0.49372589588165283,0,p0828|p0832|p0834|p0824|p0822,0.579|0.576|0.568|0.531|0.530
p0831,Part 10: Majors and Courses,Course Descriptions,Courses with Course Subject: Mathematics (MATH),Course Descriptions,324,"MATH 307 Complex Variable (4 credits) Introduction to analysis of functions of complex variables. Topics include complex numbers, analytic functions, complex integration, Taylor and Laurent series, theory of residues, argument and maximum principles, conformal mapping. Prerequisite(s): MATH 201, MATH 202",40,6,Compsci / Algorithms / Math,8.518187,-3.665909,0.3434067368507385,0,p0835|p0832|p0842|p0810|p0838,0.513|0.478|0.469|0.454|0.438
p0832,Part 10: Majors and Courses,Course Descriptions,Courses with Course Subject: Mathematics (MATH),Course Descriptions,325,"MATH 308 Real Analysis (4 credits) The course discusses the defining properties of the real numbers, the topology of the real line and its subsets, and a rigorous development of single variable Calculus including limits, sequences and series of numbers, continuity, differentiability, sequences and series of functions, the power series representation of functions, and the Riemann integral, culminating in the Fundamental Theorem of Calculus. This is an abstract mathematics course with a heavy emphasis on proofs and formal arguments rather than on computations. Even though not strictly required, it is strongly suggested that students take MATH 201 or MATH 202 before taking MATH 380. Prerequisite(s): MATH 101 or MATH 105; MATH 205",112,6,Compsci / Algorithms / Math,8.700518,-3.7450688,0.517454206943512,0,p0826|p0828|p0820|p0821|p0822,0.685|0.675|0.658|0.649|0.632
p0833,Part 10: Majors and Courses,Course Descriptions,Courses with Course Subject: Mathematics (MATH),Course Descriptions,325,"MATH 316 Discrete Time Finance (4 credits) This is an introductory course in mathematical models in finance, centered around the problem of pricing and hedging derivative securities. Due to the uncertainty inherent in the evolution of the stock market, the theory naturally involves probabilistic tools and structures such as conditioning, martingales and Markov processes. To focus on the main idea, we will work in discrete-time setting and a simple model so called binomial asset pricing model for most of the course. In addition, we will also discuss a foreign exchange model, an extension of the binomial model with a second currency and derives the Black-Scholes equation. Prerequisite(s): MATH 101 or 105; and MATH 205 or Consent of the Instructor",119,3,Econ / Pricing / Microeconomics,8.984658,-2.917552,0.28159406781196594,1,p0624|p0836|p0825|p1072|p0952,0.984|0.535|0.516|0.492|0.477
p0834,Part 10: Majors and Courses,Course Descriptions,Courses with Course Subject: Mathematics (MATH),Course Descriptions,325,"MATH 401 Abstract Algebra (4 credits) An introduction to the principles and concepts of abstract algebra. Abstract algebra studies the structure of sets with operations on them. The course studies three basic kinds of ""sets with operations on them"", called Groups, Rings, and Fields, with applications to number theory, the theory of equations, and geometry. Prerequisite(s): MATH 202",58,6,Compsci / Algorithms / Math,8.732381,-3.7826984,0.3962477445602417,0,p0830|p0832|p0840|p0561|p0360,0.568|0.521|0.476|0.466|0.451
p0835,Part 10: Majors and Courses,Course Descriptions,Courses with Course Subject: Mathematics (MATH),Course Descriptions,325,"MATH 403 Partial Differential Equations (4 credits) Topics include heat, wave, and potential equations: scientific context, derivation, techniques of solution, and qualitative properties. Topics to include Fourier series and transforms, eigenvalue problems, maximum principles, Green's functions, and characteristics. Prerequisite(s): MATH 303 and MATH 308",44,6,Compsci / Algorithms / Math,8.262779,-3.7241814,0.42779189348220825,0,p0822|p0911|p0827|p0914|p0840,0.647|0.581|0.567|0.562|0.551
p0836,Part 10: Majors and Courses,Course Descriptions,Courses with Course Subject: Mathematics (MATH),Course Descriptions,326,"MATH 404 Stochastic Modeling & Computing (4 credits) Focusing on stochastic process and stochastic simulations. Topics include discrete-time and continuous-time Markov chains, Poisson processes and renewal theory, branching processes, generating random numbers and variates, Monte Carlo simulation, statistical analysis of simulation results, variance reduction techniques, etc. Prerequisite(s): MATH 205",49,6,Compsci / Algorithms / Math,8.8287325,-3.3232706,0.36386674642562866,0,p1072|p1081|p1076|p0825|p0824,0.719|0.643|0.628|0.577|0.560
p0837,Part 10: Majors and Courses,Course Descriptions,Courses with Course Subject: Mathematics (MATH),Course Descriptions,326,"MATH 405 Mathematics of Data Analysis and Machine Learning (4 credits) Geometry of high dimensional data sets. Linear dimension reduction, principal component analysis, kernel methods. Nonlinear dimension reduction, manifold models. Graphs. Random walks on graphs, diffusions, page rank. Clustering, classification and regression in high- dimensions. Sparsity. Computational aspects, randomized algorithms. Students are not allowed to take both MATH 405 and STATS 302 because of the content overlap. Students who are planning to major in Data Science should take STATS 302 instead, and those who have taken MATH 405 may not major in Data Science. Prerequisite(s): MATH 201, MATH 202, and MATH 205. Anti-requisite: STATS 302",105,6,Compsci / Algorithms / Math,8.987947,-3.576501,0.4159068465232849,0,p1074|p0828|p0826|p1075|p0822,0.828|0.748|0.743|0.671|0.600
p0838,Part 10: Majors and Courses,Course Descriptions,Courses with Course Subject: Mathematics (MATH),Course Descriptions,326,"MATH 406 Mathematical Modeling (4 credits) Introduction to techniques used in the construction, analysis, and evaluation of mathematical models. Individual modeling projects in biology, chemistry, economics, engineering, medicine, or physics. Mathematical techniques such as nondimensionalization, perturbation analysis, and special solutions will be introduced to simplify the models and yield insight into the underlying problems. Prerequisite(s): MATH 303 or Consent of the Instructor",62,6,Compsci / Algorithms / Math,8.227516,-3.3283105,0.32640719413757324,0,p0841|p0836|p0504|p0835|p0826,0.771|0.551|0.546|0.540|0.520
p0839,Part 10: Majors and Courses,Course Descriptions,Courses with Course Subject: Mathematics (MATH),Course Descriptions,326,"MATH 408 Differential Geometry (4 credits) A first course to differential geometry focusing on the study of curves and surfaces in 2- and 3- dimensional Euclidean space using the techniques of differential and integral calculus and linear algebra. Topics include curvature and torsion of curves, Frenet-Serret frames, global properties of closed curves, intrinsic and extrinsic properties of surface, Gaussian curvature and mean curvatures, geodesics, minimal surfaces, and the Gauss-Bonnet theorem. Prerequisite(s): MATH 201, MATH 202",75,6,Compsci / Algorithms / Math,8.434305,-3.7824814,0.3582123816013336,0,p0822|p0840|p0827|p0835|p0837,0.644|0.596|0.508|0.506|0.488
p0840,Part 10: Majors and Courses,Course Descriptions,Courses with Course Subject: Mathematics (MATH),Course Descriptions,326,"MATH 409 Topology (4 credits) Elementary introduction to topology. Topics include surfaces, covering spaces, Euler characteristic, fundamental group, homology theory, exact sequences. Prerequisite(s): MATH 202 or Consent of the Instructor",30,6,Compsci / Algorithms / Math,8.466835,-3.7814198,0.4952298402786255,0,p0822|p0839|p0835|p0829|p0911,0.620|0.596|0.551|0.548|0.541
p0841,Part 10: Majors and Courses,Course Descriptions,Courses with Course Subject: Mathematics (MATH),Course Descriptions,327,"MATH 410 Modeling Biological Systems (4 credits) Students will determine the topics covered in this research seminar on mathematical methods for modeling biological systems based on their own research interests. Students will review mathematical methods of differential equations and probability, and discuss how to use mathematical techniques in development of models in biology. The seminar is highly interactive and students are expected to contribute to presentations and class discussions on individual research projects. In the first weeks of the course each student will work with the instructor to agree upon a substantial final individual student modeling project that the student will develop over the course of the class. Prerequisite(s): MATH 201, MATH 202, BIOL 110",115,8,Chem / Phys / Intgsci,7.557014,-2.9284146,0.34129226207733154,0,p0838|p0504|p0771|p0772|p0916,0.771|0.599|0.547|0.529|0.513
p0842,Part 10: Majors and Courses,Course Descriptions,Courses with Course Subject: Mathematics (MATH),Course Descriptions,327,MATH 450 Measure and Integration (4 credits) Introduction to analysis of functions of real variables. Topics include Lebesgue measure and integration; L^p spaces; absolute continuity; abstract measure theory; Radon-Nikodym Theorem; connection with probability; Fourier series and integrals. Prerequisite(s): MATH 308,40,6,Compsci / Algorithms / Math,8.618985,-3.5907052,0.3834884464740753,0,p0822|p0825|p0824|p0832|p0820,0.575|0.567|0.549|0.545|0.539
p0843,Part 10: Majors and Courses,Course Descriptions,Courses with Course Subject: Media and Arts (MEDIART),Course Descriptions,328,"MEDIART 101 Introduction to Media Studies and the Arts (4 credits) Media Studies and the Arts explores the cultural significance of the media in the contemporary world. It is a cross-disciplinary field that draws on communication studies, art history, literature, sociology, psychology and philosophy, among others. Particular attention is paid to new media and digital media including those enabled by the technological revolution of the internet age.",67,0,Audio / Digital / Mediart,10.656453,3.6948965,0.5064104795455933,0,p0863|p0862|p0452|p0451|p0453,0.822|0.814|0.795|0.793|0.693
p0844,Part 10: Majors and Courses,Course Descriptions,Courses with Course Subject: Media and Arts (MEDIART),Course Descriptions,328,"MEDIART 103 Introduction to Moving Image Practice (4 credits) Like any craft, making movies is something that takes time, study, and, more importantly, practice. Each film is a unique challenge. What works for one film may not work for another. This is what makes learning about filmmaking an ongoing process. This course includes reading, discussing, and studying of the fundamental elements of video production. Strongest emphasis is in the several short exercises to guide students towards a solid understanding of the building blocks of different types of video production. Student will learn to use digital video cameras and audio equipment, learn basic video editing, and create original work.",108,0,Audio / Digital / Mediart,9.979938,3.7098107,0.48139652609825134,0,p0864|p0869|p0862|p0876|p0870,0.794|0.780|0.776|0.756|0.730
p0845,Part 10: Majors and Courses,Course Descriptions,Courses with Course Subject: Media and Arts (MEDIART),Course Descriptions,328,"MEDIART 104 Introduction to Photography (4 credits) An emphasis on how to see with the camera and ways of thinking about photographs. Class assignments accompanied by historical and theoretical readings, lectures, class discussions, and field trips. Course will use photography as a tool for exploring the local community. Learn digital techniques including camera function, Photoshop, ink-jet printing, audio capture and production of audio-visual slide shows. Discuss ethical issues that emerge as a result of digital photographic impermanence.",77,0,Audio / Digital / Mediart,10.089241,3.619838,0.5396841764450073,0,p0857|p0862|p0871|p0869|p0865,0.761|0.754|0.713|0.693|0.691
p0846,Part 10: Majors and Courses,Course Descriptions,Courses with Course Subject: Media and Arts (MEDIART),Course Descriptions,328,"MEDIART 105 Introduction to Film Studies (4 credits) This course is a wide-ranging introduction to the fascinating world of film and the cinema industry. Here we will look at the language and critical tools we use to understand and interpret films, while considering examples from a variety of geographical, historical, and theoretical backgrounds. Following a primarily historical trajectory, the course will allow students to develop an appreciation of cinema’s role in visual culture throughout the 20th century up to our present day. Understanding how movies function, how they become meaningful for their audiences, and how this relationship between moving images and viewers has evolved during the past 120 years, contributes to our further enjoyment of cinema in its various manifestations. At the same time, this deeper appreciation and knowledge allows us to come to grips with the ways in which movies have had an impact on the broader construction of society and human culture to date.",156,0,Audio / Digital / Mediart,10.215975,3.6245477,0.4720801115036011,0,p0849|p0844|p0869|p0868|p0852,0.733|0.705|0.694|0.680|0.678
p0847,Part 10: Majors and Courses,Course Descriptions,Courses with Course Subject: Media and Arts (MEDIART),Course Descriptions,329,"MEDIART 106 The Visual Culture of News, Past and Present (4 credits) Does news affect us differently if we watch it on YouTube, on PerezHilton.com or on The Daily Show, or if we read it on The New York Times or as a blog post? Do we feel that certain kinds of news-cultural, political, satirical-is more important, or more informative? How did these differences play out in earlier news formats, like periodicals, pamphlets, or almanacs? This class will explore the visual culture of news from Early Modernity to the present by examining the formats and media it has adopted, the ways it designs the page/pamphlet/screen, how it incorporates images, and the relationship of all of this to what the news reports. Our goals in this class are to collectively explore the relationship between text, image, design, and medium.",138,0,Audio / Digital / Mediart,10.601923,3.5852222,0.37710899114608765,0,p0843|p0849|p0863|p0586|p0861,0.647|0.629|0.608|0.590|0.581
p0848,Part 10: Majors and Courses,Course Descriptions,Courses with Course Subject: Media and Arts (MEDIART),Course Descriptions,329,"MEDIART 108 Love and Dreams on the Chinese Stage (2 credits) From the fourth century BCE onwards, the device of the dream has allowed Chinese writers, performers and intellectuals to explore social transgression and other liminal states of being. We will examine dreams in wide array of texts from Zhuangzi to the plays of Tang Xianzu and Dream of the Red Chamber in order to understand core humanistic concerns such as love (qing) and the futility of earthly desire and ambition. With a focus on kunqu, students will engage with Chinese drama (original or in translation) both in recording and by visiting live performances.",104,11,Asia / Migration / Ethnic,12.153774,3.020825,0.4528113007545471,0,p0783|p0542|p0559|p0867|p0721,0.942|0.626|0.613|0.598|0.578
p0849,Part 10: Majors and Courses,Course Descriptions,Courses with Course Subject: Media and Arts (MEDIART),Course Descriptions,329,"MEDIART 109 Introduction to Visual Culture (4 credits) This course offers an introduction to central themes in, and methodologies for, analyzing visual culture. Visual Culture is a transdisciplinary field of study that studies the (re)production, circulation, and reception of images as well as everyday practices of seeing and showing in contemporary culture. By focusing on the cultural and social roles of images, the course examines how images circulate through various media including art, design, advertising, video games, pop culture, and digital technologies. Exploring “ways of seeing” the visual culture, students will be able to critically read and understand the images and visuality we live with and within.",107,0,Audio / Digital / Mediart,10.55523,3.457311,0.47927072644233704,0,p0846|p0863|p0845|p0843|p0745,0.733|0.684|0.680|0.665|0.649
p0850,Part 10: Majors and Courses,Course Descriptions,Courses with Course Subject: Media and Arts (MEDIART),Course Descriptions,329,"MEDIART 110 Audio Documentary & Storytelling (4 credits) Audio Documentary & Storytelling will lead students to explore the history of audio, radio, podcast / streaming, history through documentary and different narrative approaches. We will learn about recording techniques and audio mixing on digital editing software for the production of audio documentaries for radio, streaming, and podcast. Through audio documentary work, students will be encouraged to explore topics such as cultural differences, history, science, social commentary and drama from journalistic, theatrical or personal perspectives. We will explore audio narrative both fictional and non-fictional, along with sound design and approaches to storytelling.The course will introduce radio greats from Orson Wells to modern-day radio podcasts such as Radiolab, and China watcher favorites such as Sinica. This course is an essential introduction to creating and establishing an evolving student-run podcast network, informing the world of China life through the lenses of DKU students.",149,0,Audio / Digital / Mediart,10.300834,3.8028598,0.5309274792671204,0,p0856|p0851|p0862|p0872|p0843,0.762|0.646|0.631|0.625|0.614
p0851,Part 10: Majors and Courses,Course Descriptions,Courses with Course Subject: Media and Arts (MEDIART),Course Descriptions,330,"MEDIART 111 Archive (4 credits) It is a hands-on course that will lead to the creation of the DKU/Kunshan documentary archive. It will be led by a series of guest lectures, fieldtrips, and fieldwork. As a student of this class you will add to this archive through the act of curation, creation, and outreach. This course will answer the following questions: What is an archive? What is the power of the archive? Who decides what gets put in an archive? What gets left out? The guest lecturers are professionals with backgrounds in curation, archiving, dying and extinct languages, media and medium studies, documentary, and anthropology.",105,0,Audio / Digital / Mediart,10.325436,3.79414,0.5411673188209534,0,p0850|p0005|p0856|p0452|p0870,0.646|0.606|0.589|0.588|0.579
p0852,Part 10: Majors and Courses,Course Descriptions,Courses with Course Subject: Media and Arts (MEDIART),Course Descriptions,330,"MEDIART 112 Race on Film (2 credits) This course will provide students with analytic tools for approaching the topic of race on film from a variety of angles. These include issues of visibility, stereotyping, and whether a given film challenges conventions and adds to a larger cultural repertoire for representing race. In addition, it will examine the extent to which stories presumably told from a universal perspective in fact articulate the views of a majority culture, as well as how the facets of our own identities filter what we see on film. Students will hone writing skills and critical thinking, while participating in collegial discussions of a perennially controversial subject.",110,0,Audio / Digital / Mediart,10.267958,3.6500103,0.5725119113922119,0,p0846|p0806|p0870|p0869|p0878,0.678|0.608|0.604|0.597|0.591
p0853,Part 10: Majors and Courses,Course Descriptions,Courses with Course Subject: Media and Arts (MEDIART),Course Descriptions,330,"MEDIART 113 Exploring Music (2 credits) Why does music affect our emotions so strongly? Why do we like (or not like) something we hear, and what do we like about it? During this course, we will try to answer these and other fascinating questions about music. We will review the basic structures of music and study several genres and styles, ranging from masterpieces of classical music to rock and EDM (Electronic Dance Music). We will also investigate the cultural conditions under which we listen. We will develop the understanding of those matters primarily though written commentary on the musical and scholarly material encountered. No prior musical knowledge is required.",109,0,Audio / Digital / Mediart,10.404742,3.473155,0.3522714078426361,0,p0868|p0854|p0843|p0453|p0862,0.613|0.590|0.552|0.470|0.469
p0854,Part 10: Majors and Courses,Course Descriptions,Courses with Course Subject: Media and Arts (MEDIART),Course Descriptions,330,"MEDIART 114 Film Musicals and Musical Films (2 credits) Movies are often discussed as a visual medium, with sound treated as an afterthought to the image. Musicals, however, invert this relationship, putting sound front and center. This course examines both the genre of film musicals and musicality in film more generally, asking how film sound and music contribute to (or detract from) narrative, spectacle, affect, and realism. We will discuss a wide range of historical examples, stretching from the 1930s to the present; films may include those from the United States, Brazil, France, Denmark, Japan, and China.",97,0,Audio / Digital / Mediart,10.433695,3.3964229,0.29133543372154236,1,p0868|p0846|p1086|p0853|p0843,0.745|0.663|0.637|0.590|0.532
p0855,Part 10: Majors and Courses,Course Descriptions,Courses with Course Subject: Media and Arts (MEDIART),Course Descriptions,330,"MEDIART 202 Ideas, Imagination, and Creativity (4 credits) What is creativity? How is creativity related to the artistic process? How can I learn through practice to be more creative? This course first introduces students to major theories about creativity and related fields of innovation and entrepreneurship. Students analyze examples of the creative process in the lives of key artists and creative practitioners. Finally, they also experiment with different creative strategies to help cultivate their own creativity.",76,0,Audio / Digital / Mediart,10.090301,3.3382983,0.5093182325363159,0,p0862|p1048|p0879|p0843|p0845,0.728|0.693|0.600|0.599|0.598
p0856,Part 10: Majors and Courses,Course Descriptions,Courses with Course Subject: Media and Arts (MEDIART),Course Descriptions,331,"MEDIART 203 Audio Documentary (4 credits) Recording techniques and audio mixing on digital editing software for the production of audio documentaries for radio, the web, and podcast. Various approaches to audio documentary work, from the journalistic to the personal; use of fieldwork to explore cultural differences and histories of place. Stories told through audio focusing on a particular concern such as war and peace, death and dying, environmental change.",69,0,Audio / Digital / Mediart,10.192792,3.795819,0.419511079788208,0,p0850|p0872|p0862|p0870|p0844,0.762|0.672|0.628|0.623|0.599
p0857,Part 10: Majors and Courses,Course Descriptions,Courses with Course Subject: Media and Arts (MEDIART),Course Descriptions,331,"MEDIART 204 The Photographic Essay (4 credits) This course teaches the language of photography through the study of classic and contemporary photographic essays and through the completion of assigned photographic essays by the students themselves. Students will learn to make, choose, sequence, and pace their own images for class discussion and for digital projection. During the term students will complete three assigned photographic essays of at least ten images each. Each essay will be on a particular theme or subject to be announced.",83,0,Audio / Digital / Mediart,10.040952,3.6860108,0.5842034220695496,0,p0845|p0862|p0870|p0858|p0869,0.761|0.712|0.676|0.663|0.655
p0858,Part 10: Majors and Courses,Course Descriptions,Courses with Course Subject: Media and Arts (MEDIART),Course Descriptions,331,"MEDIART 205 Digital Imaging (4 credits) With the increasing use of digital media, visual communication is becoming more and more important. This course helps students to express themselves visually and introduces different techniques of Digital Imaging using Photoshop and Illustrator. The focus is not only on retouching and manipulating images, but also on using the computer as a medium to create art and communicate ideas. Digital painting, collages, vector graphics, special effects, matte painting, Photoshop for video and interaction with other media are some of the techniques covered. Photoshop and Illustrator used to introduce single and serial images for print and web output.",103,0,Audio / Digital / Mediart,9.90549,3.627171,0.37712952494621277,0,p0862|p0857|p0844|p0877|p0859,0.752|0.663|0.660|0.659|0.656
p0859,Part 10: Majors and Courses,Course Descriptions,Courses with Course Subject: Media and Arts (MEDIART),Course Descriptions,331,"MEDIART 206 Computer Graphics (4 credits) This course offers an overview and history of computer graphics as well as an introduction to key software technologies and concepts. These include: coordinate systems and geometric transforms; drawing routines, antialiasing, supersampling; 3D object representation, spatial data structures, constructive solid geometry; hidden-surface-removal algorithms, z-buffer, A-buffer; illumination and shading models, surface details, radiosity; achromatic light, color specification, colorimetry, different color models; graphics pipeline; animation, levels of detail. Prerequisite(s): COMPSCI 201 or INFOSCI 201 or consent of the Instructor",83,6,Compsci / Algorithms / Math,10.074321,-3.4013975,0.5162228345870972,0,p0569|p0877|p0858|p0568|p0571,0.915|0.679|0.656|0.629|0.607
p0860,Part 10: Majors and Courses,Course Descriptions,Courses with Course Subject: Media and Arts (MEDIART),Course Descriptions,332,"MEDIART 207 Creative Writing and Elements of Story (4 credits) Stories and storytelling surround us. They have existed since pre-history and continue to fill an essential place in our lives. What goes into telling a story? This is a beginning creative writing course that focuses on igniting the sparks for ideas and shaping ideas into a story. We will emphasize the hands-on exploration of sources for inspiration, idea-formation, building ideas, work-shopping and refining them to form them into a script. We will study the fundamentals of story, structure, character development, genre, building scenes, dialogue, and how to utilize them to write a script for media output including the screen, a podcast, and the stage.",114,0,Audio / Digital / Mediart,10.302819,3.2516425,0.4093340039253235,0,p0875|p0784|p0807|p0850|p0855,0.775|0.651|0.607|0.578|0.578
p0861,Part 10: Majors and Courses,Course Descriptions,Courses with Course Subject: Media and Arts (MEDIART),Course Descriptions,332,"MEDIART 208 Comparative Media Systems and Chinese Mass Media (4 credits) In a globalized media world that is bringing people together, countries still maintain their own media systems. These systems are closely tied to government types, economic structures and culture norms and standards. What are the differences and similarities between the world’s different media systems? How does contemporary technology change the way that media systems function? How do countries with different media systems work with each other to disseminate information? The Chinese have played a pivotal role in the dissemination of information to its citizens over time. Currently, the Chinese read and watch news at a higher rate than any other country in the world. This course will explore the evolution of mass media and communication in China over time.",130,11,Asia / Migration / Ethnic,11.023837,3.6590352,0.3809182047843933,0,p0747|p0874|p0847|p0584|p0789,0.720|0.671|0.581|0.575|0.575
p0862,Part 10: Majors and Courses,Course Descriptions,Courses with Course Subject: Media and Arts (MEDIART),Course Descriptions,332,"MEDIART 210 Media and Arts Practicum (4 credits) For students of media, it is vital to have some skills in media production or art practice. This course will introduce students to some practical aspects of media and the arts. These might include: creative camera control and lighting; how to code a web page; how to write a news story; how to make a documentary, how to do interviews, how to edit media; cultivation of skills in theater, music or art, among others. An emphasis is placed on understanding and experimenting with contemporary technologies that enable digital communications.",97,0,Audio / Digital / Mediart,10.154509,3.6651354,0.554653525352478,0,p0843|p0844|p0845|p0858|p0879,0.814|0.776|0.754|0.752|0.744
p0863,Part 10: Majors and Courses,Course Descriptions,Courses with Course Subject: Media and Arts (MEDIART),Course Descriptions,332,"MEDIART 211 Media, Arts, and Critical Theory (4 credits) The course explores key issues in the study of digital media from its beginning to very recent theoretical developments. Central themes of the course generally include: immediacy/hypermediacy, interactivity, cybernetics, im/materiality of media, network, posthumanism, biomedia, ubiquitous computing, and the recent hype in the independent media industry. Building upon theoretical works that range across a host of disciplines, including literary studies, communication studies, film and media, philosophy, and science studies, the course proposes the development of a critical analytical framework for approaching new media practices and theories. The goal is to analyze what makes new media “new” by comparing them with earlier media practices, as well as to understand how the interactions among digital technologies, practices, and theories influence emerging and changing spheres of our society. The seminar also examines different forms of visual art and literature that lead and reflect the sociocultural paradigm shifts of digital technologies.",156,0,Audio / Digital / Mediart,10.528209,3.6291487,0.49247118830680847,0,p0843|p0862|p0742|p0452|p0451,0.822|0.743|0.733|0.725|0.694
p0864,Part 10: Majors and Courses,Course Descriptions,Courses with Course Subject: Media and Arts (MEDIART),Course Descriptions,333,"MEDIART 212 Editing for Film and Video (4 credits) Two questions a film editor must always ask are: What shot comes next? And, why this shot and not that? In this course, students explore answers for these questions by studying and editing different genres, styles, and forms of film and video. The goal is achieved through expanding students’ understanding of editing as both a viewer and as a working editor. To that end, in addition to classroom discussion, readings, and screenings of feature films and excerpts, students will complete several editing projects on digital video. These projects are designed to provide both real-world challenges to solve as well as opportunities to experiment. Knowledge of a video editing program is not necessary at the beginning of the class; by the end you should be extremely comfortable with Adobe Premiere Pro.",139,0,Audio / Digital / Mediart,9.867848,3.6657672,0.4816446006298065,0,p0844|p0877|p0869|p0870|p0876,0.794|0.728|0.708|0.681|0.680
p0865,Part 10: Majors and Courses,Course Descriptions,Courses with Course Subject: Media and Arts (MEDIART),Course Descriptions,333,"MEDIART 215 Documenting City Life (2 credits) This course combines the disciplinary practices of history, ethnography, media studies, and literature to explore life in the modern city. Through a combination of writing, photography, and film-making, students will explore and document modern city life. Students will study the techniques of writers, photographers, poets, and filmmakers from different eras and cities such as Tokyo, Beijing, Shanghai, Paris, London, Berlin, Hong Kong, Taipei, and New York. They will then practice the methods they have learned, creating a portfolio that includes writing, video-making, and photography to document and analyze changes over time in the life of a big city of their choice in China.",110,0,Audio / Digital / Mediart,10.457903,3.6021245,0.6101635694503784,0,p0845|p0452|p0843|p0862|p0871,0.691|0.649|0.635|0.630|0.621
p0866,Part 10: Majors and Courses,Course Descriptions,Courses with Course Subject: Media and Arts (MEDIART),Course Descriptions,333,"MEDIART 216 Performance, Embodiment and Cultural Memory (4 credits) What distinguishes performance from behaviour? From Shamanic practices to national theatres; ritual and pageantry to the performance of everyday life, this course invites students to read gesture, habit and the movement of bodies in space as texts laden with meaning. Students examine different forms of performance in local, global and intercultural contexts to reassess the relationship between body, mind and society and to examine how embodied actions can create meaning, reinforce or challenge power structures and transmit cultural memory.",88,0,Audio / Digital / Mediart,11.093486,3.0963345,0.5407907962799072,0,p0849|p1059|p0745|p0432|p0694,0.551|0.539|0.523|0.519|0.516
p0867,Part 10: Majors and Courses,Course Descriptions,Courses with Course Subject: Media and Arts (MEDIART),Course Descriptions,333,"MEDIART 217 Ancient and Imperial Chinese Art (4 credits) This survey course covers art in a variety of contexts from the foundations of Chinese civilization until the end of the imperial period in 1912 including tomb artefacts, religious images and statuary, court art, crafted objects and the painting and calligraphy of the literati. A number of themes may be addressed, such as the cross-cultural transmission of ornamentation and iconography, the ideal of scholar-amateur, the skills and techniques of the professional artisan and the connoisseurship and circulation of fine objects.",89,0,Audio / Digital / Mediart,12.001244,3.1209345,0.49370336532592773,0,p0746|p0724|p0721|p0559|p0848,0.912|0.627|0.602|0.600|0.598
p0868,Part 10: Majors and Courses,Course Descriptions,Courses with Course Subject: Media and Arts (MEDIART),Course Descriptions,334,"MEDIART 218 Music and Cinema (4 credits) Soundtracks, in their interaction with images, are decisive in shaping the narrative of movies. In this course, we will explore uses and functions of music and sound in film, with particular attention to the human voice. We will watch and analyze a wide range of movies and engage with the main aspects of the theory of film sound and its concepts. No prior musical knowledge is required. You will gain a better understanding of how sound helps determining the expressive messages of films. You will also learn to discern different styles and usages of sound in connection with images, and to write about these matters using specific terminology.",115,0,Audio / Digital / Mediart,10.238389,3.5689914,0.4322698712348938,0,p0854|p0846|p0869|p0844|p0862,0.745|0.680|0.644|0.627|0.623
p0869,Part 10: Majors and Courses,Course Descriptions,Courses with Course Subject: Media and Arts (MEDIART),Course Descriptions,334,"MEDIART 301 Experimental Filmmaking (4 credits) This course engages with poetic and experimental image-making, utilizing techniques that trace a historical trajectory from celluloid to digital. Students are exposed to exploration of cinematographic principles and cameraless experiments. Teaching methods include lectures, discussion, readings and screenings focusing on avant-garde film and digital traditions. Students are required to produce final projects deriving or departing from course materials.",64,0,Audio / Digital / Mediart,10.015933,3.6791804,0.525627613067627,0,p0844|p0870|p0862|p0872|p0864,0.780|0.752|0.724|0.719|0.708
p0870,Part 10: Majors and Courses,Course Descriptions,Courses with Course Subject: Media and Arts (MEDIART),Course Descriptions,334,"MEDIART 302 Contemporary Documentary Film (4 credits) Our subject is the art, content, technology, and life of documentary film. We will study contemporary filmmaking approaches that fall under broad categorization of ""documentary,"" and show how documentary filmmakers choose and interpret their subjects, themes, and points of view. We will analyze the form, technique, and impact of documentary filmmaking. In the process of considering issues of autonomy and power, politics and public policy, we will begin to define the role of documentary art in public dialogue. Although this course does not include instruction in film production, you may well be encouraged to try your hand at documentary filmmaking. In addition to class lectures and screenings, the course may feature guest filmmakers who will introduce their films and follow the screenings with question and answer sessions.",134,0,Audio / Digital / Mediart,10.12224,3.7366605,0.5806654095649719,0,p0872|p0869|p0844|p0862|p0876,0.789|0.752|0.730|0.722|0.693
p0871,Part 10: Majors and Courses,Course Descriptions,Courses with Course Subject: Media and Arts (MEDIART),Course Descriptions,334,"MEDIART 303 Documentary Photography and the Cultural Landscape (4 credits) Emphasis on the tradition and practice of documentary photography as a way of seeing and interpreting cultural life. The techniques of color and black-and-white photography - exposure, development, and printing - diverse ways of representing the cultural landscape of the region through photographic imagery. Issues such as objectivity, clarity, politics, memory, autobiography, and local culture play in the making and dissemination of photographs. The course will simultaneously consider image content, representations place, landscape, and culture through documentary image. MEDIART 304 The On-Going Moment: Presentations of Time in Still and Moving Images (4 credits) Project-driven studio course exploring time through video and still photography. Management, presentation and trace of time discussed in relation to various forms of art, augmented by examination of concepts of duration, aura, silence and thought as they pertain to still and moving images. Individual and group projects investigate various manifestations of stillness and movement in video and photography, with and without sound. Slices of time in both media examined for their properties of continuity, discontinuity and fissure, with emphasis on rendering meaning in and through time and space. Prerequisite(s): Consent of the instructor is required",198,0,Audio / Digital / Mediart,10.049518,3.7000656,0.4458543062210083,0,p0845|p0876|p0870|p0844|p0857,0.713|0.690|0.683|0.667|0.641
p0872,Part 10: Majors and Courses,Course Descriptions,Courses with Course Subject: Media and Arts (MEDIART),Course Descriptions,335,"MEDIART 305 Producing Docu-Fiction (4 credits) This course investigates hybrid, genre-defying films that question traditional definitions of documentary and fiction. Emphasis on experimental forms, documentary reenactment, mockumentary and dramatized ""true stories."" Students utilize both documentary and fiction production techniques, culminating in the production of a final video project.",48,0,Audio / Digital / Mediart,10.0706,3.711008,0.522860050201416,0,p0870|p0869|p0844|p0856|p0862,0.789|0.719|0.698|0.672|0.656
p0873,Part 10: Majors and Courses,Course Descriptions,Courses with Course Subject: Media and Arts (MEDIART),Course Descriptions,335,"MEDIART 306 Foundations of Interactive Game Design (4 credits) Surveys history, technology, narrative, ethics, and design of interactive computer games. Games as systems of rules, games of emergence and progression, state machines. Game flow, games as systems of pleasure, goals, rewards, reinforcement schedules, fictional and narrative elements of game worlds. Students work in teams to develop novel game-design storyboards and stand-alone games. Exploration of the interplay between narrative, graphics, rule systems, and artificial intelligence in the creation of interactive games. Programming experience not required.",84,0,Audio / Digital / Mediart,10.165719,2.98967,0.4384743571281433,0,p0380|p0696|p0807|p0877|p0859,0.660|0.591|0.571|0.552|0.538
p0874,Part 10: Majors and Courses,Course Descriptions,Courses with Course Subject: Media and Arts (MEDIART),Course Descriptions,335,"MEDIART 307 International Communication (4 credits) This course will examine the global effects of media, the flow of information, the controls countries impose on communication systems and the effects of Western dominance on world media systems. The course will introduce students to the key theories, concepts, and practices in the broadly defined international communication. Students will examine the giant media companies around the world and discuss the impact of ownership on media messages. The course will look at how advertising, music and news programs affect more than their intended audiences, and look at how technology is changing the global media picture.",101,0,Audio / Digital / Mediart,10.851166,3.6730347,0.5455026626586914,0,p0747|p0861|p0843|p0862|p0863,0.726|0.671|0.671|0.653|0.635
p0875,Part 10: Majors and Courses,Course Descriptions,Courses with Course Subject: Media and Arts (MEDIART),Course Descriptions,335,"MEDIART 310 Screenwriting (4 credits) This course introduces students to theory and practice of the process of writing for the screen. We explore visual storytelling and analysis of screenplays and movies in order to develop original stories into screenplay format. Students will learn to recognize and understand proper screenplay format and structure, understand how screenplay writing is a unique style of writing and why, understand character development and power relationships, and have a better understanding of the business of screenwriting. Through the actual writing of a feature length script, students gain hands-on practice on writing and presenting treatments, outlines, scenes, story planning, character development, communicating information, relationships between script and cinematic dimensions, as well as working with studios and editors.",120,0,Audio / Digital / Mediart,10.068601,3.4563744,0.42281031608581543,0,p0860|p0876|p0864|p0844|p0877,0.775|0.675|0.664|0.647|0.633
p0876,Part 10: Majors and Courses,Course Descriptions,Courses with Course Subject: Media and Arts (MEDIART),Course Descriptions,336,"MEDIART 311 Cinematography (4 credits) Practice based investigation of cinematographic principles and visual storytelling techniques in motion picture production. Professional practice is informed and contextualized by screenings, readings, workshops, and in and out of class exercises towards the creation of original work in the context of the history of cinematography. Working with both film and video, students learn and apply fundamental techniques of composition, exposure, frame rate, focus pulling, point of view, camera placement and movement, lighting, and framing people and objects.",82,0,Audio / Digital / Mediart,9.98638,3.7080126,0.4165073335170746,0,p0844|p0869|p0870|p0871|p0864,0.756|0.700|0.693|0.690|0.680
p0877,Part 10: Majors and Courses,Course Descriptions,Courses with Course Subject: Media and Arts (MEDIART),Course Descriptions,336,"MEDIART 312 Graphic Design in Motion (4 credits) Motion Design is the creation of animated graphics using graphic design, typography, advertising, photography, animation sound and filmmaking. Students learn the latest technology such as After Effects and 3D softwares but it is the creative intent that motivates the acquisition of technical capabilities. We will learn how to work collaboratively with other students with different skill sets. Emphasis will be on design, conceptualization and the ability to communicate ideas. The course enables students to learn the language and principles of graphic design, to develop a method for solving design problems, to communicate ideas effectively and to create professional quality motion design such as title sequences, logo animation, news reel, that can be integrated into film, life performance or web, using the latest technology combining softwares like After Effects, editing software (Premier or Final Cut Pro) and 3D software, and by creating style frames and storyboards. Familiarity with Photoshop and Illustrator is helpful but not required. Prerequisite(s): Consent of the instructor is required",170,0,Audio / Digital / Mediart,9.859974,3.4753866,0.4654555916786194,0,p0864|p0844|p0859|p0862|p0858,0.728|0.704|0.679|0.661|0.659
p0878,Part 10: Majors and Courses,Course Descriptions,Courses with Course Subject: Media and Arts (MEDIART),Course Descriptions,336,"MEDIART 313 Sports Documentary (4 credits) Sports documentaries have a long legacy of excellent storytelling that is used to discuss deep rooted social problems by adding emotional and dramatic power. This class will examine themes ranging from climate change, identity, domestic abuse, institutional cover ups, and systemic racism, to the intersection of sports, crime, and politics. We will discuss the mechanisms used in sports documentary storytelling to explore different traditions in documentary filmmaking as a whole. Screenings and readings will reinforce practice exercises towards the production of your own documentary.",90,0,Audio / Digital / Mediart,10.290507,3.8277078,0.40015456080436707,0,p0852|p0856|p0870|p0872|p0843,0.591|0.571|0.557|0.556|0.555
p0879,Part 10: Majors and Courses,Course Descriptions,Courses with Course Subject: Media and Arts (MEDIART),Course Descriptions,336,MEDIART 390 Junior Seminar: Advanced Topics (4 credits) This seminar is a core component of the interdisciplinary major in Media and Arts. Students will apply to interdisciplinary topics the knowledge and methods of analysis that they have gained in different disciplines. Students will re-connect with the broader community of faculty and students in their major and further develop their capacities to translate between their areas of expertise and the larger questions and issues that apply across a variety of disciplines. The seminar will foster the ability to see their disciplinary knowledge from a wider perspective and to apply it flexibly. Specific topics will vary. This seminar is required for all juniors in the major. Other students may enroll with the permission of the instructor.,124,0,Audio / Digital / Mediart,9.629166,3.050951,0.6111330986022949,0,p0881|p0604|p0605|p0862|p0770,0.954|0.793|0.745|0.744|0.720
p0880,Part 10: Majors and Courses,Course Descriptions,Courses with Course Subject: Media and Arts (MEDIART),Course Descriptions,337,"MEDIART 405 The Curatorial: Theory and Practice (4 credits) Is everyone a curator? The etymological meaning of to curate – to take care of – has become, with the ever-expanding meaning of art and exhibition making, both central to and contested by practitioners who carefully conceptualize, comment, organize, and show art. In this course, we ask fundamental questions of what curation does and should do. We will: 1. look at different theories of curation, illustrated by exemplary exhibitions across the world, 2. learn about curation in its multifaceted practicalities, 3. critically assess new trends in curation and artistic practices at large, 4. have opportunity to curate art exhibitions and/or cultural events on campus. Prerequisite: Consent of the Instructor",118,0,Audio / Digital / Mediart,10.53406,3.5838869,0.47319144010543823,0,p0698|p0845|p0452|p0451|p0870,0.929|0.630|0.628|0.596|0.590
p0881,Part 10: Majors and Courses,Course Descriptions,Courses with Course Subject: Media and Arts (MEDIART),Course Descriptions,337,MEDIART 490 Senior Seminar: Advanced Topics (4 credits) This seminar is a core component of the interdisciplinary major in Media and Arts. Students will apply to interdisciplinary topics the knowledge and methods of analysis that they have gained in different disciplines. Students will re-connect with the broader community of faculty and students in their major and further develop their capacities to translate between their areas of expertise and the larger questions and issues that apply across a variety of disciplines. The seminar will foster the ability to see their disciplinary knowledge from a wider perspective and to apply it flexibly. Specific topics will vary. This seminar is required for all seniors in the major. Other students may enroll with the permission of the instructor.,124,0,Audio / Digital / Mediart,9.436999,2.8203697,0.6184130907058716,0,p0879|p0605|p0770|p0604|p0671,0.954|0.828|0.780|0.774|0.754
p0882,Part 10: Majors and Courses,Course Descriptions,Courses with Course Subject: Military Science (MILITSCI),Course Descriptions,338,"MILITSCI 101: Military Theory (2 credits) A lecture course in the field of national defenses and security that includes the national defenses and security of China, international strategic environment, modernized and high-tech equipment, and military thinking.",36,6,Compsci / Algorithms / Math,12.664679,4.1620426,0.49423515796661377,0,p0883|p0556|p0719|p0520|p0750,0.671|0.437|0.429|0.426|0.407
p0883,Part 10: Majors and Courses,Course Descriptions,Courses with Course Subject: Military Science (MILITSCI),Course Descriptions,338,"MILITSCI 102: Military Skills Practice (2 credits) A physical practice course which includes formation training, common regulations for military study, physical training, combat training, tactical training, marching, orienteering, mapping, and first aid training. Closed by a military parade.",38,1,Physedu / Japanese / Italian,12.713836,4.6704783,0.3801766633987427,0,p0882|p0067|p0633|p0036|p0777,0.671|0.456|0.419|0.394|0.393
p0884,Part 10: Majors and Courses,Course Descriptions,Courses with Course Subject: Music (MUSIC),Course Descriptions,339,"MUSIC 20 Introduction to Music Theory (Beginning) (4 credits) Credit for Advanced Placement on the basis of the College Board Examination in Music. MUSIC 115 Chorale (2 credits, CR/NC grading) Singing is a beautiful way to relax and express your feeling. Chorale singing is much more fantastic and powerful than solo singing. This course will form a Duke Kunshan University Choir, and encourage the students to explore the essence of chorale. The students will be assigned in different vocal parts according to their voice range and timbre, but sing together as a whole. Students are required to join the classes /rehearsals once a week, then will get a chance to perform at the end of the term. Besides that, our DKU Choir will be invited to perform at various venues in Kunshan and Shanghai City for some special events occasionally. This course will invite choreographers to coach the students if the repertoire requires some body movements. This course may be repeated for credit. Prerequisite: Consent of the Instructor MUSIC 210 Chamber Ensemble (2 credits, CR/NC grading) Music is said to be the universal language. This course is designed for students to utilize their knowledge of this language to further their understanding of this performing art and gain a deeper insight into group performance. Students will explore new or old repertoire with fellow musicians during the course of the term under the guidance of the instructor, and will perform in various venues around Kunshan and Shanghai area. Students are required to join weekly rehearsals with assigned groups and all groups will perform in a concert at the end of the term. This course will also invite guest musicians as coaches to help each individual group. Previous experience in learning and performing a musical instrument is recommended. This course may be repeated for credit. Prerequisite: Consent of the Instructor",307,1,Physedu / Japanese / Italian,12.683315,7.001429,0.4449816942214966,0,p0331|p0044|p0212|p0205|p0336,0.585|0.551|0.546|0.532|0.522
p0885,Part 10: Majors and Courses,Course Descriptions,Courses with Course Subject: Neuroscience (NEUROSCI),Course Descriptions,340,"NEUROSCI 102 Biological Basis of Behavior (4 credits) An introduction to the methods, models, and reasoning that have led to discoveries about brain- behavior relations, and a critical evaluation of the current theories that guide our thinking about the neurobiology, development and evolution of sensory and cognitive processes, sleep, pain, emotion, hunger, and thirst as well as maternal and sexual behavior patterns.",62,9,Behavsci / Neurosci / Psych,10.72492,-1.8946989,0.3580138087272644,0,p0886|p0486|p0887|p0484|p0888,0.730|0.697|0.661|0.594|0.558
p0886,Part 10: Majors and Courses,Course Descriptions,Courses with Course Subject: Neuroscience (NEUROSCI),Course Descriptions,340,"NEUROSCI 202 Medical Neuroscience (4 credits) Examines the functional organization and neurophysiology of the human central nervous system, with a neurobiological framework for understanding human behavior. Students learn the anatomy and function of neural systems in the brain and spinal cord that mediate sensation, motivate bodily action, and integrate sensorimotor signals with memory, emotion, and related cognitive faculties. Provides the foundation for neurological sciences, including understanding the impairments of sensation, action, and cognition that accompany injury, disease, or dysfunction in the human central nervous system.",85,9,Behavsci / Neurosci / Psych,10.731077,-1.9719034,0.3844570517539978,0,p0885|p0887|p0888|p0487|p0486,0.730|0.706|0.681|0.616|0.589
p0887,Part 10: Majors and Courses,Course Descriptions,Courses with Course Subject: Neuroscience (NEUROSCI),Course Descriptions,340,"NEUROSCI 212 Cognitive Neuroscience (4 credits) The biological bases of higher brain function, including perception, attention, memory, language, emotion, executive functions and consciousness. Emphasis on human brain function at the macroscopic network-level, and the current theories and controversies in this rapidly growing field. Prerequisite(s): PSYCH 101 or NEUROSCI 102",49,9,Behavsci / Neurosci / Psych,10.792787,-1.892953,0.32744598388671875,0,p0886|p0885|p0487|p0486|p0993,0.706|0.661|0.561|0.557|0.533
p0888,Part 10: Majors and Courses,Course Descriptions,Courses with Course Subject: Neuroscience (NEUROSCI),Course Descriptions,340,"NEUROSCI 301 Research Methods in Neuroscience (4 credits) Explore the wide spectrum of methods commonly used in the field of neuroscience, ranging from molecular/genetic to electrophysiology and whole brain imaging. Multiple units of this team-based learning course will include interaction with a scientist currently practicing the technique. Prerequisite(s): NEUROSCI 102",50,9,Behavsci / Neurosci / Psych,10.724924,-2.0292974,0.37531810998916626,0,p0886|p0487|p0885|p0887|p1047,0.681|0.657|0.558|0.511|0.480
p0889,Part 10: Majors and Courses,Course Descriptions,Courses with Course Subject: Philosophy (PHIL),Course Descriptions,341,"PHIL 101 Introduction to Western Philosophy (4 credits) This course focuses on the origins of the European philosophical tradition, with an emphasis on metaphysics, theory of knowledge, ethics and politics. The course reads primary texts of Plato, Aristotle, Lucretius and Epicurus and other key western thinkers in English translation. The course examines the significance of these key approaches to philosophy in the later development of the European philosophical tradition, and considers their relevance for the contemporary global context.",78,4,Violence / Migration / Migrations,11.686185,-0.43031704,0.44704318046569824,0,p0892|p0891|p0893|p0894|p0899,0.721|0.716|0.664|0.538|0.529
p0890,Part 10: Majors and Courses,Course Descriptions,Courses with Course Subject: Philosophy (PHIL),Course Descriptions,341,"PHIL 102 Introduction to Classical Chinese Philosophy (4 credits) This course introduces the foundations of Chinese thought with a focus on the Warring States period (475-221 B.C.E.), a period in which schools of thought like Confucianism, Mohism, and Daoism originally flourished. Students will read selections from the most famous classical Chinese philosophy texts in English translation. The course emphasizes close reading of texts, with a view to understanding their key concepts and issues, as well as forms of argumentation. In so doing, students will think through the key questions that animated intense debate between key schools of philosophy, and examine how these key debates have influenced the development of Chinese culture right through to the present day.",117,11,Asia / Migration / Ethnic,12.474781,2.3888245,0.4808943569660187,0,p0891|p0693|p0420|p1039|p0554,0.705|0.649|0.627|0.611|0.610
p0891,Part 10: Majors and Courses,Course Descriptions,Courses with Course Subject: Philosophy (PHIL),Course Descriptions,341,"PHIL 103 Chinese and Mediterranean Philosophy (4 credits) The early Mediterranean civilizations (Mesopotamia, Egypt, Greece, Rome) and dynastic China have been profoundly influential in the development of world civilizations, and in how human civilization is conceived. How do they compare in their traditions of thought about how one ought to live, theories of government and governance, and methods and aims in study of the natural world? This course offers a basic introduction to early Chinese and Western thought through examination of selected primary texts in English translation. As well as analyzing these approaches to philosophy in their historical and cultural context, the course debates their continuing relevance in a global context.",111,11,Asia / Migration / Ethnic,11.788418,-0.28033206,0.5082365274429321,0,p0889|p0890|p0893|p0892|p0721,0.716|0.705|0.635|0.618|0.601
p0892,Part 10: Majors and Courses,Course Descriptions,Courses with Course Subject: Philosophy (PHIL),Course Descriptions,341,"PHIL 105 History of Modern European Philosophy (4 credits) Modern European philosophy centers on the theories of knowledge, morality and metaphysics of key thinkers of the 17th- and 18th-centuries, notably Descartes, Spinoza, Leibniz, Locke, Berkeley, Hume, and Kant. Together, these thinkers brought to birth a distinctively European approach to humanism, in dialog with science and reason, that has resonated powerfully across the world. This course examines their key arguments by reading selected primary texts, and debates their continued relevance in the contemporary world.",83,4,Violence / Migration / Migrations,11.610765,-0.50971085,0.35017460584640503,0,p0889|p0891|p0893|p0901|p0894,0.721|0.618|0.531|0.507|0.496
p0893,Part 10: Majors and Courses,Course Descriptions,Courses with Course Subject: Philosophy (PHIL),Course Descriptions,342,PHIL 106 Global Philosophy (4 credits) The Global Philosophy course offers a gateway for students to critically engage with the diverse philosophical traditions that inform the making of the increasingly pluralistic modern world. The aim of the course is to cultivate deep appreciation of diversity and to help students develop a culturally sensible map of the world’s philosophical traditions that will help them deal with the compelling challenges in this multicultural age.,72,4,Violence / Migration / Migrations,11.605703,-0.3091176,0.5851747989654541,0,p0889|p0891|p0728|p0432|p0416,0.664|0.635|0.610|0.601|0.583
p0894,Part 10: Majors and Courses,Course Descriptions,Courses with Course Subject: Philosophy (PHIL),Course Descriptions,342,"PHIL 107 What’s the Right Thing to Do? Ethics and Justice in the Modern World (4 credits) This course examines classical and contemporary theories of justice in Western philosophical ethics and applies them to modern dilemmas that have dominated political and cultural conflict in the modern West. These topics include questions of economic justice in relation to capitalism and communism; the question of human rights as a supreme and universal value that cuts across all social and cultural contexts; the profound challenges of slavery, colonialism and racial justice that haunt American politics in the present day; the continuing quest for gender equality; and contemporary issues of gender politics including same-sex marriage and the recognition of transgender and nonbinary identities.",119,4,Violence / Migration / Migrations,9.629204,0.2821124,0.40284422039985657,0,p0417|p0781|p0662|p0889|p1002,0.740|0.569|0.554|0.538|0.515
p0895,Part 10: Majors and Courses,Course Descriptions,Courses with Course Subject: Philosophy (PHIL),Course Descriptions,342,"PHIL 108 Philosophy and Ethics of Artificial Intelligence (2 credits) Recent progress in Artificial Intelligence, via machine learning techniques that leverage big data, has made breakthroughs in a variety of domains. While some believe AI is still nothing but a tool, others believe we are on the verge of a technological singularity – the invention of an artificial superintelligence that will trigger exponential technological advancement that will change humanity in unpredictable ways. In this course we will begin with philosophical reflection on the nature of AI and then consider ethical issues that lie on a spectrum from highly speculative projections regarding the future of AI to highly practical issues that are being generated by actual AI applications being deployed today: internet usage, profiling, and autonomous vehicles among others.",128,9,Behavsci / Neurosci / Psych,9.760293,-2.1694846,0.19347397983074188,1,p0614|p0764|p0795|p0417|p0468,0.492|0.451|0.448|0.424|0.391
p0896,Part 10: Majors and Courses,Course Descriptions,Courses with Course Subject: Philosophy (PHIL),Course Descriptions,342,"PHIL 109 Philosophy through Computer Science (2 credits) In this class we will explore several classic philosophical issues by learning how to program in Python. This is made possible by the close affinity that is shared between a number of computational concepts and their philosophical counterparts. For example, the concept of recursion can help us think about the existence of God by way of infinity. Completing this class will give you rudimentary Python programming skills and the ability to critically engage several philosophical issues. The ideal student will have an interest in both disciplines but have no prior knowledge of either.",101,6,Compsci / Algorithms / Math,9.816695,-3.4567955,0.41858163475990295,0,p0563|p0763|p0360|p0564|p0374,0.558|0.553|0.514|0.503|0.485
p0897,Part 10: Majors and Courses,Course Descriptions,Courses with Course Subject: Philosophy (PHIL),Course Descriptions,343,"PHIL 110 Philosophy and Sport (2 credits) Philosophical questions arise frequently in sporting contexts, and pursuing those questions can be profitable in both directions: on the one hand, emerging issues in sport often require philosophical engagement in order to make progress on a question of practical importance, while on the other hand, reexamining and deploying concepts and theories in the sporting context can helpfully reshape our thinking. The pivotal concepts at the core of this course are fairness and exploitation. We’ll examine these concepts through a combination of great works in the history of philosophy, contemporary work in analytic philosophy, and recent sporting controversies",104,4,Violence / Migration / Migrations,11.654253,-0.45362666,0.29590100049972534,0,p0889|p0899|p0878|p0893|p0892,0.478|0.463|0.448|0.448|0.426
p0898,Part 10: Majors and Courses,Course Descriptions,Courses with Course Subject: Philosophy (PHIL),Course Descriptions,343,"PHIL 111 Non-Human Animal Ethics (2 credits) This course examines the morality of our treatment of nonhuman animals. We will start by considering the cognitive and emotional capacities of some nonhuman animals. After that, the course will be divided into 3 units. Unit 1 will cover ethical questions surrounding the use of animals for food. Unit 2, on animal companionship, will consider what moral responsibilities we have to our animal companions, and how they compare to the responsibilities we have towards our human friends. Finally, Unit 3, on animal captivity, will address moral issues associated with the human practice of using animals for the purpose of entertainment.",107,9,Behavsci / Neurosci / Psych,9.046873,-0.0068655955,0.32588186860084534,0,p0664|p1043|p0484|p0903|p0417,0.565|0.479|0.475|0.473|0.463
p0899,Part 10: Majors and Courses,Course Descriptions,Courses with Course Subject: Philosophy (PHIL),Course Descriptions,343,"PHIL 112 Thinking and Doing (2 credits) When doing philosophy we think about the world and about ourselves in it. This includes our thoughts about the world as well as our actions and interactions with it and one another. In this course, we will consider related foundational philosophical contributions on the nature of human thought, action, and their connection. In doing so we will attend closely to key elements of the practice of philosophical thinking and writing, including standards of logical argumentation and of academic philosophical writing. We will dedicate ourselves particularly to developing and honing our own philosophical writing skills in accordance with these standards.",106,4,Violence / Migration / Migrations,11.673316,-0.5506499,0.4397883713245392,0,p0904|p0893|p0889|p0024|p0891,0.620|0.549|0.529|0.516|0.516
p0900,Part 10: Majors and Courses,Course Descriptions,Courses with Course Subject: Philosophy (PHIL),Course Descriptions,343,"PHIL 202 Problems in Philosophy of Science (4 credits) This course examines the principal philosophical problems of scientific practice with a view to explaining what science is and how it works. Students will learn how science may be distinguished from pseudo-science, how and why scientific theories change, and whether science can ever give us a fully accurate description of reality. The course focuses on what constitutes scientific explanation, how experimentation can confirm or deny scientific hypotheses, and the contrast between instrumentalist and realist conceptions of scientific theory. The course also examines the notion of scientific laws, and how these concepts may be challenged by the question of indeterminism that emerges in post-classical science.",113,8,Chem / Phys / Intgsci,11.387249,-0.7828106,0.4603971838951111,0,p0485|p0687|p0901|p0892|p0893,0.566|0.528|0.527|0.489|0.486
p0901,Part 10: Majors and Courses,Course Descriptions,Courses with Course Subject: Philosophy (PHIL),Course Descriptions,344,"PHIL 204 Theory of Knowledge (4 credits) Do we know anything at all? If we do, how do we know it? How does knowledge differ from opinion and belief? Perception is a major avenue to knowledge, but what is it and under what conditions can we trust it? Our perceptions are influenced by what we already believe about the world. Does this make our perceptions untrustworthy since our beliefs can often be wrong? These related set of questions, collectively understood as the basic problems of epistemology, have challenged thinkers across the world and over centuries. This course examines a variety of ancient and modern approaches to these questions.",108,4,Violence / Migration / Migrations,11.558756,-0.6889565,0.4196786880493164,0,p0900|p0892|p0904|p0891|p0889,0.527|0.507|0.504|0.468|0.468
p0902,Part 10: Majors and Courses,Course Descriptions,Courses with Course Subject: Philosophy (PHIL),Course Descriptions,344,"PHIL 205 Logic (4 credits) Logic is the study of the conditions of good reasoning and clear communication. Logic is an indispensable tool for an indispensable feature of human life: entertaining, assessing and crafting arguments. This course is designed to equip students with some basic skills in distinguishing good arguments from bad ones by introducing them to formal systems of logic and rules of reasoning. The goals of this course focus on reaching proficiency in particular skills in deductive and inductive logic, largely through practicing their application. The skills cultivated in this class have a broad relevance to critical thinking generally, and so students will leave this course with preparation to extend principles of critical thinking into many domains, both academic and not.",123,10,Career / Mindfulness / Advising,11.635914,-0.735834,0.47001659870147705,0,p0042|p0899|p0904|p0896|p0900,0.516|0.498|0.489|0.451|0.450
p0903,Part 10: Majors and Courses,Course Descriptions,Courses with Course Subject: Philosophy (PHIL),Course Descriptions,344,"PHIL 206 Climate Change Ethics (2 credits) Climate change has come into focus as a defining problem of the 21st century, but the challenges it presents are not limited to the arenas of engineering, science, and economics. Climate change also represents a challenge for some of our key moral concepts, for our understanding of moral theory, and for our ability to enact morally sensible collective policies and construct morally responsible individual lives. This course will explore ethical dimensions of climate change, including questions concerning moral responsibility for climate woes, possible responses to problematic climate effects, and the implications of climate change for environmental ethics more generally.",106,3,Econ / Pricing / Microeconomics,8.284937,-0.7343928,0.36933398246765137,0,p0664|p0643|p1004|p1043|p0646,0.661|0.648|0.632|0.613|0.608
p0904,Part 10: Majors and Courses,Course Descriptions,Courses with Course Subject: Philosophy (PHIL),Course Descriptions,344,"PHIL 301 Philosophy of Mind (4 credits) This course is an introduction to the basic questions about mind: What is consciousness? Is the mind really like a computer or something quite different? Can thoughts, perceptions, feelings and intentions be explained in terms of events and processes in the brain and nervous system? How do we know there are minds other than our own? Although philosophers across the world have considered these questions for many centuries, the contemporary study of mind is heavily dependent on more recent scientific discoveries in cognitive psychology, neuroscience and computer science. The course demonstrates how philosophy has rapidly developed through engagement with these sciences.",108,9,Behavsci / Neurosci / Psych,11.531992,-0.79610914,0.41310036182403564,0,p0899|p0418|p0485|p0993|p0901,0.620|0.520|0.516|0.510|0.504
p0905,Part 10: Majors and Courses,Course Descriptions,Courses with Course Subject: Philosophy (PHIL),Course Descriptions,345,"PHIL 311 The Political and Social Thought of Hannah Arendt (4 credits) Hannah Arendt is one of the most important 20th century western political thinker. Although her work covered a wide range of subjects, her foremost concern was politics and society. This course aims to familiarize students with the political and social thought of Hannah Arendt, so that they may use her ideas to understand and address the 21st century’s pressing problems. We will read from her seminal works, as well as secondary scholarship, in order to understand Arendt’s key concepts – which could include thoughtlessness, the banality of evil, totalitarianism, the political, statelessness, revolution, power, authority, and labor and work. We will then apply these concepts to some of today’s pressing social and political problems.",126,4,Violence / Migration / Migrations,11.349381,0.038830828,0.49417388439178467,0,p1066|p0987|p0391|p0429|p0418,0.940|0.916|0.805|0.805|0.791
p0906,Part 10: Majors and Courses,Course Descriptions,Courses with Course Subject: Physics (PHYS),Course Descriptions,346,PHYS 25 Introduction to Mechanics (4 credits) Credit for Advanced Placement on the basis of the College Board Examination in Physics C: Mechanics,23,8,Chem / Phys / Intgsci,7.368894,-3.5109904,0.42558929324150085,0,p0910|p0914|p0907|p0908|p0562,0.643|0.597|0.587|0.575|0.535
p0907,Part 10: Majors and Courses,Course Descriptions,Courses with Course Subject: Physics (PHYS),Course Descriptions,346,PHYS 26 Introduction to Electricity and Magnetism (4 credits) Credit for Advanced Placement on the basis of the College Board Examination in Physics C: Electricity and Magnetism,27,8,Chem / Phys / Intgsci,7.2840667,-3.572952,0.30627214908599854,0,p0911|p0906|p0922|p0908|p0917,0.634|0.587|0.552|0.505|0.500
p0908,Part 10: Majors and Courses,Course Descriptions,Courses with Course Subject: Physics (PHYS),Course Descriptions,346,"PHYS 101 Frontiers of 21st Century Physics (4 credits) Frontiers of 21st Century Physics explore the major subdisciplines of modern physics and their (potential) applications in industry/research. Students learn why society invests so much in physics and what it gets in return, from the origins of electronic devices and novel materials tackling the energy crisis to the large-scale structure of our universe. Students will build up an understanding that modern technologies are developed based on physics, i.e., application of laser in autopilot, magnetic levitation, etc. This course serves as an introductory course to freshman students to give them a taste of modern physics and to inspire their interest in physics.",110,8,Chem / Phys / Intgsci,7.285996,-3.5650837,0.46932268142700195,0,p0911|p0910|p0913|p0906|p0912,0.662|0.647|0.630|0.575|0.559
p0909,Part 10: Majors and Courses,Course Descriptions,Courses with Course Subject: Physics (PHYS),Course Descriptions,346,"PHYS 105 The Science of Asian Sound (4 credits) This course is an introduction to acoustics, sound, and music. Participants will learn about wave theory, spectral analysis, and the mathematical and scientific basis for music scales, timbre, pitch perception, and harmonics. Vibration sources, resonant chambers, and wave amplification will be discussed. Special attention will be given to waves on strings and waves in pipes, and approximations and corrections to physical systems. Concrete examples will be drawn from Asian instruments and music, with particular attention to the Guqin, Guzheng, Erhu, Dizi, and instruments and vocalists of Chinese opera.",97,8,Chem / Phys / Intgsci,10.820999,3.0334382,0.35882627964019775,0,p0479|p0583|p0884|p0434|p0868,0.472|0.447|0.446|0.430|0.413
p0910,Part 10: Majors and Courses,Course Descriptions,Courses with Course Subject: Physics (PHYS),Course Descriptions,346,"PHYS 121 Integrated Science – Physics (4 credits) This course is about how to view the world from the perspective of classical mechanics, based on an understanding of the core concepts and theoretical laws. As a science foundation course, it helps students appreciate the elegant simplicity of the universal laws governing the complex systems surrounding us, and it teaches an important approach to identifying, formulating, and solving problems encountered in the physical world. The course begins with the core concepts of classical mechanics ̶ time, space, mass, force, work, energy, momentum ̶ and the physical laws that link them with each other. Students first learn Newton’s laws and the universal law of gravitation as they apply to point mass systems. Subsequently, basic concepts of oscillation and waves, rigid body motion, fluid mechanics, thermodynamics and statistical mechanics are introduced, illustrated with real-life examples (e.g., physics of cooking, biosphere as a thermal engine) to help students integrate different science foundation courses by themselves. While no previous knowledge of physics is required, some background is advantageous. Not open to students who have credits for both INTGSCI 101 and 102. Prerequisite(s): MATH 101 or 105. Not open to students who have credits for both INTGSCI 101 and 102.",204,8,Chem / Phys / Intgsci,7.3490305,-3.4865096,0.5014086961746216,0,p0771|p0912|p0911|p0908|p0906,0.723|0.660|0.658|0.647|0.643
p0911,Part 10: Majors and Courses,Course Descriptions,Courses with Course Subject: Physics (PHYS),Course Descriptions,347,"PHYS 122 General Physics II: Electricity, Magnetism and Light (4 credits) This course is the second of a series of two general physics courses that are highly interactive and illustrated with applications from different perspective of sciences and everyday life. Core topics: electric fields, circuits, magnetic fields, Faraday's law, Maxwell's equations, electromagnetic waves, properties of light, geometric optics, wave optics. Additional possible topics: optical instrumentation, quantum physics, selected applications. Prerequisite(s): INTGSCI 102 or PHYS 121",75,8,Chem / Phys / Intgsci,7.3559318,-3.6357136,0.4884200394153595,0,p0913|p0908|p0910|p0907|p0912,0.699|0.662|0.658|0.634|0.616
p0912,Part 10: Majors and Courses,Course Descriptions,Courses with Course Subject: Physics (PHYS),Course Descriptions,347,"PHYS 134 Introductory Astronomy (4 credits) How observation and scientific insights can be used to discover properties of the universe. Topics include an appreciation of the night sky, properties of light and matter, the solar system, how stars evolve and die, the Milky Way and other galaxies, the evolution of the universe from a hot Big Bang, exotic objects like black holes, and the possibility for extraterrestrial life. High-school-level knowledge of algebra and geometry is required. Prerequisite(s): High-school-level knowledge of algebra and geometry",83,8,Chem / Phys / Intgsci,7.31571,-3.5691538,0.4592016339302063,0,p0910|p0911|p0913|p0908|p0920,0.660|0.616|0.587|0.559|0.530
p0913,Part 10: Majors and Courses,Course Descriptions,Courses with Course Subject: Physics (PHYS),Course Descriptions,347,"PHYS 201 Optics and Modern Physics (4 credits) Introductory treatments of special relativity and quantum mechanics. Topics include: wave mechanics and interference; relativistic kinematics, energy and momentum; the Schrodinger equation and its interpretation; quantum particles in one-dimension; spin; fermions and bosons; the hydrogen spectrum. Applications to crystallography, semiconductors, atomic physics and optics, particle physics, and cosmology. Prerequisite(s): MATH 201; PHYS 122",61,8,Chem / Phys / Intgsci,7.2662396,-3.5716176,0.40712833404541016,0,p0918|p0911|p0908|p0920|p0912,0.735|0.699|0.630|0.601|0.587
p0914,Part 10: Majors and Courses,Course Descriptions,Courses with Course Subject: Physics (PHYS),Course Descriptions,347,"PHYS 301 Classical Mechanics (4 credits) Newtonian mechanics at the intermediate level, Lagrangian mechanics, linear oscillations, chaos, dynamics of continuous media, motion in non-inertial reference frames. Prerequisite(s): MATH 201; MATH 202; PHYS 122",33,8,Chem / Phys / Intgsci,7.536911,-3.5757744,0.4387149214744568,0,p0910|p0906|p0913|p0911|p0835,0.617|0.597|0.578|0.572|0.562
p0915,Part 10: Majors and Courses,Course Descriptions,Courses with Course Subject: Physics (PHYS),Course Descriptions,348,"PHYS 302 Thermal and Statistical Physics (4 credits) This course focuses on the basics of equilibrium thermodynamics and introduces the concepts of temperature, internal energy, and entropy using ideal gases and ideal paramagnets as models. The chemical potential is defined and the three thermodynamic potentials are discussed with use of Legendre transforms. It will also cover topics including the power of thermodynamics in gases and condensed matter, phase transitions, probability theory, and quantum statistics. Prerequisite(s): PHYS 201",77,8,Chem / Phys / Intgsci,7.0111184,-3.401599,0.3097931742668152,0,p0918|p0919|p0923|p0512|p0812,0.541|0.533|0.530|0.509|0.502
p0916,Part 10: Majors and Courses,Course Descriptions,Courses with Course Subject: Physics (PHYS),Course Descriptions,348,"PHYS 303 Introduction to Biophysics (4 credits) The application of physics theory and experimental techniques to biological systems can be used to answer complex questions. The biological systems examined can range in scale from single molecules, to organelles, cells, tissues and whole organisms and the types of physics applied can include chemical, mechanical, electrical and others. Students will be introduced to physical descriptions of a wide range of phenomena, from molecular and cell mechanisms to the function of the human brain. An additional introductory overview of frontiers in photobiophysics, neurophysics, bioinformatics and synchrotron-based biological spectroscopy will help students to broaden their views. Prerequisite(s): INTGSCI 102; or INTGSCI 101 and BIOL 110; or BIOL 110 and PHYS 121",117,8,Chem / Phys / Intgsci,7.322018,-2.800387,0.34245073795318604,0,p0463|p0923|p0504|p0771|p0517,0.685|0.647|0.594|0.571|0.552
p0917,Part 10: Majors and Courses,Course Descriptions,Courses with Course Subject: Physics (PHYS),Course Descriptions,348,"PHYS 304 Electricity and Magnetism (4 credits) Electrostatic fields and potentials, boundary value problems, magnetic induction, energy in electromagnetic fields, Maxwell's equations, introduction to electromagnetic radiation. Prerequisite(s): MATH 202 PHYS 310 Physics of Particulate Materials Particulate materials, broadly defined as agglomerates of macroscopic particles, are ubiquitous in nature, across industries (pharmaceutics, chemical engineering, geotechnical, etc.) and in our daily lives. You can see them in everything from sand grains on the beach to catalyst particles in chemical reactors and from airborne pollution particles to ice balls forming Saturn's rings. Starting from a physics perspective, this course builds the foundation for widespread applications of particulate materials. It covers topics including particle-particle and particle-fluid interactions, agglomeration processes, statics and dynamics of granular materials. Students work on specific projects that equip them with essential experimental and/or numerical tools to explore these applications of particulate materials and that prepare them for advanced academic and applied fields of study. Prerequisite(s): PHYS 122, MATH 201",159,8,Chem / Phys / Intgsci,7.0267267,-3.6287296,0.3686653971672058,0,p0450|p0911|p0907|p0447|p0835,0.608|0.546|0.500|0.497|0.493
p0918,Part 10: Majors and Courses,Course Descriptions,Courses with Course Subject: Physics (PHYS),Course Descriptions,349,"PHYS 401 Quantum Mechanics (4 credits) Introduction to the non-relativistic quantum description of matter. Topics include experimental foundations, wave-particle duality, Schrodinger wave equation, interpretation of the wave function, the state vector, Hilbert space, Dirac notation, Heisenberg uncertainty principle, one-dimensional quantum problems, tunneling, the harmonic oscillator, three-dimensional quantum problems, angular momentum, the hydrogen atom, spin, angular momentum addition, identical particles, elementary perturbation theory, fine/hyperfine structure of hydrogen, dynamics of two-level systems, and applications to atoms, molecules, and other systems. Prerequisite(s): PHYS 201; MATH 202; and PHYS 301 is encouraged",88,8,Chem / Phys / Intgsci,7.1169567,-3.5023315,0.3040139675140381,0,p0913|p0920|p0816|p0512|p0516,0.735|0.690|0.588|0.561|0.548
p0919,Part 10: Majors and Courses,Course Descriptions,Courses with Course Subject: Physics (PHYS),Course Descriptions,349,"PHYS 402 Solid State and Soft Matter Physics (4 credits) This course is intended to provide an introduction to the physics of solids and soft materials. It will discuss topics including properties of static (crystal structure) and dynamic (lattice vibrations) arrangements of atoms; electrons in solids; key features in metals, insulators and semiconductors; semiconductor devices; structure and assembly of a variety of soft materials including liquid crystals, polymers, colloidal systems and surfactants; special properties of materials in nanoscale; etc. Prerequisite(s): PHYS 401",82,8,Chem / Phys / Intgsci,6.7602053,-3.5954814,0.32736748456954956,0,p0518|p0816|p0814|p0812|p0809,0.681|0.651|0.593|0.586|0.582
p0920,Part 10: Majors and Courses,Course Descriptions,Courses with Course Subject: Physics (PHYS),Course Descriptions,349,"PHYS 403 Introduction to Nuclear and Particle Physics (4 credits) Introductory survey course on nuclear and particle physics. Phenomenology and experimental foundations of nuclear and particle physics; fundamental forces and particles, composites. Interaction of particles with matter and detectors. SU(2), SU(3), models of mesons and baryons. Weak interactions and neutrino physics. Lepton-nucleon scattering, form factors and structure functions. QCD, gluon field and color. W and Z fields, electro-weak unification, the CKM matrix, Nucleon-nucleon interactions, properties of nuclei, single and collective particle models. Electromagnetic and hadronic interactions with nuclei. Nuclear reactions and nuclear structure, nuclear astrophysics. Relativistic heavy ion collisions. Prerequisite(s): PHYS 401",102,8,Chem / Phys / Intgsci,7.1994853,-3.4665124,0.31458041071891785,0,p0918|p0913|p0923|p0912|p0911,0.690|0.601|0.540|0.530|0.527
p0921,Part 10: Majors and Courses,Course Descriptions,Courses with Course Subject: Physics (PHYS),Course Descriptions,349,"PHYS 404 Nonlinear Dynamics (4 credits) Introduction to the study of temporal patterns in nonequilibrium systems. Theoretical, computational, and experimental insights used to explain phase space, bifurcations, stability theory, universality, attractors, fractals, chaos, and time-series analysis. Each student carries out an individual research project on a topic in nonlinear dynamics and gives a formal presentation of the results. Prerequisite(s): MATH 202 and PHYS 122",64,8,Chem / Phys / Intgsci,7.7727494,-3.5211737,0.13976281881332397,1,p0827|p0914|p0838|p0923|p0836,0.500|0.485|0.412|0.397|0.379
p0922,Part 10: Majors and Courses,Course Descriptions,Courses with Course Subject: Physics (PHYS),Course Descriptions,350,"PHYS 405 Advanced Physics Laboratory and Seminar (4 credits) Experiments involving the fields of electricity, magnetism, heat, optics, and modern physics. Written and oral presentations of results. Instructor consent required. Prerequisite(s): Consent of the instructor is required",37,8,Chem / Phys / Intgsci,7.295698,-3.556455,0.3708513677120209,0,p0911|p0923|p0907|p0908|p0910,0.593|0.556|0.552|0.533|0.526
p0923,Part 10: Majors and Courses,Course Descriptions,Courses with Course Subject: Physics (PHYS),Course Descriptions,350,PHYS 406 Advanced Biophysics (4 credits) Builds on and extends the core concepts introduced in Introduction to Biophysics. Advanced topics and recent developments in biophysics. Prerequisite(s): PHYS 302 and 303,30,8,Chem / Phys / Intgsci,7.2581325,-3.244322,0.23687946796417236,1,p0916|p0922|p0463|p0920|p0915,0.647|0.556|0.544|0.540|0.530
p0924,Part 10: Majors and Courses,Course Descriptions,Courses with Course Subject: Physical Education (PHYSEDU),Course Descriptions,351,"PHYSEDU 101 Basketball (0.5 credit) This course is designed to develop fundamental basketball skills of beginner students, and enhance the skills of those students with some basketball background.",28,1,Physedu / Japanese / Italian,-0.42806384,-0.59959394,0.3906923532485962,0,p0928|p0926|p0930|p0925|p0931,0.797|0.786|0.764|0.763|0.727
p0925,Part 10: Majors and Courses,Course Descriptions,Courses with Course Subject: Physical Education (PHYSEDU),Course Descriptions,351,PHYSEDU 102 Softball (0.5 credit) This course introduces students the rules and emphasizes the development of fundamental skills and strategies for playing softball.,23,1,Physedu / Japanese / Italian,-0.44255546,-0.5883542,0.3347161114215851,0,p0924|p0926|p0928|p0930|p0931,0.763|0.752|0.723|0.683|0.674
p0926,Part 10: Majors and Courses,Course Descriptions,Courses with Course Subject: Physical Education (PHYSEDU),Course Descriptions,351,"PHYSEDU 103 Volleyball (0.5 credit) This is an introductory course teaching the fundamentals of volleyball including passing, serving, setting and spiking. Students will learn rules, court strategy, and significant emphasis will be placed on total fitness and recreational skills.",39,1,Physedu / Japanese / Italian,-0.42477253,-0.57888484,0.35086166858673096,0,p0931|p0924|p0928|p0930|p0925,0.792|0.786|0.784|0.760|0.752
p0927,Part 10: Majors and Courses,Course Descriptions,Courses with Course Subject: Physical Education (PHYSEDU),Course Descriptions,351,"PHYSEDU 104 Fencing (0.5 credit) This course is intended to provide students with the fundamentals of fencing, including footwork, bladework, bouting and refereeing. It will allow students to develop the ability to analyze a fencing bout, and promotes creativity in applying acquired skills in a fencing bout.",47,1,Physedu / Japanese / Italian,-0.3643349,-0.6226355,0.3524118661880493,0,p0928|p0930|p0931|p0926|p0924,0.766|0.742|0.723|0.713|0.712
p0928,Part 10: Majors and Courses,Course Descriptions,Courses with Course Subject: Physical Education (PHYSEDU),Course Descriptions,351,"PHYSEDU 105 Soccer (0.5 credit) This course is designed to enhance technical and tactical game knowledge and students playing ability. Students will engage in a variety of soccer training methods emphasizing fundamental/technical skills, tactical knowledge and playing ability.",38,1,Physedu / Japanese / Italian,-0.3990071,-0.5397364,0.3557971715927124,0,p0924|p0926|p0927|p0930|p0931,0.797|0.784|0.766|0.743|0.736
p0929,Part 10: Majors and Courses,Course Descriptions,Courses with Course Subject: Physical Education (PHYSEDU),Course Descriptions,351,PHYSEDU 106 Badminton (0.5 credit) This course introduces the fundamentals and techniques used in badminton with theoretical emphasis on rules and playing etiquette.,23,1,Physedu / Japanese / Italian,-0.44570938,-0.7056859,0.39166897535324097,0,p0931|p0930|p0926|p0924|p0927,0.732|0.727|0.700|0.691|0.667
p0930,Part 10: Majors and Courses,Course Descriptions,Courses with Course Subject: Physical Education (PHYSEDU),Course Descriptions,352,PHYSEDU 107 Table Tennis (0.5 credit) This course is designed to equip the students with the basic skills to be able to play recreational or competitive table tennis outside of class. This course will give students a chance to improve or learn how to play table tennis effectively.,48,1,Physedu / Japanese / Italian,-0.44831815,-0.5679454,0.29180413484573364,1,p0931|p0924|p0926|p0928|p0927,0.850|0.764|0.760|0.743|0.742
p0931,Part 10: Majors and Courses,Course Descriptions,Courses with Course Subject: Physical Education (PHYSEDU),Course Descriptions,352,"PHYSEDU 108 Tennis (0.5 credit) The primary aim of this course is to teach the students the fundamentals of tennis including the rules, game scoring, etiquette, and fundamental strokes, forehand, backhand, serve and volley. The course will also present various drills and games, and present singles and doubles tactics and strategies. The emphasis of this course is to give the students the working knowledge of tennis so they may enjoy it as a lifetime activity.",75,1,Physedu / Japanese / Italian,-0.45326045,-0.69738203,0.3101464807987213,0,p0930|p0926|p0928|p0929|p0924,0.850|0.792|0.736|0.732|0.727
p0932,Part 10: Majors and Courses,Course Descriptions,Courses with Course Subject: Physical Education (PHYSEDU),Course Descriptions,352,"PHYSEDU 109 Tai Chi (0.5 credit) Tai Chi is an ancient Chinese traditional martial art practiced worldwide. It is used as part of defense training, meditation, exercise program or for its various health benefits. This course aims to help students learn the basic forms of Tai Chi and to become comfortable in practicing independently.",54,1,Physedu / Japanese / Italian,-0.34191912,-0.20373468,0.21765601634979248,1,p0938|p0941|p0934|p0939|p0946,0.644|0.634|0.618|0.615|0.593
p0933,Part 10: Majors and Courses,Course Descriptions,Courses with Course Subject: Physical Education (PHYSEDU),Course Descriptions,352,"PHYSEDU 110 Pilates (0.5 credit) Pilates is a method of exercise that consists of low-impact flexibility, muscular strength and endurance movements. Pilates’ routine emphasizes proper postural alignment, core strength and muscle balance.",32,1,Physedu / Japanese / Italian,-0.46260145,-0.23298585,0.1890680491924286,1,p0935|p0934|p0942|p0936|p0937,0.618|0.617|0.603|0.603|0.585
p0934,Part 10: Majors and Courses,Course Descriptions,Courses with Course Subject: Physical Education (PHYSEDU),Course Descriptions,352,"PHYSEDU 111 Yoga (0.5 credit) This class will explore the practice and application of yoga and meditation and will introduce students to various breathing techniques and forms that additionally promote strength and flexibility. Together, these benefits may help students in promoting healthier lifestyle.",43,1,Physedu / Japanese / Italian,-0.43044105,-0.25646025,0.2698044776916504,1,p0937|p0939|p0936|p0944|p0932,0.688|0.682|0.680|0.639|0.618
p0935,Part 10: Majors and Courses,Course Descriptions,Courses with Course Subject: Physical Education (PHYSEDU),Course Descriptions,352,"PHYSEDU 112 Body Combat Fitness (0.5 credit) Body combat fitness is an eclectic-based aerobics class that combines cardio and resistance training and utilizes components of kickboxing, boxing and dynamic conditioning drills using combat principles. This kind of aerobic workout uses principles of high intensity interval training (HIIT) to give all students regardless of fitness level a great workout and learn some of martial arts forms and techniques.",67,1,Physedu / Japanese / Italian,-0.41785485,-0.270509,0.25454407930374146,1,p0936|p0938|p0943|p0944|p0942,0.753|0.700|0.669|0.663|0.646
p0936,Part 10: Majors and Courses,Course Descriptions,Courses with Course Subject: Physical Education (PHYSEDU),Course Descriptions,353,"PHYSEDU 113 Body Step Aerobics (0.5 credit) Step aerobics is designed primarily to attain, improve and/or maintain healthy fitness level of students through their participation in the class. Students will also learn various fitness concept and principles and their application as part of the healthy lifestyle. The course will provide the tools to create and follow a personalized aerobics exercise regimen as part of the healthy lifestyle.",67,1,Physedu / Japanese / Italian,-0.4864102,-0.29531702,0.3075043559074402,0,p0937|p0944|p0935|p0943|p0947,0.772|0.769|0.753|0.685|0.682
p0937,Part 10: Majors and Courses,Course Descriptions,Courses with Course Subject: Physical Education (PHYSEDU),Course Descriptions,353,PHYSEDU 114 Jogging/Walking (0.5 credit) This course emphasizes walking/jogging mechanics and physiological effects of cardiovascular activity and general benefits of exercise. This course provides the knowledge and skills necessary to improve cardiovascular endurance and fitness through walking and jogging.,39,1,Physedu / Japanese / Italian,-0.48439848,-0.38322765,0.3032225966453552,0,p0936|p0944|p0934|p0928|p0945,0.772|0.736|0.688|0.682|0.679
p0938,Part 10: Majors and Courses,Course Descriptions,Courses with Course Subject: Physical Education (PHYSEDU),Course Descriptions,353,"PHYSEDU 115 Mixed Martial Arts (0.5 credit) Mixed Martial Arts (MMA) is an eclectic martial arts based training class that incorporates learning of various martial arts forms and skills with conditioning training. This course will focus on beginner techniques, and in contrast to traditional mixed martial arts, it will not involve ground techniques or grappling. Therefore, the focus of this course is on learning fundamentals of various martial arts forms accompanied by conditioning training routines.",75,1,Physedu / Japanese / Italian,-0.39047614,-0.25524694,0.3669484853744507,0,p0935|p0941|p0932|p0927|p0947,0.700|0.694|0.644|0.635|0.615
p0939,Part 10: Majors and Courses,Course Descriptions,Courses with Course Subject: Physical Education (PHYSEDU),Course Descriptions,353,"PHYSEDU 116 Stick Stretching/Yoga (0.5 credit) Stick stretching is a hybrid blend of traditional yoga poses, tai chi and soft martial arts, which is designed to improve mobility, flexibility, balance, strength, coordination and postural awareness. Hence, the focus of stick yoga is on spinal health and correcting body mechanic. Sticks are used to provide support, guide and leverage stretching, strengthening and balance forms.",63,1,Physedu / Japanese / Italian,-0.33913958,-0.1735387,0.1221243366599083,1,p0934|p0932|p0946|p0933|p0941,0.682|0.615|0.574|0.567|0.538
p0940,Part 10: Majors and Courses,Course Descriptions,Courses with Course Subject: Physical Education (PHYSEDU),Course Descriptions,353,"PHYSEDU 117 Swimming (0.5 credit) Swimming course is designed to teach variety of swimming strokes for students with little or no swimming experience. However, considering that swimming ability depends not only on basic strokes, but also being comfortable in the aquatic environment, this class will also emphasize correct breathing skills, water threading and survival floating.",55,1,Physedu / Japanese / Italian,-0.541455,-0.5089438,0.2707686424255371,1,p0945|p0937|p0926|p0930|p0924,0.687|0.673|0.636|0.625|0.624
p0941,Part 10: Majors and Courses,Course Descriptions,Courses with Course Subject: Physical Education (PHYSEDU),Course Descriptions,353,"PHYSEDU 118 Taekwondo (0.5 credit) Taekwondo is Korean martial art that emphasizes various forms of kicking. However, considering its name - Way (Do) of kicking (Tae) and punching (Kwon) – students will also learn various punching forms. This class is designed to introduce basic Taekwondo forms and techniques and prepare them for the yellow belt test given at the end of the class.",63,1,Physedu / Japanese / Italian,-0.42521098,-0.33940688,0.22087348997592926,1,p0938|p0946|p0932|p0927|p0928,0.694|0.638|0.634|0.580|0.577
p0942,Part 10: Majors and Courses,Course Descriptions,Courses with Course Subject: Physical Education (PHYSEDU),Course Descriptions,354,"PHYSEDU 119 TRX Suspension Training (0.5 credit) TRX is an innovative suspension weight training used by various populations to improve strength, endurance, body tone and overall health and wellness. It is based on seven fundamental movements: push, pull, plank, rotation, hinge, lunge and squat, from which numerous variations and types of workouts are designed to target a specific goal. In this course, you will learn these fundamental movements, and how to create your own routines and adopt them to fit your own goals using TRX.",85,1,Physedu / Japanese / Italian,-0.4904566,-0.26854682,0.15948939323425293,1,p0943|p0935|p0936|p0933|p0937,0.648|0.646|0.626|0.603|0.553
p0943,Part 10: Majors and Courses,Course Descriptions,Courses with Course Subject: Physical Education (PHYSEDU),Course Descriptions,354,"PHYSEDU 120 Weight Training (0.5 credit) In weight training course, you will learn various strength training concepts, recommendations, techniques, and programs through discussions, handouts, and hands on demonstrations. While some theoretical background will be provided before each class, majority of class time will be conducted in a fitness center and hands on experience with primary aim to complete a full workout. Considering weight training can be used for various purposes we will introduce goal-specific workout recommendations such as muscle gain, body toning, functional weight training, sport specific training, weight loss and general health. In addition, we will dispel various myths about weight training and workout safety in order to provide you with independence and comfort to make weight-training part of your healthy lifestyle.",123,1,Physedu / Japanese / Italian,-0.5590292,-0.25385913,0.23202204704284668,1,p0936|p0935|p0944|p0942|p0937,0.685|0.669|0.656|0.648|0.630
p0944,Part 10: Majors and Courses,Course Descriptions,Courses with Course Subject: Physical Education (PHYSEDU),Course Descriptions,354,"PHYSEDU 121 Integrated Fitness and Wellness (0.5 credit) Integrated Fitness and Wellness course emphasizes learning concepts of fitness and wellness through participation in a range of physical activities offered on and off-campus. The course is designed to encourage students to attend different fitness, sports and recreational activities, and using concepts covered in class, learn how to create individualized fitness and wellness goals based on activities they enjoy and fit their lifestyle. In this class, there is no set class time and students are expected to participate in any three fitness activities per week lasting at least 45 minutes. Hence, students are welcome to attend any open fitness class offered on campus, go hiking, jogging, cycling or swimming with friends or play any sport throughout the week. You will use heart rate monitors to keep track of your activities, intensity, goals and participation. Students will have 1 discussion class every 2 weeks where theoretical concepts of fitness and wellness are class progress are discussed.",163,1,Physedu / Japanese / Italian,-0.5362668,-0.4014692,0.3888205885887146,0,p0936|p0937|p0935|p0943|p0947,0.769|0.736|0.663|0.656|0.646
p0945,Part 10: Majors and Courses,Course Descriptions,Courses with Course Subject: Physical Education (PHYSEDU),Course Descriptions,354,"PHYSEDU 122 Rowing (0.5 credit) This course is an introduction to the sport of rowing. Students will learn about the fundamentals of rowing, the types of boats and events, equipment, rowing techniques and mechanics, boat handling and rigging. As part of the class students will row indoors and in open water shells. The goal of the course is for students to experience the wonderful world of rowing, becomes fond of the activity and essentially become independent recreational rowers.",78,1,Physedu / Japanese / Italian,-0.48949403,-0.4979211,0.34621870517730713,0,p0926|p0940|p0930|p0931|p0937,0.734|0.687|0.685|0.682|0.679
p0946,Part 10: Majors and Courses,Course Descriptions,Courses with Course Subject: Physical Education (PHYSEDU),Course Descriptions,355,"PHYSEDU 123 Kendo (0.5 credit) Kendo is a form of martial art that focuses on the use of bamboo sword as its integral part. Kendo integrates strategic thinking and methodology with physical agility and responsiveness, and as such is mentally and physically stimulating activity. Subsequently, students in this course have a unique opportunity not only to learn about Kendo as a physical activity, but also its significance in cultivating social and personal values in traditional China.",76,1,Physedu / Japanese / Italian,-0.33813837,-0.25678197,0.24150820076465607,1,p0941|p0932|p0939|p0938|p0935,0.638|0.593|0.574|0.572|0.506
p0947,Part 10: Majors and Courses,Course Descriptions,Courses with Course Subject: Physical Education (PHYSEDU),Course Descriptions,355,"PHYSEDU 124 Spinning (0.5 credit) Spinning, or indoor group cycling, is the stationary cycling program that simulates real cycling conditions to deliver high intensity workout. Spinning is low impact, full-body aerobic exercise that will generally improve cardiovascular fitness, boost energy, reduce stress, and tone upper and lower body. Hence, this activity is ideal for fitness novices and athletes to reach their goals. However, as a PE course this class has a teaching component which will allow each students to understand the physiology behind the workout and its benefits, and how to safely and effectively make individualized plans for better results. PHYSEDU 125 Kunqu Basic Movements This class will provide the foundational skills of specific pieces of kunqu theatre, a form indigenous to the local region. Students will learn about a form of physical discipline at the intersection of physical exercise, dexterity and the arts. Students will learn that traditional theatrical arts offer a route to physical wellbeing, offering a rigorous training in physical and motor control.",166,1,Physedu / Japanese / Italian,-0.55028045,-0.42530987,0.3660273551940918,0,p0936|p0945|p0937|p0944|p0938,0.682|0.664|0.652|0.646|0.615
p0948,Part 10: Majors and Courses,Course Descriptions,Courses with Course Subject: Physical Education (PHYSEDU),Course Descriptions,355,"PHYSEDU 126 Ultimate Frisbee (0.5 credit) Ultimate Frisbee is a global, team sport that originated in the United States. This course is designed to familiarize students with the ultimate frisbee through engaging, high energy activities and theoretical background of history, rules, and game terminology. The course will emphasize several fundamental aspects of Ultimate Frisbee including backhand throws, forehand throws, pancake catch, rim catch, and game strategy.",66,1,Physedu / Japanese / Italian,-0.40422234,-0.64405507,0.2562745213508606,1,p0928|p0926|p0930|p0927|p0924,0.646|0.627|0.618|0.616|0.615
p0949,Part 10: Majors and Courses,Course Descriptions,Courses with Course Subject: Physical Education (PHYSEDU),Course Descriptions,355,"PHYSEDU 127 Flag Football (0.5 credit) Flag football is one of the fastest-growing youth sports worldwide. The purpose of the game is fairly similar to the American football, in contrast to the full contact version, in flag football there is minimal physical contact, no physical tackling, diving, blocking, screening, or fumbles. As part of the course students will learn fundamentals skills and strategies of flag football, and certainly develop physical skills required to recreationally play flag football.",77,1,Physedu / Japanese / Italian,-0.31206548,-0.649391,0.17173880338668823,1,p0928|p0948|p0927|p0926|p0930,0.580|0.526|0.521|0.507|0.499
p0950,Part 10: Majors and Courses,Course Descriptions,Courses with Course Subject: Political Economy (POLECON),Course Descriptions,356,"POLECON 105 China and the Global South (2 credits) China’s vast material power and professed developing country status place it in a unique and highly influential position with respect to the Global South. In this course, we will examine the political economy of contemporary China’s relations with the Global South, covering topics including China’s development and humanitarian assistance, trade and investment, Chinese soft power, and it’s expanding security presence. We will explore how the politics of these topics shapes their economics and vice versa, and unpack the interests and roles of the many different state and non-state actors involved.",99,11,Asia / Migration / Ethnic,12.51102,1.8026898,0.3488312363624573,0,p0954|p0951|p0392|p0388|p0385,0.668|0.665|0.634|0.624|0.621
p0951,Part 10: Majors and Courses,Course Descriptions,Courses with Course Subject: Political Economy (POLECON),Course Descriptions,356,"POLECON 201 International Political Economy (4 credits) This course is an introduction to international political economy, the study of how and why international economic policies are formed, and how the international economy influences domestic politics and economic performance. This is a survey course designed to introduce students to the leading theories and evidence-based research relating to international political economy (IPE). It first introduces some of the main theories of IPE, which is the study of how political forces impact the workings of the global economy and how the global economy— simultaneously—shapes politics. It then explores the history and contemporary workings of the international trade and monetary systems from an IPE perspective. Finally, it delves into specific topics that IPE can help shed light on, such as foreign aid, resources competition, and international environmental protection agreements. POLECON 202 The Politics of International Economic Relations: America in the World Economy (4 credits) Introduction to politics of international economic relations through an examination of persistent major debates and current events in world politics and global economy. Topics include politics of trade; politics of money and finance; foreign direct investment, multinational corporations, and global value chains; politics of foreign aid and economic development; and corporate social responsibility in a global economy. Examines how material interests, historical and socio-political context, and institutions at domestic and international level shape a country's foreign economic policies. Special focus on U.S. foreign economic policy in comparative perspective.",238,5,Authoritarian / Regulatory / Polsci,10.626166,0.44420967,0.447797566652298,0,p0467|p0950|p0954|p0959|p0627,0.732|0.665|0.632|0.624|0.603
p0952,Part 10: Majors and Courses,Course Descriptions,Courses with Course Subject: Political Economy (POLECON),Course Descriptions,356,"POLECON 211 Risk Analysis and Forecasting (2 credits) This course explores the nature of risk, particularly as it relates to decision-making in areas such as politics, economics, and finance. The course combines a theoretical overview of risk and the use of simple mathematical models to quantify it. Furthermore, the conditions under which risk specific models are most accurate and useful will be explored, as well as the situations in which they are prone to failure.",75,3,Econ / Pricing / Microeconomics,9.205101,-1.9256632,0.35292965173721313,0,p0468|p0624|p0833|p0951|p1006,0.653|0.487|0.477|0.471|0.449
p0953,Part 10: Majors and Courses,Course Descriptions,Courses with Course Subject: Political Economy (POLECON),Course Descriptions,357,"POLECON 301 Development (4 credits) This course provides an overview of advanced contemporary work on the political economy of development. This is a survey course designed to introduce students to the leading methods, theories, and evidence-based research relating to development. It first addresses the very concept of development, presents the metrics that are used to measure it, and introduces important development figures. It then introduces key models and theories that have been presented to explain development. Finally, it delves deeper into contemporary questions and debates about the drivers of development. Prerequisite(s): ECON 101",93,5,Authoritarian / Regulatory / Polsci,10.189165,0.29302865,0.45325011014938354,0,p0956|p0951|p0950|p0964|p0955,0.574|0.545|0.529|0.521|0.521
p0954,Part 10: Majors and Courses,Course Descriptions,Courses with Course Subject: Political Economy (POLECON),Course Descriptions,357,"POLECON 302 China’s Economic Transition (4 credits) This course will provide a comprehensive overview of the Chinese economy and China’s role in the world economy. China’s current economic challenges will be given particular attention. Topics that will be addressed include: the Chinese economy before 1949; the socialist era, 1949-1978; economic reform and market transition; the role of state enterprises; foreign investment; foreign trade; China’s role in the East Asian trade-production network; the Chinese financial system; Chinese monetary and exchange rate policy; China’s role in global imbalances; the internationalization of the Yuan; and the housing market.",95,11,Asia / Migration / Ethnic,12.667102,2.0604947,0.44484320282936096,0,p0955|p0679|p0682|p0950|p0951,0.834|0.820|0.686|0.668|0.632
p0955,Part 10: Majors and Courses,Course Descriptions,Courses with Course Subject: Political Economy (POLECON),Course Descriptions,357,"POLECON 401 Political Economy of the Chinese Reform (4 credits) This course is a reading and research seminar that aims to provide students with a solid, broad understanding of China’s reform policies, programs, and strategies since 1978. It also examines the lessons the Chinese reformers and people learned from the 40-year reform experience as well as the challenges facing the Chinese economy and society in the future. Reading materials include both authoritative and new works on China’s politics, institutions, and economic development at various stages of the reform period. Students have opportunities to apply basic economic theories to the empirical analysis of China’s economic transitions and sociopolitical change.",108,11,Asia / Migration / Ethnic,12.662937,2.1789165,0.4980403780937195,0,p0682|p0954|p0679|p0677|p0750,0.856|0.834|0.682|0.641|0.633
p0956,Part 10: Majors and Courses,Course Descriptions,Courses with Course Subject: Political Economy (POLECON),Course Descriptions,357,POLECON 490 Senior Seminar: Advanced Topics (4 credits) This seminar is a core component of the interdisciplinary major in Political Economy. Students will apply to interdisciplinary topics the knowledge and methods of analysis that they have gained in different disciplines. Students will re-connect with the broader community of faculty and students in their major and further develop their capacities to translate between their areas of expertise and the larger questions and issues that apply across a variety of disciplines. The seminar will foster the ability to see their disciplinary knowledge from a wider perspective and to apply it flexibly. Specific topics will vary. This seminar is required for all seniors in the major. Other students may enroll with the permission of the instructor.,123,10,Career / Mindfulness / Advising,9.20946,2.4523816,0.6250467896461487,0,p0605|p0770|p0604|p0671|p0699,0.787|0.785|0.749|0.746|0.730
p0957,Part 10: Majors and Courses,Course Descriptions,Courses with Course Subject: Political Science (POLSCI),Course Descriptions,358,POLSCI 20 American Government and Politics (4 credits) Credit for Advanced Placement on the basis of the College Board examination in American government and politics,25,5,Authoritarian / Regulatory / Polsci,10.318947,-0.12757823,0.4521743059158325,0,p0958|p0968|p0964|p0979|p0980,0.838|0.664|0.587|0.581|0.562
p0958,Part 10: Majors and Courses,Course Descriptions,Courses with Course Subject: Political Science (POLSCI),Course Descriptions,358,POLSCI 21 Comparative Government and Politics (4 credits) Credit for Advanced Placement on the basis of the College Board examination in comparative government and politics,25,5,Authoritarian / Regulatory / Polsci,10.2961235,-0.07563919,0.4334278404712677,0,p0957|p0991|p0964|p0968|p0984,0.838|0.633|0.610|0.588|0.568
p0959,Part 10: Majors and Courses,Course Descriptions,Courses with Course Subject: Political Science (POLSCI),Course Descriptions,358,"POLSCI 101 International Politics (4 credits) The theory and practice of international politics and foreign policy; analysis of the various elements of national power and its impact on differing world views and foreign policy behavior, the instruments of foreign policy, and the controls of state/nation behavior across different historical periods and from different national and analytical perspectives.",57,5,Authoritarian / Regulatory / Polsci,10.714085,0.45286307,0.4726969003677368,0,p0986|p0981|p0971|p0964|p0976,0.717|0.682|0.671|0.651|0.650
p0960,Part 10: Majors and Courses,Course Descriptions,Courses with Course Subject: Political Science (POLSCI),Course Descriptions,358,"POLSCI 102 Social Choice and Democracy (4 credits) The central theme of this course is to examine the liberal conception of democracy as the aggregation of individual preferences. Students will explore and study questions such as: How can a collective (e.g., the electorate, legislature, collegial court, expert panel, or committee) arrive at coherent collective choices or judgments on some issues, on the basis of its members' individual preferences? Who decide whose preferences should be counted? Do voters have the freedom to choose? What methods are used to aggregate preferences? What are the theoretical properties of these methods? How easily can outcomes be manipulated or distorted? Are there widespread election frauds? Answers to these questions are utmost important for any democratic decision- making body. Social choice theory will be used as our theoretical framework for the analysis of combining individual opinions, preferences, interests, or welfares to reach a collective decision.",149,5,Authoritarian / Regulatory / Polsci,10.337243,-0.25386357,0.3304717540740967,0,p0980|p0984|p0969|p0968|p0368,0.601|0.588|0.582|0.564|0.560
p0961,Part 10: Majors and Courses,Course Descriptions,Courses with Course Subject: Political Science (POLSCI),Course Descriptions,358,"POLSCI 103 American Ideas and the Idea of America (4 credits) What is the story of the United States? What fundamental ideas of America have been formed as a nation and as an empire? Are there connections we can draw between the US today and its past? What relevance does the US have in China historically and in the present day? What place does the US have in the Chinese imagination? In this course, we address these questions by examining a variety of texts, ranging from important founding documents, political speeches, autobiographies, and travelogues to excerpts of American novels. Through class discussions, team projects, and role plays, we will discuss fundamental concepts of America, its past and present, and explore themes such as politics and religion, race and slavery, immigration and identity, women and economics, and education and citizenship. We will also consider how America is being perceived in the world specifically within the Chinese context.",156,11,Asia / Migration / Ethnic,11.2431965,1.4890162,0.4934065639972687,0,p0471|p0472|p0978|p0738|p0723,0.705|0.687|0.684|0.655|0.651
p0962,Part 10: Majors and Courses,Course Descriptions,Courses with Course Subject: Political Science (POLSCI),Course Descriptions,359,"POLSCI 105 Contemporary Political Ideologies (2 credits) The goal of this course is to understand the fundamental alternative political ideologies or theories that have shaped our world and to consider which political theories may shape our world in the future. To accomplish this goal we will 1) Investigate the theories at the foundation of liberal democracy, capitalism, Marxism, fascism, and anti-liberal Islam; 2) Consider how each of these theories addresses such fundamental human questions as: What is the best form of government? What is the nature of human beings? 3) Study through close textual analysis the principal arguments both for and against each of these theories.",106,5,Authoritarian / Regulatory / Polsci,10.582162,0.07714578,0.515701174736023,0,p0973|p0968|p0972|p0988|p0959,0.683|0.658|0.645|0.639|0.635
p0963,Part 10: Majors and Courses,Course Descriptions,Courses with Course Subject: Political Science (POLSCI),Course Descriptions,359,"POLSCI 106 Political Rhetoric, Crisis, and Leadership (2 credits) This course engages in a series of case studies to evaluate the requirements of political rhetoric, especially during times of crisis. Examples are drawn from ancient Greek and Roman history, the American founding, and the U.S. Civil War. Students will be able to identify how political leaders in various contexts use common logical and rhetorical constructions to negotiate political uncertainty and danger.",71,5,Authoritarian / Regulatory / Polsci,10.740913,0.21168697,0.4787466526031494,0,p0972|p0971|p0968|p0962|p0982,0.608|0.560|0.547|0.547|0.541
p0964,Part 10: Majors and Courses,Course Descriptions,Courses with Course Subject: Political Science (POLSCI),Course Descriptions,359,"POLSCI 201 Political Institutions and Processes (4 credits) The purpose of this course is to examine and understand issues related to political institutions and processes. The main topics that will be examined over the course of the term include the central themes, theories, concepts, and questions of the contemporary study how policy-making processes vary across different institutional arrangements.",58,5,Authoritarian / Regulatory / Polsci,10.2333975,-0.15224649,0.509299635887146,0,p0984|p1018|p0959|p0979|p0968,0.741|0.721|0.651|0.638|0.635
p0965,Part 10: Majors and Courses,Course Descriptions,Courses with Course Subject: Political Science (POLSCI),Course Descriptions,359,"POLSCI 202 U.S. Citizenship: History, Meaning and Conflict (4 credits) What does it mean to be and to become an American citizen? What combination of political principles, cultural identity, and historical experience does and should constitute U.S. citizenship? This course explores the meaning of citizenship and nationhood in different historical contexts, amidst competing constitutional interpretations, and at the center of contemporary policy debates.",63,5,Authoritarian / Regulatory / Polsci,10.809219,0.69010097,0.4371422231197357,0,p0968|p0982|p0986|p0472|p0798,0.640|0.599|0.598|0.596|0.580
p0966,Part 10: Majors and Courses,Course Descriptions,Courses with Course Subject: Political Science (POLSCI),Course Descriptions,359,"POLSCI 203 Civil Rights and Civil Liberties (4 credits) This course examines the meaning rights and liberties in the American and global context. It considers competing justifications as well as specific legal and policy debates ranging from freedom of speech and the press, religion, sexuality, abortion, and discrimination.",48,5,Authoritarian / Regulatory / Polsci,10.080551,-0.056855265,0.5577616691589355,0,p1002|p1019|p0968|p0962|p0965,0.660|0.604|0.581|0.579|0.569
p0967,Part 10: Majors and Courses,Course Descriptions,Courses with Course Subject: Political Science (POLSCI),Course Descriptions,359,"POLSCI 204 The U.S. Constitution and its Critics (4 credits) The U.S. Constitution is the foundation of the American legal and political system. It is the oldest national constitution still in effect, and it has influenced many subsequent constitutions around the world. According to its admirers, it has played a central role in the rise of the United States as a global superpower. Its critics, on the other hand, claim that it has produced an increasingly unequal society and a dysfunctional political system. This course will help students to better understand the basic structure of the U.S. Constitution, its history, and the political debates to which it has given rise. We will begin by examining the arguments raised for and against the Constitution when it was first proposed in the eighteenth century, before turning to the study of several contemporary political challenges in which constitutional questions play a prominent role, namely those concerning race, free speech, and the power of the American presidency.",163,5,Authoritarian / Regulatory / Polsci,10.627741,0.35283715,0.37384548783302307,0,p0968|p0982|p0991|p0965|p0966,0.674|0.565|0.534|0.533|0.502
p0968,Part 10: Majors and Courses,Course Descriptions,Courses with Course Subject: Political Science (POLSCI),Course Descriptions,360,"POLSCI 207 Democratic Institutions in America (4 credits) From the framing of the Constitution to the present day, the US has had unique political institutions and political culture, which have long arrested the minds of political theorists, philosophers, writers and academics. Drawing on multiple disciplines, such as sociology, history, philosophy, and literature, this course will explore America’s democratic political structures as well as the various institutions that live alongside them. Students will examine the US Constitution and political system. They will look at the relation of the US political system to American culture, to race, to education, to capitalism, and to empire.",102,5,Authoritarian / Regulatory / Polsci,10.463254,0.18393044,0.542170524597168,0,p0991|p0986|p0967|p0957|p0962,0.703|0.686|0.674|0.664|0.658
p0969,Part 10: Majors and Courses,Course Descriptions,Courses with Course Subject: Political Science (POLSCI),Course Descriptions,360,"POLSCI 208 Political and Social Inequality (4 credits) How do different groups with different levels of political power shape political outcomes? How do gender, racial, environmental, and social inequalities express themselves through the political system? What is a ‘fair’ level of inequality? How do different institutional designs shape and channel inequality? This class introduces students to readings, arguments, and concepts that begin to explore the answers to these questions.",69,5,Authoritarian / Regulatory / Polsci,10.443614,-0.36246312,0.468035489320755,0,p1062|p0984|p0968|p0960|p0440,0.653|0.612|0.583|0.582|0.566
p0970,Part 10: Majors and Courses,Course Descriptions,Courses with Course Subject: Political Science (POLSCI),Course Descriptions,360,"POLSCI 209 Democratic Erosion (2 credits) The course responds to the widespread media coverage and commentary suggesting that democracies around the world are backsliding into authoritarianism by treating “the threat of democratic erosion as an empirical question, rather than merely a political one”. The first week of the course focuses on definitions—democracy, democratic consolidation, democratic erosion. In each of the next six weeks, the following particular themes will be investigated: institutions, populism, the media, polarization, exclusion, and resistance.",78,5,Authoritarian / Regulatory / Polsci,10.44509,0.24052763,0.473568856716156,0,p0968|p0984|p0964|p0974|p0962,0.658|0.591|0.590|0.587|0.574
p0971,Part 10: Majors and Courses,Course Descriptions,Courses with Course Subject: Political Science (POLSCI),Course Descriptions,360,"POLSCI 210 International Relations in East Asia (4 credits) This course helps students understand the interactions among states in East Asia since WW II. It surveys the major events, introduces theories from international relations related to the strategic balance, realism and constructivism, international political economy, decision-making, domestic politics, leadership and bureaucratic politics. Part III looks at China’s and America’s relationships with Asian countries while Part IV analyzes key issues, including the Korean nuclear crisis, the South and East China seas, and the future of the region. The course will include a simulation game, when students engage in crisis management, thereby enhancing their understanding of the dilemmas of foreign policy decision making.",111,5,Authoritarian / Regulatory / Polsci,10.993011,0.60236466,0.5987226963043213,0,p0981|p0959|p0978|p0466|p0756,0.803|0.671|0.626|0.622|0.610
p0972,Part 10: Majors and Courses,Course Descriptions,Courses with Course Subject: Political Science (POLSCI),Course Descriptions,361,"POLSCI 211 Politics and Literature (4 credits) In the past, the poet was regarded, not as an antipolitical bohemian nor as a political partisan, but rather as a wise teacher who could help us to understand the drama of human life as a whole and the drama of political life in particular. The goal of this course is to investigate the nature of politics and human nature by studying a number of masterpieces of classical literature. As we study these works, we will consider such themes as the equality of the sexes, democracy and aristocracy, science and politics, religion and politics, love and politics, and ambition and politics.",108,5,Authoritarian / Regulatory / Polsci,10.739619,0.24019907,0.4877292215824127,0,p0796|p0962|p0987|p0963|p0988,0.886|0.645|0.643|0.608|0.600
p0973,Part 10: Majors and Courses,Course Descriptions,Courses with Course Subject: Political Science (POLSCI),Course Descriptions,361,"POLSCI 212 Pathologies of Modern Society: Foundational Ideas (4 credits) This course introduces the ideas of 4 social theorists: Tocqueville, Marx, Durkheim, and Weber. Described as “the founding fathers” of modern social theory, these thinkers sought to understand modern society, and its pathologies, in order to improve human life. Their ideas – such as public opinion and democratic despotism, alienation and ideology, rationalization and disenchantment, and organic solidarity and anomie – are still used by social scientists today to analyze and frame social, economic, and political problems.",87,5,Authoritarian / Regulatory / Polsci,10.786011,-0.096053444,0.5317888259887695,0,p0962|p1064|p0982|p0984|p1046,0.683|0.649|0.630|0.624|0.622
p0974,Part 10: Majors and Courses,Course Descriptions,Courses with Course Subject: Political Science (POLSCI),Course Descriptions,361,"POLSCI 213 Populism (2 credits) Populism is widely recognized as a threat to liberal democratic states around the world today. In this course, we will analyze the phenomenon of populism from three basic perspectives. First, we will read theories of what populism is and how it relates to liberal democracy. Second, we will examine what the aims and practices of different populist movements from around the world are (movements such as those in Venezuela, Brazil, Hungary, Poland, Turkey, France, and India). Third, we will investigate what the causes of populism are and how we can respond to it.",98,5,Authoritarian / Regulatory / Polsci,10.435519,0.21037936,0.2802496552467346,1,p0970|p0975|p0962|p0590|p1010,0.587|0.576|0.543|0.521|0.487
p0975,Part 10: Majors and Courses,Course Descriptions,Courses with Course Subject: Political Science (POLSCI),Course Descriptions,361,"POLSCI 214 Authoritarianism and the Struggle for Democracy in Latin America (4 credits) This subject explores the precarious balance between the ideal of democracy and histories of authoritarianism in Latin America. Using case studies from different historical contexts, the class examines continuities and ruptures in Latin American political history, and the cultural contexts in which populisms of the left or right, and authoritarian regimes, emerge or recede. This subject encourages students to consider political theory in relation to historical and cultural specificity. Key questions addressed include: what political cultures are associated with democratic, authoritarian and populist forms of rule? What role do struggles over memories of authoritarian pasts play in contemporary democracies? How do democracies evolve into dictatorships, and dictatorships into democracies?",122,5,Authoritarian / Regulatory / Polsci,10.571916,0.39068207,0.3089797794818878,0,p0590|p1010|p0398|p0974|p0968,0.967|0.603|0.593|0.576|0.552
p0976,Part 10: Majors and Courses,Course Descriptions,Courses with Course Subject: Political Science (POLSCI),Course Descriptions,361,"POLSCI 216 War and Peace: Foundations of the International Political Order (2 credits) Most nations claim to seek peace, yet war is a recurrent feature of international politics. This course examines the reasons why this is the case. Is war an inevitable result of the clashing interests of states, or is it a regrettable consequence of their failure to correctly assess those interests? We will study the greatest works of political philosophy and political science in order to understand the causes of war and the prospects for a more resilient peace.",91,5,Authoritarian / Regulatory / Polsci,10.851958,0.35228896,0.35606884956359863,0,p0444|p0959|p0466|p0981|p0971,0.664|0.650|0.593|0.589|0.581
p0977,Part 10: Majors and Courses,Course Descriptions,Courses with Course Subject: Political Science (POLSCI),Course Descriptions,362,"POLSCI 219 The U.S. Legal System: Lawyers, Judges, Lawmakers, & Bureaucrats (4 credits) In this course students will learn how the U.S. legal system actually operates: the 3 branches of government (legislators, judges, and agencies), the 3 levels of government (local, state, and federal), and the 4 main actors (judges, lawmakers, bureaucrats who regulate your daily life, and lawyers who have to deal with all the others). You will also learn about the principles of and tools for interpreting laws and regulations. Students will do practical exercises on current issues throughout the term to best develop their oral and written advocacy skills.",102,5,Authoritarian / Regulatory / Polsci,10.080961,0.00022779533,0.5129390954971313,0,p1016|p0444|p0968|p0957|p0964,0.913|0.626|0.602|0.531|0.530
p0978,Part 10: Majors and Courses,Course Descriptions,Courses with Course Subject: Political Science (POLSCI),Course Descriptions,362,"POLSCI 221 US/China Relations (4 credits) This course addresses the complex relationship between China and the United States including the two countries' foreign relations, trade, cultural exchanges, and images and (mis) representations of each other. The relationship between China and the United States is now, and will likely continue to be, the most important international relationship of our era. In order to understand present and future challenges and opportunities more fully, this course will examine the long and tumultuous history of US-China relations from colonial America to the present with a historical approach. The course will explore the relationship in actual time and circumstance. Paying equal attention to Chinese and American perspectives, this course will discuss the relationship’s diplomatic, economic, and military components, as well as social and cultural interactions. Previous study of international relations is helpful, but not required.",140,11,Asia / Migration / Ethnic,11.611981,1.5410492,0.5001797676086426,0,p0749|p0961|p0751|p0971|p0981,0.698|0.684|0.650|0.626|0.592
p0979,Part 10: Majors and Courses,Course Descriptions,Courses with Course Subject: Political Science (POLSCI),Course Descriptions,362,"POLSCI 301 Program Evaluation (4 credits) This course introduces students to the approaches used by social scientists to evaluate the implementation and impacts of public policies. Topics covered include reasons for and uses of program evaluations; the different kinds of information gained through implementation analysis and the integration of qualitative and quantitative research; statistical power and effect size; and cost-benefit analysis. The bulk of the course focuses on the techniques, advantages, and drawbacks of experimental and quasi-experimental designs. Prerequisite(s): STATS 101 and SOSC 102",84,5,Authoritarian / Regulatory / Polsci,10.086424,-0.36124417,0.4934796988964081,0,p0980|p1018|p0964|p0957|p1047,0.672|0.648|0.638|0.581|0.580
p0980,Part 10: Majors and Courses,Course Descriptions,Courses with Course Subject: Political Science (POLSCI),Course Descriptions,362,"POLSCI 302 Public Opinion (4 credits) Examines nature and role of public opinion from a comparative perspective, providing a broad- based introduction to the dynamics of citizens' social and political attitudes. The goal of the course is to help students arrive at a more comprehensive understanding of forces that shape beliefs, attitudes, and opinions of the public, how those views are publicly expressed, and the influence of those opinions on policy outcomes. While the design, implementation, and analysis of public opinion surveys and election polls will be discussed, the course focuses on the substantive, and not the methodological aspects of public opinion. Prerequisite(s): None",104,5,Authoritarian / Regulatory / Polsci,10.157295,-0.3327086,0.466195285320282,0,p1018|p0979|p0964|p0960|p0968,0.681|0.672|0.604|0.601|0.585
p0981,Part 10: Majors and Courses,Course Descriptions,Courses with Course Subject: Political Science (POLSCI),Course Descriptions,363,"POLSCI 303 International Politics of East Asia (4 credits) Course explores the economic, political, and security issues in East Asia. Examines respective theoretical and historical backgrounds of the region (Japan, North Korea, South Korea, Chinese mainland, Hong Kong, Macau, Taiwan, Southeast Asia). Focuses on issues surrounding the region, including globalization, economic interdependence, nuclear proliferation, territorial disputes, and terrorism. Utilization of some international relation theory and methodological tools for more systematic analysis of these issues. Readings will be drawn from international relations theory, political science and history.",86,5,Authoritarian / Regulatory / Polsci,11.108989,0.60955375,0.4495580196380615,0,p0971|p0959|p0476|p0466|p0756,0.803|0.682|0.648|0.638|0.613
p0982,Part 10: Majors and Courses,Course Descriptions,Courses with Course Subject: Political Science (POLSCI),Course Descriptions,363,"POLSCI 304 Revolutions and Foundings: A Comparative Perspective (4 credits) This course examines the Founders of the American political order and compares them with the more contemporary founders of other political traditions. This course examines the political thought and careers of key protagonists in the American Revolution and constitutional Founding (such as George Washington, Thomas Jefferson, John Adams, Alexander Hamilton, and James Madison) and revolutionaries and founders in other modern settings (such as Mohandas Gandhi, Che Guevara, Nelson Mandela, Vaclav Havel, Mao Zedong, and Lee Kwan Yew).",87,5,Authoritarian / Regulatory / Polsci,10.673163,0.24126266,0.3346276581287384,0,p0968|p0973|p0991|p0965|p0967,0.644|0.630|0.607|0.599|0.565
p0983,Part 10: Majors and Courses,Course Descriptions,Courses with Course Subject: Political Science (POLSCI),Course Descriptions,363,"POLSCI 305 American Capitalism in the World (4 credits) This course examines American economic history and the global reach of capitalist markets. It explores patterns of commerce, the development of the regulatory state, business cycles and crises, the nature of the corporation and the changing of labor markets and the meaning of work. The course considers crises, contradictions, and competitive virtues and drawbacks associated with the modern American economy and highlights key trade-offs and lessons for democratic institutions, business, and culture.",81,5,Authoritarian / Regulatory / Polsci,10.49729,0.36225548,0.46462106704711914,0,p0968|p0986|p0723|p0991|p0984,0.629|0.595|0.584|0.576|0.548
p0984,Part 10: Majors and Courses,Course Descriptions,Courses with Course Subject: Political Science (POLSCI),Course Descriptions,363,"POLSCI 307 Political Economy of Institutions (4 credits) Without paying attention to institutions, one cannot understand why some societies are wealthy and others poor; why some are innovative and others un-creative; or why some are politically stable and others in perpetual turmoil. As such, this course should be of direct interest to students of economic development, economic history, social inequality, and democratization, among other fields of social inquiry. The first half of the course delineates the subject and covers the social mechanisms that govern institutional transformations. Attention is paid to the pace of institutional transformations, latent change, social inertia, political revolutions, and links among beliefs and behaviors. The second half focuses on the social functions of institutions. Again, the emphasis is on pertinent analytical methodologies. The functions studied include: the control of free riding, credible commitment, redistribution, the provision of collective goods, coordination, protection of expectations, generation of common knowledge, governance, rent seeking, and the reduction of transaction costs.",159,5,Authoritarian / Regulatory / Polsci,10.259121,-0.00045619346,0.48545193672180176,0,p0964|p0440|p0968|p0973|p0969,0.741|0.700|0.656|0.624|0.612
p0985,Part 10: Majors and Courses,Course Descriptions,Courses with Course Subject: Political Science (POLSCI),Course Descriptions,364,"POLSCI 308 Global Governance (4 credits) This course provides an overview of the evolving architecture, processes and variable outcomes of global governance. Governance, at whatever level of social organization it occurs, refers to the systems of authoritative rules, norms, institutions, and practices by means of which any collectivity, from the local to the global, manages its common affairs. Global governance is generally defined as an instance of governance in the absence of government. There is no government at the global level: the UN General Assembly is not a global parliament, and Secretary-General Ban Ki-moon is not the president of the world. But there is governance, of variable effectiveness. The course is divided into four sections. The first briefly introduces the subject. The second examines the core elements in the traditional architecture of global governance - its institutional and legal foundation. The third surveys emerging trends in that architecture. The fourth (and longest) section explores the key policy processes performed by/in/through global governance, addressing how and why they differ across different issue areas.",172,5,Authoritarian / Regulatory / Polsci,10.285711,0.33361664,0.43520402908325195,0,p0441|p0440|p0708|p0964|p0959,0.664|0.631|0.607|0.592|0.588
p0986,Part 10: Majors and Courses,Course Descriptions,Courses with Course Subject: Political Science (POLSCI),Course Descriptions,364,"POLSCI 310 America in the World (4 credits) This course examines the place of America in the wider world and the nature of American regional and global engagement. It explores how Americans have viewed and defined themselves in relation to numerous other nations and peoples examines the relation between ideology, politics, culture, and foreign policy.",55,5,Authoritarian / Regulatory / Polsci,10.7472,0.6863801,0.5154620409011841,0,p0959|p0968|p0961|p0472|p0991,0.717|0.686|0.634|0.627|0.621
p0987,Part 10: Majors and Courses,Course Descriptions,Courses with Course Subject: Political Science (POLSCI),Course Descriptions,364,"POLSCI 311 The Political and Social Thought of Hannah Arendt (4 credits) Hannah Arendt is one of the most important 20th century western political thinker. Although her work covered a wide range of subjects, her foremost concern was politics and society. This course aims to familiarize students with the political and social thought of Hannah Arendt, so that they may use her ideas to understand and address the 21st century’s pressing problems. We will read from her seminal works, as well as secondary scholarship, in order to understand Arendt’s key concepts – which could include thoughtlessness, the banality of evil, totalitarianism, the political, statelessness, revolution, power, authority, and labor and work. We will then apply these concepts to some of today’s pressing social and political problems.",126,5,Authoritarian / Regulatory / Polsci,11.2086735,0.052142356,0.5180066823959351,0,p0905|p1066|p0429|p0391|p0476,0.916|0.913|0.777|0.777|0.738
p0988,Part 10: Majors and Courses,Course Descriptions,Courses with Course Subject: Political Science (POLSCI),Course Descriptions,364,"POLSCI 312 Islamic Political Thought (4 credits) This course aims to introduce students to the Islamic tradition of political thought through the careful study of selected foundational political texts of Islamic civilization. Students will be exposed to the great variety of thinking about politics that has taken place in the Islamic world through close readings and in-depth discussions of specific primary texts, including the Qur’an, the writings of Muslim philosophers, theologians, historians, and literary writers in the Middle Ages. Students will be introduced to such fundamental themes as: politics and religion, the individual and the political order, wisdom and political rule, power and conquest, tradition and modernity. By establishing familiarity with the intellectual background of Muslim societies, this course fosters students’ abilities to navigate an increasingly globalized world and to engage with actors from industry, government, and civil society with culturally and religiously diverse backgrounds.",145,5,Authoritarian / Regulatory / Polsci,10.65371,0.09688457,0.4803619682788849,0,p0962|p0972|p0987|p0620|p1034,0.639|0.600|0.567|0.558|0.543
p0989,Part 10: Majors and Courses,Course Descriptions,Courses with Course Subject: Political Science (POLSCI),Course Descriptions,365,"POLSCI 313 Political Psychology (4 credits) Are political ideologies ingrained in our DNA? Why do neurological and physiological processes define our political preferences? Why do we get angry when discussing politics? Can we estimate the causal effect of cultures on individual political behavior? This course introduces you to advanced research topics in political psychology---a discipline that applies rigorous psychological and statistical methods to the analysis of political behavior. First, we will examine the genetic and environmental origins of political beliefs. Second, we will learn how our brain processes political information. Finally, we will explore the dynamic formation of political norms and their expression and change under various political institutions. Prerequisite(s): STATS 101 or Consent of the Instructor",117,9,Behavsci / Neurosci / Psych,10.475761,-0.7555888,0.4053560495376587,0,p0998|p0368|p0968|p0980|p0969,0.981|0.570|0.553|0.550|0.535
p0990,Part 10: Majors and Courses,Course Descriptions,Courses with Course Subject: Political Science (POLSCI),Course Descriptions,365,"POLSCI 314 Refugees and the Biopolitics of Citizenship (4 credits) The refugee is caught between national and international political logics. Each country applies its own calculus for deciding which asylum seekers should be granted the status of refugee, and how refugees should be accommodated or denied access to public goods, rights and residency. This course examines the politics of national responses to record numbers of people seeking asylum, including bureaucracies of (in)validation, xenophobia, the construction of walls and detention centers, international accords, multicultural solidarity, and novel categories of citizenship. Contemporary responses to refugees reveal the interconnectedness of political and structural violence, the limits of humanitarianism and hope for new forms of international cooperation.",113,4,Violence / Migration / Migrations,11.17591,0.85644394,0.28899115324020386,1,p0596|p0744|p0587|p0798|p0965,0.920|0.627|0.552|0.523|0.517
p0991,Part 10: Majors and Courses,Course Descriptions,Courses with Course Subject: Political Science (POLSCI),Course Descriptions,365,"POLSCI 315 American Politics in Comparative Perspective (4 credits) This course examines the key actors, institutions, and processes in American politics from an explicitly comparative and rational choice perspective. Topics covered include federalism and the states, the constitution and its interpretation, Congress and its committees, the presidency and bureaucracy, the court system, and voting and elections. For each, America is compared with other advanced industrial democracies, newer democracies, and authoritarian regimes. These comparisons generate insights into what makes America alternately typical and atypical, successful and unsuccessful. Studying American politics from a comparative perspective also sheds light on the effects of reform proposals, suggests new modes of political participation, and informs students about the world's leading exporter of democracy.",118,5,Authoritarian / Regulatory / Polsci,10.581017,0.27723786,0.36745426058769226,0,p0968|p0958|p0986|p0982|p0470,0.703|0.633|0.621|0.607|0.581
p0992,Part 10: Majors and Courses,Course Descriptions,Courses with Course Subject: Psychology (PSYCH),Course Descriptions,366,"PSYCH 101 Introductory Psychology (4 credits) Broad survey of the field of modern psychology. The main goal of this course is to provide students with an introduction to the important topics, theories, research, and applications in psychology.",37,9,Behavsci / Neurosci / Psych,10.789868,-1.5508741,0.5499793291091919,0,p0996|p0995|p0993|p0994|p0997,0.695|0.667|0.641|0.609|0.550
p0993,Part 10: Majors and Courses,Course Descriptions,Courses with Course Subject: Psychology (PSYCH),Course Descriptions,366,"PSYCH 102 Cognitive Psychology (4 credits) Overview of cognitive processes including pattern recognition, concept formation, attention, memory, imagery, mental representation, language, problem solving, and modes of thinking. The basic approach is both empirical (using data collection and analysis) and theoretical (building models using inductive/deductive reasoning). Application of basic laboratory results to cognition in everyday life. Prerequisite(s): PSYCH 101",58,9,Behavsci / Neurosci / Psych,10.854679,-1.5977554,0.429578959941864,0,p0992|p0994|p0995|p0887|p0904,0.641|0.549|0.538|0.533|0.510
p0994,Part 10: Majors and Courses,Course Descriptions,Courses with Course Subject: Psychology (PSYCH),Course Descriptions,366,"PSYCH 103 Developmental Psychology (4 credits) Overview of the cognitive, social, and emotional changes that occur throughout the lifespan, with emphasis on the period from infancy to adolescence. Examines both the empirical evidence and the theoretical models used in understanding human psychological development. Prerequisite(s): PSYCH 101",46,9,Behavsci / Neurosci / Psych,10.819783,-1.4688374,0.3212752342224121,0,p0992|p0995|p0993|p0389|p0998,0.609|0.567|0.549|0.465|0.458
p0995,Part 10: Majors and Courses,Course Descriptions,Courses with Course Subject: Psychology (PSYCH),Course Descriptions,366,"PSYCH 104 Social Psychology (4 credits) Effects of social interaction and social processes on a wide range of individual attitudes and behaviors (for example, conformity, leadership, prejudice, aggression, altruism). Emphasis on the logic, reasoning, research designs, and methods by which knowledge is generated. Prerequisite(s): PSYCH 101",46,9,Behavsci / Neurosci / Psych,10.782423,-1.5072656,0.48183149099349976,0,p0992|p0481|p1060|p0994|p0993,0.667|0.577|0.576|0.567|0.538
p0996,Part 10: Majors and Courses,Course Descriptions,Courses with Course Subject: Psychology (PSYCH),Course Descriptions,366,"PSYCH 105 Abnormal Psychology (4 credits) This course provides a broad overview of abnormal psychology. Areas of focus include: Reviewing different theoretical perspectives for conceptualizing abnormal behavior; Approaches to the diagnosis and assessment of psychopathology; Major classes of psychopathology including how they are defined and treated; Current research, methods, and theories in the field of abnormal psychology. Prerequisite(s): PSYCH 101",60,9,Behavsci / Neurosci / Psych,10.798954,-1.5410191,0.4671710729598999,0,p0992|p0995|p0997|p0993|p0994,0.695|0.532|0.502|0.485|0.454
p0997,Part 10: Majors and Courses,Course Descriptions,Courses with Course Subject: Psychology (PSYCH),Course Descriptions,367,"PSYCH 110 Mindfulness, Stress, and Health: Eastern and Western Perspectives (2 credits) Mindfulness-based therapies are based in Eastern and Western philosophies, theories, and research. They have been shown to be significantly helpful for stress-related problems, mental health problems, and medical disorders. Mindfulness-based therapies are also revolutionizing the way that psychologists think about and treat human suffering. In this course, we will explore the theories, techniques, and research on mindfulness-based therapies from Eastern and Western traditions. A combination of lecturing, class discussion, and experiential exercises will be used to help students gain a well-developed understanding of this important area of psychological research and practice. Students will also acquire basic skills in how to use mindfulness-based techniques to reduce stress and distress.",120,10,Career / Mindfulness / Advising,10.867952,-1.4739668,0.40736523270606995,0,p0992|p0711|p0996|p0993|p0904,0.550|0.527|0.502|0.469|0.437
p0998,Part 10: Majors and Courses,Course Descriptions,Courses with Course Subject: Psychology (PSYCH),Course Descriptions,367,"PSYCH 313 Political Psychology (4 credits) Are political ideologies ingrained in our DNA? Why do neurological and physiological processes define our political preferences? Why do we get angry when discussing politics? Can we estimate the causal effect of cultures on individual political behavior? This course introduces you to advanced research topics in political psychology---a discipline that applies rigorous psychological and statistical methods to the analysis of political behavior. First, we will examine the genetic and environmental origins of political beliefs. Second, we will learn how our brain processes political information. Finally, we will explore the dynamic formation of political norms and their expression and change under various political institutions. Prerequisite(s): STATS 101 or Consent of the Instructor",117,9,Behavsci / Neurosci / Psych,10.543103,-0.9201494,0.40819552540779114,0,p0989|p0368|p0366|p0969|p0968,0.981|0.567|0.525|0.509|0.509
p0999,Part 10: Majors and Courses,Course Descriptions,Courses with Course Subject: Public Policy (PUBPOL),Course Descriptions,368,"PUBPOL 101 Introduction to Policy Analysis (4 credits) Governments constantly face questions such as: How do we address deforestation? How can we slow down climate change? How can we make food safer? This course teaches a systematic way of dealing with these questions, namely policy analysis. This technique enables students to identify, examine, and evaluate options to implement policy goals. Readings will be a combination of theory and case studies from around the world.",74,5,Authoritarian / Regulatory / Polsci,9.193914,-0.67403233,0.5475902557373047,0,p0406|p1018|p1024|p1019|p1006,0.677|0.648|0.633|0.623|0.604
p1000,Part 10: Majors and Courses,Course Descriptions,Courses with Course Subject: Public Policy (PUBPOL),Course Descriptions,368,"PUBPOL 102 Introduction to the United States Health Care System (4 credits) Overview of the key health policy issues in the United States. Topics include: (1) sources of morbidity and mortality; (2) access to health care; (3) financing of health care including an overview of how health insurance works, Medicare and Medicaid and why there are uninsured persons and to what effect; (4) quality of health care; (5) the role of innovation in both treating disease and influencing costs; (6) mental health, including why drug and alcohol treatment is generally considered to be a mental health service; (7) the role of non-profit versus for-profit ownership of health care facilities and to what effect; (8) long term care; and (9) the impact of social phenomenon such as income inequality, social class and culture on health care.",135,5,Authoritarian / Regulatory / Polsci,8.828458,-0.024202172,0.24490797519683838,1,p0706|p0707|p1025|p0615|p0666,0.497|0.461|0.440|0.435|0.433
p1001,Part 10: Majors and Courses,Course Descriptions,Courses with Course Subject: Public Policy (PUBPOL),Course Descriptions,368,"PUBPOL 106 Urbanizing China: Spatial and Social Dynamics in Chinese Cities (2 credits) This course investigates the dramatic urban transformation that has taken place in the past 30 years in China. The scale and speed of this transformation means that it has far-reaching consequences for China, Asia, and the world, influencing everything from poverty alleviation to food security. Understanding why and how China has urbanized --- and how China poises to urbanize in the next three decades --- is therefore of critical importance. This course covers various topics related to China’s urbanization, including rural-to-urban migration, urban inequality, real estate development and land market, as well as urban governance. Students will learn how to develop annotated bibliography and write a well-reasoned essay about one or more topics related to China’s urbanization.",130,11,Asia / Migration / Ethnic,12.239697,2.0622153,0.34611567854881287,0,p0740|p0726|p0420|p0585|p0685,0.614|0.594|0.580|0.555|0.547
p1002,Part 10: Majors and Courses,Course Descriptions,Courses with Course Subject: Public Policy (PUBPOL),Course Descriptions,368,"PUBPOL 110 Introduction to Human Rights (4 credits) This course introduces students to the field of human rights. The course has two primary purposes: to define and explore the key terms, concepts, foundations and theories of human rights; and examine alternative or competing definitions of rights using a case-based approach.",50,4,Violence / Migration / Migrations,9.665842,-0.24574214,0.5803388953208923,0,p0966|p1025|p1019|p1031|p1015,0.660|0.654|0.597|0.542|0.534
p1003,Part 10: Majors and Courses,Course Descriptions,Courses with Course Subject: Public Policy (PUBPOL),Course Descriptions,368,PUBPOL 120 Globalization and Corporate Citizenship (4 credits) This course will critically examine the origins and diffusion of increasingly prevalent notions of corporate citizenship and corporate social responsibility from an anthropological perspective.,32,4,Violence / Migration / Migrations,11.176235,0.63130534,0.4388275444507599,0,p0798|p1011|p1063|p0983|p0588,0.593|0.551|0.522|0.511|0.496
p1004,Part 10: Majors and Courses,Course Descriptions,Courses with Course Subject: Public Policy (PUBPOL),Course Descriptions,369,"PUBPOL 201 Climate Change Law and Policy (4 credits) Climate Change is one of the major challenges facing humanity in the 21st century. Climate Change has been described as a “super wicked problem”, which stems from the greenhouse gases emissions produced by virtually all human activities, has no simple solution and yet requires urgent and drastic action to be taken at the global level. In this course, we will examine the range of legal and policy responses to this “wicked problem” which have been proposed by experts, as well as those which have been concretely applied at the international level and different jurisdictions, especially in the United States, the EU, and China, three major emitters of greenhouse gases. We will look at various studies put forward by academics and think tanks, informed newspaper articles, as well as policy documents and law.",141,3,Econ / Pricing / Microeconomics,8.380526,-0.8743541,0.32999083399772644,0,p0903|p0646|p0999|p0647|p0643,0.632|0.613|0.561|0.556|0.556
p1005,Part 10: Majors and Courses,Course Descriptions,Courses with Course Subject: Public Policy (PUBPOL),Course Descriptions,369,"PUBPOL 202 Global Disasters: Science and Policy (4 credits) In this interdisciplinary course, students will examine the multifaceted aspects of ""global"" disasters. The first segment of the course will examine the science behind the disasters, discuss the range of meteorologic, hydrologic and geologic factors that cause disasters; explore how societies plan for and/or respond to the immediate and long-term physical, social, emotional and spiritual issues associated with survival; and present case studies of response, recovery and reconstruction efforts. In the second phase of the course, some of the most pressing and rapidly evolving economic calamities will be addressed. In the third segment of the course, the focus will shift to political ""disasters"" and how natural and/or economic events can destabilize a political system. Students will attend the lecture and labs components of the course and complete on-line quizzes to demonstrate understanding of the material presented. Additionally, they will prepare one research paper on a relevant topic, the results of which will be presented to the class.",166,5,Authoritarian / Regulatory / Polsci,9.070989,-0.557782,0.561847984790802,0,p1006|p0999|p1024|p1094|p0642,0.795|0.577|0.568|0.527|0.521
p1006,Part 10: Majors and Courses,Course Descriptions,Courses with Course Subject: Public Policy (PUBPOL),Course Descriptions,369,"PUBPOL 209 The Politics of Environmental Crises (2 credits) This course helps students understand what happens during and after a disaster in terms of politics and policy. It is structured around five themes: crisis detection; decision-making and coordination; crisis communication; accountability; and learning and policy change. During the course, we will apply each of these themes to case studies of environmental crises, for example oil spills and chemical leaks. Readings will be a combination of theory and case studies from around the world.",83,5,Authoritarian / Regulatory / Polsci,9.004679,-0.6937782,0.48457327485084534,0,p1005|p0999|p1024|p0646|p0406,0.795|0.604|0.599|0.577|0.559
p1007,Part 10: Majors and Courses,Course Descriptions,Courses with Course Subject: Public Policy (PUBPOL),Course Descriptions,369,"PUBPOL 210 Development and Africa (4 credits) Addresses the vexed issue of economic development in Africa - its many failures, its occasional successes - from the early colonial period to the present.",32,3,Econ / Pricing / Microeconomics,9.590359,-0.42561805,0.41268211603164673,0,p1022|p1011|p0594|p1008|p1028,0.631|0.618|0.596|0.547|0.538
p1008,Part 10: Majors and Courses,Course Descriptions,Courses with Course Subject: Public Policy (PUBPOL),Course Descriptions,369,"PUBPOL 211 Globalization and Public Policy (4 credits) How the various aspects of globalization affect, and are affected by public policy at the international, national and local levels. Development of an analytic framework for thinking about globalization and its core concepts, major institutions and political dynamics; survey of a range of major policy areas affected by globalization; focus on a policy area of particular interest.",65,5,Authoritarian / Regulatory / Polsci,9.547018,-0.5197309,0.41794097423553467,0,p1011|p1018|p0588|p0985|p1028,0.745|0.604|0.570|0.566|0.555
p1009,Part 10: Majors and Courses,Course Descriptions,Courses with Course Subject: Public Policy (PUBPOL),Course Descriptions,370,"PUBPOL 212 Immigrant Dreams, U.S. Realities: Immigration Policy History (4 credits) Immigrants and immigration policy in the United States from 1850 to the present, with focus on origins and power of immigrant exclusion during three waves of migration: Northern European and Asian migrations between 1850 and 1880, Eastern European, Latin American, and Asian migrations, 1880-1920, and Latin American, African, and Asian migrations, post 1965. Immigrant roles in shaping policy debates, citizenship rights, labor movements, and American culture, past and present.",80,4,Violence / Migration / Migrations,11.25268,1.1169813,0.24700485169887543,1,p0753|p1049|p0723|p0722|p0738,0.854|0.573|0.524|0.483|0.476
p1010,Part 10: Majors and Courses,Course Descriptions,Courses with Course Subject: Public Policy (PUBPOL),Course Descriptions,370,"PUBPOL 213 Authoritarian Regimes (4 credits) Examine the variety of ways in which authoritarian regimes operate. Study the emergence and persistence of authoritarian regimes, the institutions they adopt, leadership change, government/opposition relations, their potential for democratic transition as well as the theories that explain these outcomes.",46,5,Authoritarian / Regulatory / Polsci,10.520855,0.29504317,0.22003594040870667,1,p0975|p0590|p0970|p0440|p0974,0.603|0.597|0.534|0.487|0.487
p1011,Part 10: Majors and Courses,Course Descriptions,Courses with Course Subject: Public Policy (PUBPOL),Course Descriptions,370,"PUBPOL 214 Globalization and History (4 credits) Examination of globalization issues in a historical perspective. Reviews phenomena, institutions, e.g. empires, states, religion, corporation, and international agencies, and policies which enabled exchange of commodities, people, and cultures. Explores empirical evidence on growth and development for different world regions and historians' and social scientists' interpretations.",53,5,Authoritarian / Regulatory / Polsci,11.413878,0.5558707,0.4521443247795105,0,p1008|p0728|p0737|p1007|p0588,0.745|0.632|0.622|0.618|0.602
p1012,Part 10: Majors and Courses,Course Descriptions,Courses with Course Subject: Public Policy (PUBPOL),Course Descriptions,370,"PUBPOL 215 Law, Ethics and Responsibility (4 credits) Examines the intersection of law and neuroscience, including the use of neuroimaging to determine if a witness is telling the truth; the implications of neuroscience for determining the mental competency of defendants, the insanity defense, the imposition of punishment on defendants. Considers the extent to which recent advances in brain science cause us to reevaluate fundamental legal concepts of ""intent,"" ""insanity,"" and responsibility; the ways in which neuroscience may be applied to these and related issues; and the inherent limitations and incongruities of applying brain science to legal questions.",97,9,Behavsci / Neurosci / Psych,10.610646,-1.6871259,0.28182679414749146,1,p0886|p0366|p0485|p0885|p0998,0.453|0.436|0.434|0.426|0.425
p1013,Part 10: Majors and Courses,Course Descriptions,Courses with Course Subject: Public Policy (PUBPOL),Course Descriptions,370,"PUBPOL 216 Civic Participation and Public Policy (4 credits) Overview of patterns in Americans' engagement in and disengagement from civic life. Theories of why people do (and do not) participate. Differences across lines of gender, race, ideology, generation, and class. Role of American interest groups and social movements in policy change. Influence of public policies (e.g., federal tax laws, participation requirements, programs such as AmeriCorps) on civic and political participation. Implications for equality, voice, and the health of American democracy.",80,5,Authoritarian / Regulatory / Polsci,9.981602,-0.23220119,0.28365403413772583,1,p1018|p0601|p0383|p1019|p0470,0.539|0.527|0.507|0.484|0.464
p1014,Part 10: Majors and Courses,Course Descriptions,Courses with Course Subject: Public Policy (PUBPOL),Course Descriptions,371,"PUBPOL 217 Enterprising Leadership (4 credits) The central goal of this course is to provide students with analytical competence, enterprising leadership identity, and personal agency important to exercising leadership in organizations, in communities, and in life. The course explores the many facets of leadership and leadership development including the processes by which people affect change in a variety of roles and situations. Leadership within a framework of ethics, values, and innovative action are emphasized as a basis for contributing to the process of making good things happen without reliance on formal authority.",92,10,Career / Mindfulness / Advising,9.551772,0.9241054,0.49316155910491943,0,p0329|p0415|p1002|p0665|p0671,0.596|0.544|0.532|0.511|0.505
p1015,Part 10: Majors and Courses,Course Descriptions,Courses with Course Subject: Public Policy (PUBPOL),Course Descriptions,371,"PUBPOL 218 Ethics in an Unjust World (4 credits) The course considers the question, ""How can we fix poverty?"" It begins by exploring the nature of poverty through a variety of descriptive metaphors (for example, poverty as a ""trap"" or a ""disease""). It then considers the word ""we,"" and in doing so introduces several basic understandings of ethics (deontology, utilitarianism, virtue ethics, etc.) Finally it considers the word ""fix"" and offers three models for responding to poverty: working for, working with, and being with.",84,4,Violence / Migration / Migrations,9.44966,-0.04547333,0.4591284394264221,0,p1022|p1002|p0702|p1014|p0417,0.606|0.534|0.486|0.476|0.464
p1016,Part 10: Majors and Courses,Course Descriptions,Courses with Course Subject: Public Policy (PUBPOL),Course Descriptions,371,"PUBPOL 219 The U.S. Legal System: Lawyers, Judges, Lawmakers, & Bureaucrats (4 credits) In this course students will learn how the U.S. legal system actually operates: the 3 branches of government (legislators, judges, and agencies), the 3 levels of government (local, state, and federal), and the 4 main actors (judges, lawmakers, bureaucrats who regulate your daily life, and lawyers who have to deal with all the others). You will also learn about the principles of and tools for interpreting laws and regulations. Students will do practical exercises on current issues throughout the term to best develop their oral and written advocacy skills.",102,5,Authoritarian / Regulatory / Polsci,9.7595,-0.23189808,0.4887312650680542,0,p0977|p0444|p1029|p1002|p1017,0.913|0.567|0.540|0.521|0.514
p1017,Part 10: Majors and Courses,Course Descriptions,Courses with Course Subject: Public Policy (PUBPOL),Course Descriptions,371,"PUBPOL 220 Introduction to Regulatory Governance (4 credits) The course will help you to understand the nature of regulatory governance in complex social environments. We will explore the reasons why governments and others use regulation as a tool to achieve policy goals, and how regulation is implemented and enforced in daily practice. Building on the work of leading regulatory governance scholars, we will explore how their theoretical insights could be applied in practical settings. Throughout the course, we will essentially ask: what can regulatory governance accomplish and what is beyond its reach?",92,5,Authoritarian / Regulatory / Polsci,9.465571,-0.57414335,0.4029957354068756,0,p1029|p0759|p0999|p1023|p1018,0.792|0.703|0.594|0.587|0.571
p1018,Part 10: Majors and Courses,Course Descriptions,Courses with Course Subject: Public Policy (PUBPOL),Course Descriptions,371,"PUBPOL 301 Political Analysis for Public Policy-Making (4 credits) How and why do policies come about? What is the role of media, non-governmental organizations, and politicians? Why do some issues attract the attention of policymakers while others do not? What are the obstacles for policy change? Some of the questions will be answered in this course. This course will examine the political aspects of public policy from an explicitly comparative perspective. Public policy making is not a rational, straightforward process, but is heavily shaped by processes, institutions, and actors. During the course, we will identify relevant official and non- official actors, contextual factors, and particular processes, ultimately learning how these shape public policy. Prerequisite(s): PUBPOL 101 or POLSCI 201",119,5,Authoritarian / Regulatory / Polsci,9.802896,-0.51360154,0.422947496175766,0,p0445|p0964|p1019|p0419|p0980,0.745|0.721|0.697|0.689|0.681
p1019,Part 10: Majors and Courses,Course Descriptions,Courses with Course Subject: Public Policy (PUBPOL),Course Descriptions,372,"PUBPOL 303 Policy Choice as Value Conflict (4 credits) Public policy should be informed by evidence and facts, but it cannot be determined by them. People disagree about public policy not only because they disagree about empirical matters but also because they hold different understandings of familiar political concepts and they assign different weightings to competing political values. This course aims both to illustrate these general propositions and, more importantly, to introduce the tools and techniques with which one can construct and critique reasoned arguments about the political concepts and values that underpin policy choice. The course will be divided into four sections, each of which focuses on a set of contemporary policy disputes whose resolution depends upon clarifying and justifying our understanding of an underlying political concept and its associated values. The four concepts whose policy implications we shall explore are: democracy, justice, liberty, and rights. Readings are mostly works of contemporary political philosophy. Prerequisite(s): PUBPOL 101",158,5,Authoritarian / Regulatory / Polsci,9.686413,-0.44617486,0.49897629022598267,0,p0445|p1018|p0419|p0999|p0966,0.793|0.697|0.688|0.623|0.604
p1020,Part 10: Majors and Courses,Course Descriptions,Courses with Course Subject: Public Policy (PUBPOL),Course Descriptions,372,"PUBPOL 304 Microeconomic Policy Tools (4 credits) Development and application of analytical economic tools in a policy environment. Emphasis on application of economic methods in a variety of policy settings and developing testable hypotheses that might be used to guide economic policy. Analytical topics include willingness to pay, derived demand, multi-market interactions, comparative advantage, investment analysis, and decision making under uncertainty. Applications include tax analysis, including incidence, effective protection, shadow pricing, introduction to government expenditures, labor market policy, examples of regulation and pricing externalities. Prerequisite(s): PUBPOL 101. Anti-requisite: ECON 201",90,3,Econ / Pricing / Microeconomics,9.333152,-1.0985154,0.23170356452465057,1,p1028|p0623|p1023|p0446|p0609,0.762|0.657|0.637|0.605|0.570
p1021,Part 10: Majors and Courses,Course Descriptions,Courses with Course Subject: Public Policy (PUBPOL),Course Descriptions,372,"PUBPOL 305 - War and Public Health in Africa (4 credits) An inquiry into the nature of contemporary war in sub-Saharan Africa and its human cost. Uses public health as a parameter to assess the impact of organized collective violence on people’s lives. Link between war and public health established and measured with respect to civilian deaths, gender based violence, physical and psychological trauma, mental disorders, malnutrition and famine, and the spread of epidemic diseases, inter alia HIV/AIDS. Special attention is given to rape as “a weapon of war”, to the trafficking of human beings in war zones, the child soldier phenomenon, and to death counts as a vector of humanitarian or political advocacy.",114,4,Violence / Migration / Migrations,9.069832,-0.1481497,0.286517471075058,1,p1007|p0700|p0704|p1008|p0976,0.467|0.466|0.455|0.451|0.442
p1022,Part 10: Majors and Courses,Course Descriptions,Courses with Course Subject: Public Policy (PUBPOL),Course Descriptions,372,"PUBPOL 306 International Development and Poverty (4 credits) What factors account for the persistence of poverty in some countries? Is it always going to be the same way – i.e., will poor people remain poor within the foreseeable future – or can something be done to reduce poverty (or at least alleviate its most painful consequences)? Academics and policymakers have come up with alternative formulations as they have attempted to deal with poverty over the last 50 years. This class provides students with an overview of social and economic development in developing countries since the early 1950s. What problems do residents of developing countries face, what kinds of solutions have been advanced to deal with these problems, how have different solutions fared in practice, and what needs to be done now and in future? The course traces how development practice has evolved in the theoretical literature, and students use this knowledge to investigate what needs to be done now and in future. Prerequisite(s): GLHLTH 101",165,5,Authoritarian / Regulatory / Polsci,9.743642,-0.26922825,0.4785841703414917,0,p1007|p1015|p1065|p1011|p1005,0.631|0.606|0.528|0.524|0.517
p1023,Part 10: Majors and Courses,Course Descriptions,Courses with Course Subject: Public Policy (PUBPOL),Course Descriptions,373,"PUBPOL 307 Market Power and Public Policy (4 credits) The purpose of antitrust laws is to control how firms attain and maintain their market position, presumably for the betterment of consumers, or at least for the benefit of society. Using a rigorous set of tools from microeconomic and game theory, this class will investigate the underpinnings of policies meant to deal with market power broadly defined, such as antitrust laws, the regulation of public utilities, the regulation of financial markets, and anti-dumping rules. Prerequisite(s): ECON 202",86,3,Econ / Pricing / Microeconomics,9.455556,-0.83915025,0.27601006627082825,1,p1020|p1029|p1028|p1017|p0446,0.637|0.605|0.600|0.587|0.555
p1024,Part 10: Majors and Courses,Course Descriptions,Courses with Course Subject: Public Policy (PUBPOL),Course Descriptions,373,"PUBPOL 308 Managing the Oceans to Solve Global Problems (4 credits) This course highlights the importance of the oceans in addressing central development and environmental problems facing the world, including poverty, hunger, access to energy, climate change, and biodiversity loss. The fundamental role the oceans could play in helping to solve these problems depends on public policies created to manage them. The course will expose students to the important laws and policies that make the resources and services provided by the ocean resilient and sustainable, and explore challenges of protecting corals, regulating fishing and pollution, and helping climate refugees.",99,3,Econ / Pricing / Microeconomics,8.483152,-0.8487006,0.46788591146469116,0,p0646|p0999|p1006|p0642|p0645,0.680|0.633|0.599|0.591|0.577
p1025,Part 10: Majors and Courses,Course Descriptions,Courses with Course Subject: Public Policy (PUBPOL),Course Descriptions,373,"PUBPOL 310 Family Rights and Human Rights (4 credits) Explores relationship between state, family formation, and individuals. Surveys regulation of sexuality, reproduction, adoption, immigration, and incarceration with focus mainly on U.S. and past 200 years.",35,5,Authoritarian / Regulatory / Polsci,9.70593,-0.28847247,0.34218668937683105,0,p1002|p0966|p1031|p1029|p1017,0.654|0.536|0.487|0.476|0.469
p1026,Part 10: Majors and Courses,Course Descriptions,Courses with Course Subject: Public Policy (PUBPOL),Course Descriptions,373,"PUBPOL 311 Economic and Political History of the European Union (4 credits) The idea in the wake of WW II of a common Europe is still a long way from fulfilling its intended goals, with numerous challenges remaining. This multi-disciplinary course deciphers the complexities of the EU, predicts its future given its demographic, social and economic makeup, and analyzes the EU’s institutions and the way they function. It examines its agricultural and industrial policies as well as investigates its monetary and economic policies. From its original six members to today’s twenty-seven, the course addresses the question of the future of the EU, which in spite of multiple differences, has created a unique political and economic model.",116,3,Econ / Pricing / Microeconomics,9.4972725,-0.7553867,0.32322433590888977,0,p1029|p0446|p1020|p1028|p0469,0.558|0.531|0.495|0.488|0.487
p1027,Part 10: Majors and Courses,Course Descriptions,Courses with Course Subject: Public Policy (PUBPOL),Course Descriptions,374,"PUBPOL 312 News as Moral Battleground (4 credits) Ethical inquiry into journalism and its effect on public discourse. Issues include accuracy, transparency, conflicts of interest and fairness. Topics include coverage of national security, government secrecy, plagiarism/fabrication, and trade-offs of anonymous sourcing.",41,5,Authoritarian / Regulatory / Polsci,9.730906,-0.5295657,0.345272421836853,0,p1031|p1019|p1018|p0966|p1002,0.540|0.514|0.487|0.483|0.464
p1028,Part 10: Majors and Courses,Course Descriptions,Courses with Course Subject: Public Policy (PUBPOL),Course Descriptions,374,PUBPOL 315 Economics of the Public Sector (4 credits) Applies tools of intermediate micro economics to the public sector. Develops economic justifications for government intervention into the economy and examines and evaluates various government policies and programs. Provides a solid foundation for applied benefit cost analysis. Prerequisite(s): ECON 201 or PUBPOL 304,52,3,Econ / Pricing / Microeconomics,9.406094,-0.9421582,0.33807235956192017,0,p0623|p1020|p0446|p0469|p1023,0.892|0.762|0.749|0.702|0.600
p1029,Part 10: Majors and Courses,Course Descriptions,Courses with Course Subject: Public Policy (PUBPOL),Course Descriptions,374,"PUBPOL 316 The Modern Regulatory State (4 credits) Much of the policymaking that structures our world emerges not from Congress or the courts, but from regulatory institutions. This course outlines the historical origins and evolution of modern regulatory institutions, focusing on the Western European and North American experience, from the nineteenth century to the present. For our purposes, “regulatory institutions” include not only public agencies, commissions, bureaus, and boards, but many quasi-public and private entities as well. As this course will reveal, these varied institutions have complex relationships with the businesses, organizations, and individuals whom they hope to regulate, as well as with legislatures, presidential administrations, and the courts. Course readings and discussions will incorporate a wide range of disciplinary perspectives, and include a discussion of the recent “revolt” against regulation.",131,5,Authoritarian / Regulatory / Polsci,9.518606,-0.6062548,0.34676429629325867,0,p0759|p1017|p0470|p1023|p1018,0.908|0.792|0.614|0.605|0.598
p1030,Part 10: Majors and Courses,Course Descriptions,Courses with Course Subject: Public Policy (PUBPOL),Course Descriptions,374,"PUBPOL 317 Plastic Planet: Pollution and Solutions (4 credits) Plastic is ubiquitous in our modern lives, but its proliferation is increasingly questioned because of its adverse environmental impacts. This course examines plastic pollution from a politics and policy perspective. It does so by following the life cycle of plastics, from mining resources, refinement and manufacturing to using plastic in our daily lives to disposal. Throughout the life cycle, we will consider policy tools for dealing with the identified issues. The course will have an explicit comparative perspective with case studies from around the world. PUBPOL 318 How to Change the World: The Role of Non-State Actors Regulation of societal risks was long seen as the province of state administrative institutions, but recent theories and practice challenge this view. A move away from a state-centered approach to governance has created space for non-state actors to assume a myriad of regulatory roles. This course will introduce theories and practices of non-state regulation. Drawing on cases from across the globe, this course will explore the multifaceted roles non-state actors can play in regulatory and governance processes. Cases examining how private individuals, civil society organizations, social entrepreneurs, enterprises, philanthropists and others have tried to change the world will be analyzed. Prerequisite(s): PUBPOL 101 or Consent of the Instructor",214,5,Authoritarian / Regulatory / Polsci,9.204567,-0.6518196,0.3712823688983917,0,p1017|p0647|p1029|p1018|p0646,0.569|0.566|0.549|0.537|0.533
p1031,Part 10: Majors and Courses,Course Descriptions,Courses with Course Subject: Public Policy (PUBPOL),Course Descriptions,375,"PUBPOL 410 Counterterrorism Law and Policy (4 credits) This course explores the novel legal and policy issues resulting from the United States' response to 9/11 attacks and the threat posed by modern terrorist organizations. Topics include preventative/preventive war; detention, interrogation, and prosecution of suspect terrorists; domestic surveillance; and government secrecy and public access to information.",55,5,Authoritarian / Regulatory / Polsci,9.657246,-0.4119966,0.45597195625305176,0,p1019|p1002|p1006|p1027|p0966,0.575|0.542|0.541|0.540|0.523
p1032,Part 10: Majors and Courses,Course Descriptions,Courses with Course Subject: Religious Studies (RELIG),Course Descriptions,377,"RELIG 101 Comparative Religious Studies (4 credits) Who are you? What might you become? What is the world and does the world have a purpose? Questions like these lie at the heart of religious traditions around the world, and have inspired and frightened humans since the very beginning of our history. In this course, we will explore some of these traditions by going on a vision quest, a journey for insight. We will encounter ghosts, people who can fly, charismatic healers, and many more weird things. This is a course that might change your life. Welcome to the study of religion.",101,4,Violence / Migration / Migrations,8.8618965,0.95482993,0.43121111392974854,0,p1038|p1044|p1036|p1042|p1035,0.696|0.665|0.630|0.616|0.587
p1033,Part 10: Majors and Courses,Course Descriptions,Courses with Course Subject: Religious Studies (RELIG),Course Descriptions,377,"RELIG 102 Prophets and Priests (4 credits) This course studies the relationships among charismatic authority, priestly tradition, religious institutions, and state power. It uses as a case study the historical context of Palestine in the first century CE and examines the social and political context for the emergence of the Christian movement inspired by the teaching of Jesus of Nazareth. Topics include the nature of authority, religious resistance to state power, the concept of divine law, and popular sects. Other religious contexts may also be included in order to offer a comparative perspective.",93,4,Violence / Migration / Migrations,8.828126,0.97639424,0.3096347451210022,0,p1034|p1038|p1041|p1032|p1035,0.569|0.563|0.562|0.559|0.557
p1034,Part 10: Majors and Courses,Course Descriptions,Courses with Course Subject: Religious Studies (RELIG),Course Descriptions,377,"RELIG 103 Law and Revelation (4 credits) This course focuses on the concept of religious law, the traditions of jurisprudence that emerge in religious societies, and their relationship to the modern nation state. It introduces students to the Islamic concepts of Qur’an, Sharia, and Fiqh (jurisprudence) with a view to understanding how divine laws function in human societies. Topics include concepts of divine revelation, sacred texts, law codes, legal institutions and modern forms of fundamentalism. Other religious traditions may also be included by way of comparison.",86,4,Violence / Migration / Migrations,8.825347,0.9040852,0.47612425684928894,0,p1041|p1038|p1036|p1035|p1033,0.672|0.640|0.586|0.582|0.569
p1035,Part 10: Majors and Courses,Course Descriptions,Courses with Course Subject: Religious Studies (RELIG),Course Descriptions,377,"RELIG 104 Myth and Nation (4 credits) This course studies the role of religion in establishing the founding mythology of peoples and nations. It introduces students to the Jewish tradition by way of example, and considers the role of the foundational mythology of the Jews in multiple forms of Judaism from early Israelite religion to modern Zionism. The course leads to an examination of the experience of holocaust, the quest for Jewish statehood and its impact upon the political situation in the Middle East. In so doing the course develops broad theoretical approaches in religious studies that can serve wider interests in understanding the relationship between nation, state, ethnicity, and religious belonging. Other religious contexts may be introduced by way of comparison.",122,4,Violence / Migration / Migrations,8.898366,0.98961854,0.47218987345695496,0,p1036|p1038|p1041|p1032|p1044,0.673|0.654|0.620|0.587|0.583
p1036,Part 10: Majors and Courses,Course Descriptions,Courses with Course Subject: Religious Studies (RELIG),Course Descriptions,377,"RELIG 105 Gods and People (4 credits) This course introduces the Hindu concepts of darsan (vision of the gods) and dharma (path) so as to explore how religious visions, as represented in art, architecture and mythology, engage the social and material reality of religious practitioners’ daily lives. In so doing it exposes the cultural power of religious frameworks to structure normative hierarchies of gender, class and race. Students gain a functional understanding of religious cultures that may be applied to other traditions and contexts by way of comparison.",88,4,Violence / Migration / Migrations,8.831965,1.0132902,0.48473474383354187,0,p1038|p1035|p1032|p1041|p1044,0.697|0.673|0.630|0.601|0.598
p1037,Part 10: Majors and Courses,Course Descriptions,Courses with Course Subject: Religious Studies (RELIG),Course Descriptions,378,"RELIG 106 Religion and Leadership (4 credits) Different religions have portrayed leaders in different ways, through stories, exemplars and which attributes of leaders and followers are emphasized or downplayed. Drawing upon a wide variety of resources in religious studies, history, philosophy, psychology, sociology, and cultural studies, this course will examine how a wide variety of religions depict leaders and leadership, highlighting both the differences and the similarities across religions and within religious traditions. The course will also draw upon research on leadership, cultural values, and norms to systematically compare and contrast how religion shapes perceptions of leadership. Applications explored will include religion-based portrayals of gender, race ethnicity, and age in assessing leaders. Also considered will be whether these portrayals make specific religious lenses more or less amenable to leadership development in different contexts (for example where innovation is important or where co- leadership is essential).",145,4,Violence / Migration / Migrations,9.105054,0.9425848,0.2682809829711914,1,p0416|p1032|p0415|p1036|p1044,0.583|0.557|0.529|0.525|0.522
p1038,Part 10: Majors and Courses,Course Descriptions,Courses with Course Subject: Religious Studies (RELIG),Course Descriptions,378,"RELIG 107 Readings in Religious Literature (2 credits) This course introduces students to a variety of religious literature and sacred texts from across the world. Students learn how to read and interpret these texts and in this way come to reflect on the nature of religion and its function in human societies. In addition discussing fundamental theological questions about the nature of existence, the course will also examine the practical ways in which religions shape the embodied lives of religious practitioners across the world.",84,4,Violence / Migration / Migrations,8.8703985,1.0289513,0.4928168058395386,0,p1044|p1036|p1032|p1041|p1035,0.722|0.697|0.696|0.674|0.654
p1039,Part 10: Majors and Courses,Course Descriptions,Courses with Course Subject: Religious Studies (RELIG),Course Descriptions,378,"RELIG 201 Confucianism, Daoism and Buddhism (4 credits) It is often said that there are three teachings that have defined Chinese society through the ages. Confucianism, Daoism, and Buddhism are traditions that have produced some of the most profound, provoking, and funny ideas and practices in the history of humankind. In this course, we will examine these ideas and practices intellectually and experientially. In doing so, you will not only gain a firm knowledge of some of the most important sources of East-Asian culture, but also a new perspective on your own life.",93,11,Asia / Migration / Ethnic,12.266431,2.53893,0.4396769404411316,0,p1040|p0560|p0720|p0890|p0693,0.678|0.664|0.636|0.611|0.603
p1040,Part 10: Majors and Courses,Course Descriptions,Courses with Course Subject: Religious Studies (RELIG),Course Descriptions,378,"RELIG 202 Modern Buddhism (4 credits) An examination of Buddhism in Asia, Europe, and the United States from the mid-nineteenth century to the present. The course emphasizes how global exchanges resulted in the emergence of Buddhism in the United States and Europe, and the transformation of Buddhism in Asia. The course takes a number of case studies in the transformation of Buddhism including the emergence of humanistic Buddhism in modern China; the American encounter with Japanese Zen; and the relationship between Buddhism and ethnic militarism in Imperial Japan, Sri Lanka and Myanmar. In all cases the course examines how Buddhism transformed in response to the emergence of new global contexts.",110,11,Asia / Migration / Ethnic,12.049689,2.3147192,0.44594085216522217,0,p1039|p0676|p0720|p0737|p0786,0.678|0.560|0.554|0.544|0.529
p1041,Part 10: Majors and Courses,Course Descriptions,Courses with Course Subject: Religious Studies (RELIG),Course Descriptions,379,"RELIG 203 Judaism, Christianity, and Islam (4 credits) In contrast to the Chinese concept of the “three traditions”, Islamic tradition came to define the overlapping identity of Jewish, Christian and Islamic peoples by the concept of “the people of the book”. This course offers an introduction to the three traditions of Judaism, Christianity and Islam by focusing on the concept of the sacred text as the written revelation of God. Comparisons between the Jewish Torah, Christian gospels and Islamic law, and the practices of scribes, commentators, and textual scholars illuminate the similarities and also differences between the three great monotheistic traditions of the world.",104,4,Violence / Migration / Migrations,8.829489,0.9559989,0.4173262417316437,0,p1038|p1034|p1035|p1044|p1036,0.674|0.672|0.620|0.616|0.601
p1042,Part 10: Majors and Courses,Course Descriptions,Courses with Course Subject: Religious Studies (RELIG),Course Descriptions,379,"RELIG 204 The Problem of Evil (4 credits) This courses explores the problem of evil for Eastern and Western religious thought and discusses several attempts to confront the reality of evil, to square that with one’s worldview, and to find a way of living with that worldview. This courses examines theological, philosophical, psychological, and popular cultural conceptions and responses.",59,4,Violence / Migration / Migrations,8.845827,0.90173864,0.424335777759552,0,p1044|p1038|p1032|p1035|p1043,0.722|0.639|0.616|0.581|0.556
p1043,Part 10: Majors and Courses,Course Descriptions,Courses with Course Subject: Religious Studies (RELIG),Course Descriptions,379,"RELIG 302 Religious and Philosophical Thought on the Environment (4 credits) This course explores the ways in which a variety of religious traditions across the world have shaped fundamental conceptions of humanity’s place within nature, including the kinds of environmental ethics that arise from these conceptions. The course examines the foundational texts and practices of selected world religions and considers how these texts and practices are being used by contemporary religious leaders to shape religious responses to current ecological challenges, such as environmental pollution, global climate change, and the factory farming of nonhuman animals.",94,4,Violence / Migration / Migrations,8.795133,0.5716823,0.4248219132423401,0,p1045|p0664|p1044|p0903|p0646,0.756|0.710|0.637|0.613|0.601
p1044,Part 10: Majors and Courses,Course Descriptions,Courses with Course Subject: Religious Studies (RELIG),Course Descriptions,379,"RELIG 303 The Human Condition (4 credits) Exploration of the problem of the human condition for Eastern and Western religious thought. This courses examines theological, philosophical, psychological, and popular cultural conceptions and responses. It explores how traditions of religious thought have conceptualized the basic problem of the human condition, whether as the consequences of karmic bonds, the general condition of human ignorance, or a lack of proper moral training. At the same time the course offers a framework for understanding religious movements as positing solutions to the problems they identify, whether conceptualized as salvation, liberation, perfection, or immortality.",98,4,Violence / Migration / Migrations,8.899461,0.8810671,0.40465351939201355,0,p1038|p1042|p1045|p1032|p1043,0.722|0.722|0.668|0.665|0.637
p1045,Part 10: Majors and Courses,Course Descriptions,Courses with Course Subject: Religious Studies (RELIG),Course Descriptions,380,"RELIG 304 Ethics in Religious Perspective (4 credits) This course examines how and why religious traditions propose ethical norms, their continued significance in the contemporary world, and recent attempts to foster a more inclusive, global approach to ethics. Whether formulated in divine laws, ritual formulas or monastic codes, religious traditions have asserted their authority and identity by specifying what they regard as the ultimate norms for human conduct. These norms were formulated in the last Axial period around 2,500 years ago and reflect the values and interests of those societies. The course examines the continuing impact and relevance of these norms on contemporary life, and pays particular attention to attempts to shape global ethical norms especially in relation to global issues such as climate change.",125,4,Violence / Migration / Migrations,8.9580555,0.74476314,0.3667929768562317,0,p1043|p1044|p0669|p1038|p0903,0.756|0.668|0.591|0.571|0.570
p1046,Part 10: Majors and Courses,Course Descriptions,Courses with Course Subject: Social Science (SOSC),Course Descriptions,381,"SOSC 101 Foundational Questions in Social Science (4 credits) People everywhere ponder and debate fundamental questions: What does it mean to be human? How is society to be ordered? What is a moral life? Our ancestors asked such questions as well: it is likely that those questions lie at the origins of humanity itself. They also provide the foundations for much of the most important research in the social sciences today. This course examines the ways in which social scientists from a diversity of disciplines approach these fundamental questions. Study material for the course will include foundational texts from across the social sciences, as well as cutting-edge research from the present day. This course will not attempt to answer these vast questions, or provide neat solutions for students: rather, we want to excite students about the social sciences and whet their appetites for further study.",145,4,Violence / Migration / Migrations,10.939471,-0.7243164,0.6537569761276245,0,p1047|p1064|p0973|p1056|p1058,0.639|0.629|0.622|0.595|0.577
p1047,Part 10: Majors and Courses,Course Descriptions,Courses with Course Subject: Social Science (SOSC),Course Descriptions,381,"SOSC 102 Introduction to Research Methods (4 credits) This course provides students with an understanding of research designs and research methods used in the social sciences. Students will learn about the scientific method, research methods and design, measurement, and ethical issues. Topics include quantitative and qualitative approaches, as well as mixed methods. Prerequisite(s): SOSC 101 or consent of the instructor",60,9,Behavsci / Neurosci / Psych,10.333117,-1.7823694,0.6422016620635986,0,p1046|p0482|p1053|p1069|p0979,0.639|0.609|0.589|0.583|0.580
p1048,Part 10: Majors and Courses,Course Descriptions,Courses with Course Subject: Social Science (SOSC),Course Descriptions,381,"SOSC 110 Innovation and Creativity (2 credits) The overall goal of this course is to develop and enhance the creative potential of the students and assist them to engage in innovation-driven activities through hands-on projects. The design of the course focuses on the core principles of project-based learning, creative thinking, and interdisciplinary collaboration. First, students will gain fundamental knowledge regarding the concepts and processes of creativity and innovation. Second, students will learn various tools to unlock their creativity, improve the flexibility and originality of their ideas, collaborate and contribute to a creative team. And third, students will practice what they have learned via inspiring exercises and projects on both an individual and group level.",114,10,Career / Mindfulness / Advising,9.951008,3.026143,0.5190420746803284,0,p0855|p0765|p0376|p1047|p1096,0.693|0.623|0.615|0.572|0.508
p1049,Part 10: Majors and Courses,Course Descriptions,Courses with Course Subject: Social Science (SOSC),Course Descriptions,381,"SOSC 203 The Social, Political, and Economic Implications of Immigration (4 credits) The regulation of labor immigration is among the most important and controversial public policy issues in high-income countries, but these issues have implications for understanding the social, political, and economic structures of all nations. Many countries in Europe and North America, including the UK and the US, have experienced very rapid increase in labor immigration over the past 20 years. In China, immigration, return migration, and internal migration have shaped much of its development. This course attempts to understand the determinants of immigration and how nations approach this critical social issue.",103,11,Asia / Migration / Ethnic,11.428607,0.978962,0.3552364110946655,0,p0753|p1009|p0382|p0600|p0737,0.589|0.573|0.568|0.490|0.457
p1050,Part 10: Majors and Courses,Course Descriptions,Courses with Course Subject: Social Science (SOSC),Course Descriptions,382,"SOSC 301 Religion and Community in America (4 credits) The U.S. has been characterized as a “nation with the soul of a church.” This unpacks that statement and explores the distinctive role that religious belief and institutions have played in American life. This course examines religious figures and movements, the role religion plays in politics and public life, the cultural contours of religious popular and social movements, the racial, ethnic and gendered dimensions of religious life, and the nature of individualism and social solidarity in the U.S.",87,4,Violence / Migration / Migrations,10.624143,1.1083097,0.26340699195861816,1,p0472|p0968|p0471|p1035|p0383,0.524|0.504|0.497|0.490|0.483
p1051,Part 10: Majors and Courses,Course Descriptions,Courses with Course Subject: Social Science (SOSC),Course Descriptions,382,"SOSC 311 The Future of the City (4 credits) Rapid technological change may imply that cities will dramatically change form as new technologies emerge, with important implications for urban design. Self-driving cars, the possibility of three-dimensional transportation networks, telecommuting, urban agriculture, green cities, etc. This course will explore implications of these developments for urban design in light of underlying sociological and economic forces at work.",65,9,Behavsci / Neurosci / Psych,10.200257,-2.3371422,0.3577030301094055,0,p0685|p0382|p1054|p0768|p0622,0.515|0.492|0.445|0.441|0.430
p1052,Part 10: Majors and Courses,Course Descriptions,Courses with Course Subject: Social Science (SOSC),Course Descriptions,382,"SOSC 313 Decision Making Under Uncertainty (4 credits) This course is about the techniques available to improve decision making and limit mistakes. Methods include game theory, social choice theory, statistics and econometrics and computational ‐ modeling. The goal of the course is not to develop mastery, but to help students become better readers of research in the social sciences, while simultaneously providing them with a better sense of the options available as they pursue further course work and expertise in the social sciences. Prerequisite(s): MATH 101 or 105, and STATS 101 SOSC 314 Computational Social Science: Tools to Collect & Analyze Human Behavior Using Data from the Internet (4 credits) This course explores the inter-disciplinary field of computational social science, drawing from sociology, computer science, and related disciplines. Students will obtain skills to automate collection of social science data from new sources (Twitter, Facebook, Google, etc.), to classify unstructured data into discrete variables and to analyze them using a combination of techniques that includes screen-scraping, natural language processing and machine learning. Complex ethical and legal issues that arise when working with these novel sources of data. Students develop their imagination about new questions that can be asked with these new data sources. Reading and reproducing exemplary studies produced by computational social scientists. Prerequisites: MATH 101 or 105 and STATS 101; or MATH 205; or Consent of the Instructor",228,9,Behavsci / Neurosci / Psych,9.906017,-2.5112724,0.5377011895179749,0,p1053|p0379|p0381|p1071|p0764,0.631|0.627|0.615|0.608|0.569
p1053,Part 10: Majors and Courses,Course Descriptions,Courses with Course Subject: Social Science (SOSC),Course Descriptions,382,"SOSC 320 Data in the World: Applied Social Statistics (4 credits) This course to explore how to extend statistical techniques learned in earlier classes and how to apply them to real-world problems. The course starts with the standard linear model and then explores more generalized models and models that rely on certain assumptions about the underlying data, with a focus on identifying which techniques are appropriate for what kinds of data. We rely heavily on interactive use of R software in applying models to real-world datasets. The class is open to all students but is focused on questions related to social problems - those involving human activity. Prerequisites: STATS 101 required, MATH 205 highly encouraged",115,9,Behavsci / Neurosci / Psych,9.878518,-2.5179274,0.533718466758728,0,p1069|p0379|p0381|p1079|p1052,0.697|0.661|0.659|0.644|0.631
p1054,Part 10: Majors and Courses,Course Descriptions,Courses with Course Subject: Social Science (SOSC),Course Descriptions,383,"SOSC 333 Social and Economic Networks (4 credits) Individuals are embedded in a network of relationships used to exchange information and favors, access economic opportunities and share risk. The structure of these relationships determine the individual’s opportunities and the aggregate outcomes of social and economic systems. The course will discuss the typical properties of network structures (e.g. 6-degrees of separation, clustering, homophily and segregation), how network ties are formed and how agents interact through these ties. Students will learn about a wide range of applications, including the spread of diseases, fashions and political opinion; financial networks; networks in organizations and the labor market; online social networks, etc.",107,9,Behavsci / Neurosci / Psych,10.124388,-1.9021051,0.4355352520942688,0,p0625|p1047|p1053|p0381|p0379,0.919|0.523|0.496|0.473|0.466
p1055,Part 10: Majors and Courses,Course Descriptions,Courses with Course Subject: Sociology (SOCIOL),Course Descriptions,384,"SOCIOL 104 Love, Marriage, and Family in Comparative Perspective (4 credits) This course explores the process of family transformation in contemporary East Asia and the U.S. from a comparative perspective. It introduces different concepts, theories, and frameworks to explain the slow but noticeable family changes in East Asian societies and some distinct characteristics in the US. It will draw literature from sociology, demography, anthropology, and economics to study love, passion, marriage, cohabitation, mate selection, same-sex couples, and divorce across social contexts.",81,11,Asia / Migration / Ethnic,12.044639,1.7029198,0.36596935987472534,0,p0794|p0731|p0732|p0786|p0737,0.504|0.497|0.495|0.492|0.491
p1056,Part 10: Majors and Courses,Course Descriptions,Courses with Course Subject: Sociology (SOCIOL),Course Descriptions,384,"SOCIOL 110 Sociological Inquiry (4 credits) This course introduces students to the world of sociology. Sociologists study social relationships, social interactions, and the influence of structural forces upon people. This course offers students a broad survey of sociology, covering a wide variety of sociological themes including the relationship between individual and society, important social institutions in the society, and various social inequalities. Students will acquire knowledge in the main sub-fields in sociology and develop valuable skills, such as critical reading and thinking.",82,4,Violence / Migration / Migrations,10.905782,-0.55417347,0.6121578216552734,0,p1064|p1059|p1060|p1057|p1062,0.742|0.690|0.636|0.622|0.608
p1057,Part 10: Majors and Courses,Course Descriptions,Courses with Course Subject: Sociology (SOCIOL),Course Descriptions,384,"SOCIOL 111 Contemporary Social Problems (4 credits) Social problems both reflect and generate social change; this course provides a comparative analysis of the major social problems that have propelled social and cultural dynamics across historical periods, nations, and social groups by gender, race/ethnicity, and social class. The course explores the origins and implications of deviant behavior, social conflict and inequality, human progress and social change. Because studying social problems often involves specialize research methods, this course also investigates issues such as the unique inductive and deductive processes and related analysis methods that have developed in this field.",97,4,Violence / Migration / Migrations,10.991307,-0.42305508,0.5040954351425171,0,p1056|p1062|p1060|p1063|p1064,0.622|0.584|0.564|0.564|0.551
p1058,Part 10: Majors and Courses,Course Descriptions,Courses with Course Subject: Sociology (SOCIOL),Course Descriptions,384,"SOCIOL 180 Society, the Self, and the Changing Natural World (4 credits) This course is an exploration of the changing and contrasting perceptions of social, themselves, and the natural world that people develop. It investigates how our perceptions are conditioned by the times we live in and reigning assumptions of our societies. The course covers a range of related topics including the exploration of perceptions of the self through the arts and the examination of conflicts between science and society.",80,4,Violence / Migration / Migrations,11.09351,-0.63772327,0.6005226373672485,0,p0389|p1064|p1060|p1059|p1056,0.759|0.657|0.645|0.639|0.598
p1059,Part 10: Majors and Courses,Course Descriptions,Courses with Course Subject: Sociology (SOCIOL),Course Descriptions,384,"SOCIOL 202 Sociology of Culture (4 credits) The terms “culture” and “cultural” have a wide range of meanings: objects, genres, actions (especially conventional), mental representations, and even complex institutional structures are all part of culture. Many sociologists argue that culture is not its object, rather it is an approach; it is about shared meaning and permeates all of social life. This course will allow students to engage in and contribute to this conversation in an effort to develop their understanding of culture and related changes in social processes over time. This course exposes students to the unique approaches the sociologists take to understanding culture and introduces them to many of the major theorists of culture. By the end of the course, students will have a basic toolkit for understanding society culturally.",131,4,Violence / Migration / Migrations,11.008496,-0.42312515,0.6250481605529785,0,p1056|p1064|p0684|p1060|p0431,0.690|0.678|0.653|0.645|0.640
p1060,Part 10: Majors and Courses,Course Descriptions,Courses with Course Subject: Sociology (SOCIOL),Course Descriptions,385,"SOCIOL 204 Identity, Action, and Emotion (4 credits) Sociologists and social psychologists have made significant strides in recent decades using mathematical models to describe how people import cultural meanings into social interactions. This course explains how people maintain identities in role relationships and group interactions, and it explores a theory of how people perform normal institutional roles, respond to odd situations, and try to feel good about themselves. Students will learn to use computer simulations to model self, identity and emotional processes. They will leave the course knowing how to think scientifically about routine and unexpected parts of everyday life.",100,9,Behavsci / Neurosci / Psych,11.035059,-0.5730995,0.5894651412963867,0,p0389|p1059|p1058|p1064|p1056,0.744|0.645|0.645|0.641|0.636
p1061,Part 10: Majors and Courses,Course Descriptions,Courses with Course Subject: Sociology (SOCIOL),Course Descriptions,385,"SOCIOL 205 Gender, Work, and Organizations (4 credits) Research and theories on gender issues in the organization of work are central to inquiry across the social sciences and in sociology, in particular. The socio-historical causes of gender segregation in the workplace and the contemporary consequences for wages and occupational status have permeated research and have been central to policy discussions as well. This course studies how gender interacts with work and complex organizations such as businesses, not-for-profits, and government agencies. It looks at how women have changed their roles in many societies and asks why progress has been slower in others. It uses case studies of specific work organizations with gender-related problems in group projects and presentations.",117,4,Violence / Migration / Migrations,11.081276,-0.13639426,0.3195861577987671,0,p0589|p1057|p0762|p1056|p1062,0.578|0.533|0.502|0.480|0.471
p1062,Part 10: Majors and Courses,Course Descriptions,Courses with Course Subject: Sociology (SOCIOL),Course Descriptions,385,"SOCIOL 211 Social Inequality (4 credits) Variations in the structure of inequality over time and across nations shape the way people behave, the interactions they have every day, and the challenges they will face across the life course. Inequality shapes and is shaped by educational institutions, economic development, work institutions, and state welfare programs. This course explores the nature, forms, and socioeconomic bases of inequality and social stratification. It pays particular attention to age, gender, race, ethnicity, class, region, and family as dimensions of inequality. The course pays particular attention to the degree to which people are able to change positions in the social structure over time.",107,4,Violence / Migration / Migrations,10.680526,-0.5501514,0.44256898760795593,0,p0969|p0602|p1056|p1057|p0706,0.653|0.612|0.608|0.584|0.551
p1063,Part 10: Majors and Courses,Course Descriptions,Courses with Course Subject: Sociology (SOCIOL),Course Descriptions,385,"SOCIOL 301 Race, Ethnicity, and Citizenship (4 credits) Race, ethnicity, and citizenship structure interactions and social change in all countries, and they also condition the forms of interaction that determine global processes and well-being. This course provides a critical framework to access origins, manifestations and evolution of race, ethnicity and citizenship. The course reviews and addresses the origins of and theoretical orientations of race, ethnicity and citizenship as constructs with social and political implications. It examines different ethnographies as well as quantitative studies to pinpoint how social scientists actually examine and draws conclusions about race, ethnicity and citizenship.",98,4,Violence / Migration / Migrations,11.502124,0.53316724,0.5312290191650391,0,p0798|p0737|p0599|p1060|p1057,0.600|0.582|0.570|0.568|0.564
p1064,Part 10: Majors and Courses,Course Descriptions,Courses with Course Subject: Sociology (SOCIOL),Course Descriptions,386,"SOCIOL 305 Theory and Society (4 credits) This course exposes students to major classical and modern social theorists from the Enlightenment to the present. The course pays particular attention to theories seeking to follow models of the natural sciences and those seeking a more critical and interpretive understanding of modern society. Topics also include examining how sociological theory relates to other modern currents, such as conservatism, socialism, existentialism, anti-colonialism, feminism, post-modernism.",71,4,Violence / Migration / Migrations,10.979233,-0.49888256,0.6723040342330933,0,p1056|p1059|p1058|p0973|p1060,0.742|0.678|0.657|0.649|0.641
p1065,Part 10: Majors and Courses,Course Descriptions,Courses with Course Subject: Sociology (SOCIOL),Course Descriptions,386,"SOCIOL 306 Contemporary Population Problems (4 credits) Demography is an interdisciplinary field that intersects with sociology, economics, population health, statistics, and mathematics. The population issues, such as aging, population decline, fertility, and migration, also associate with economic development and policy making in different countries. This course will review key population problems in contemporary industrialized and developing societies. The following issues can be discussed in the course: the end of population growth, population aging, mortality in developed and developing countries, migration, and urbanization.",82,4,Violence / Migration / Migrations,10.255905,-0.48545325,0.4078894257545471,0,p1022|p1062|p1057|p1064|p1007,0.528|0.512|0.482|0.472|0.469
p1066,Part 10: Majors and Courses,Course Descriptions,Courses with Course Subject: Sociology (SOCIOL),Course Descriptions,386,"SOCIOL 311 The Political and Social Thought of Hannah Arendt (4 credits) Hannah Arendt is one of the most important 20th century western political thinker. Although her work covered a wide range of subjects, her foremost concern was politics and society. This course aims to familiarize students with the political and social thought of Hannah Arendt, so that they may use her ideas to understand and address the 21st century’s pressing problems. We will read from her seminal works, as well as secondary scholarship, in order to understand Arendt’s key concepts – which could include thoughtlessness, the banality of evil, totalitarianism, the political, statelessness, revolution, power, authority, and labor and work. We will then apply these concepts to some of today’s pressing social and political problems.",126,4,Violence / Migration / Migrations,11.307062,0.04774927,0.5276366472244263,0,p0905|p0987|p0391|p0429|p0418,0.940|0.913|0.808|0.808|0.715
p1067,Part 10: Majors and Courses,Course Descriptions,Courses with Course Subject: Spanish (SPANISH),Course Descriptions,387,SPANISH 25 Advanced Intermediate Spanish (4 credits) Credit for Advanced Placement on the basis of the College Board Examination in Spanish.,21,1,Physedu / Japanese / Italian,15.271563,5.087121,0.39571648836135864,0,p0773|p0630|p0672|p0779|p0674,0.767|0.731|0.727|0.727|0.704
p1068,Part 10: Majors and Courses,Course Descriptions,Courses with Course Subject: Statistics (STATS),Course Descriptions,388,STATS 20 Basic Statistics and Quantitative Literacy (4 credits) Credit for Advanced Placement on the basis of the College Board Examination in Statistics (Score of 5).,26,1,Physedu / Japanese / Italian,15.25659,5.1502714,0.4691777527332306,0,p0674|p0629|p0630|p0672|p0716,0.632|0.631|0.629|0.624|0.620
p1069,Part 10: Majors and Courses,Course Descriptions,Courses with Course Subject: Statistics (STATS),Course Descriptions,388,"STATS 101 Introduction to Applied Statistical Methods (4 credits) This course will introduce students to common statistics used in social science research articles and the media with the goal of making them informed and critical consumers of research results reported by various sources. Students will gain understanding of the conceptual basis and purpose of different statistics, as well as the formulas for deriving them. The relationship of statistical analysis to other components of the research process will be explicated. The course will be taught using team-based learning with an emphasis on the application of new concepts, knowledge, and skills in the classroom. Application activities will include interpreting statistics presented in tables and graphics in research articles and the media, critiquing conclusions drawn from statistics, and using statistical software, such as SPSS or Stata, to conduct statistical tests and generate tables and graphics.",142,6,Compsci / Algorithms / Math,9.736375,-2.8365204,0.49930545687675476,0,p1053|p1068|p1047|p1079|p1071,0.697|0.583|0.583|0.582|0.574
p1070,Part 10: Majors and Courses,Course Descriptions,Courses with Course Subject: Statistics (STATS),Course Descriptions,388,"STATS 102 Introduction to Data Science (4 credits) As an introductory course in data science, this course will show students not only the big picture of data science but also the detailed essential skills of loading, cleaning, manipulating, visualizing, analyzing and interpreting data with hands on programming experience. Prerequisite(s): None. Not open to students who have credit for COMPSCI 101.",60,6,Compsci / Algorithms / Math,9.802124,-3.3956523,0.4669017791748047,0,p0563|p0564|p1078|p0576|p0566,0.789|0.684|0.646|0.639|0.629
p1071,Part 10: Majors and Courses,Course Descriptions,Courses with Course Subject: Statistics (STATS),Course Descriptions,388,"STATS 201 Introduction to Machine Learning for Social Science (4 credits) In almost every field, there is a need to draw inference from or make decisions based on data. The goal of this course is to provide an introduction to machine learning that is approachable to diverse disciplines and empowers students to become proficient in the foundational concepts and tools while working with interdisciplinary real-world data. You will learn to (a) structure a machine learning problem, (b) determine which algorithmic tools are applicable to a given problem, (c) apply those algorithmic tools to diverse, interdisciplinary data examples, (d) evaluate the performance of your solution, and (e) how to accurately interpret and communicate your results. This course is a fast-paced, applied introduction to machine learning that arms you with the basic skills you will need in practice to both conduct analyses and effectively communicate your results. Prerequisite(s): MATH 101 or 105, and STATS 101",153,6,Compsci / Algorithms / Math,9.500565,-3.221255,0.5243818759918213,0,p1074|p1075|p1079|p1052|p0563,0.639|0.632|0.615|0.608|0.604
p1072,Part 10: Majors and Courses,Course Descriptions,Courses with Course Subject: Statistics (STATS),Course Descriptions,389,"STATS 210 Probability, Random Variables and Stochastic Processes (4 credits) This course covers probability models, random variables with discrete and continuous distributions, independence, joint distributions, conditional distributions, expectations, functions of random variables, central limit theorem, stochastic processes, random walks, and Markov chains. Prerequisite(s): MATH 205. COMPSCI 201 or COMPSCI 101 or STATS 102 is recommended.",55,6,Compsci / Algorithms / Math,8.978742,-3.3564816,0.5308740735054016,0,p0824|p1076|p0836|p0825|p1081,0.809|0.730|0.719|0.706|0.685
p1073,Part 10: Majors and Courses,Course Descriptions,Courses with Course Subject: Statistics (STATS),Course Descriptions,389,"STATS 301 Statistics (4 credits) An introduction to the concepts, theory, and application of statistical inference, including the structure of statistical problems, probability modeling, data analysis and statistical computing, and linear regression. Inference from the viewpoint of Bayesian statistics, with some discussion of sampling theory methods and comparative inference. Applications to problems in various fields. Prerequisite(s): MATH 201 and MATH 205",61,6,Compsci / Algorithms / Math,9.010758,-3.4707778,0.26487550139427185,1,p1076|p0824|p1075|p1081|p0825,0.652|0.603|0.602|0.566|0.548
p1074,Part 10: Majors and Courses,Course Descriptions,Courses with Course Subject: Statistics (STATS),Course Descriptions,389,"STATS 302 Principles of Machine Learning (4 credits) This course covers maximum likelihood estimation, linear discriminant analysis, logistic regression, support vector machine, decision tree, linear regression, Bayesian inference, unsupervised learning, and semi-supervised learning. Students are not allowed to take both MATH 405 and STATS 302 because of the content overlap. Students who are planning to major in Data Science should take STATS 302. Prerequisite(s): COMPSCI 201, STATS 210; and Pre or Co-requisite(s): MATH 304, MATH 305. Anti-requisite: MATH 405",79,6,Compsci / Algorithms / Math,9.080947,-3.5559037,0.462410032749176,0,p0837|p0826|p0828|p1075|p1076,0.828|0.796|0.769|0.747|0.664
p1075,Part 10: Majors and Courses,Course Descriptions,Courses with Course Subject: Statistics (STATS),Course Descriptions,389,"STATS 303 Statistical Machine Learning (4 credits) This course covers statistical inference, parametric method, sparsity, nonparametric methods, learning theory, kernel methods, computation algorithms and advanced learning topics. Prerequisite(s): STATS 302",30,6,Compsci / Algorithms / Math,9.175855,-3.5583582,0.41969478130340576,0,p1074|p1076|p0837|p1081|p1080,0.747|0.707|0.671|0.640|0.639
p1076,Part 10: Majors and Courses,Course Descriptions,Courses with Course Subject: Statistics (STATS),Course Descriptions,389,"STATS 304 Bayesian and Modern Statistics (4 credits) This course covers Bayesian inference, prior and posterior distributions, multi-level models, model checking and selection, and stochastic simulation by Markov Chain Monte Carlo. Prerequisite(s): STATS 302",34,6,Compsci / Algorithms / Math,8.993383,-3.3975801,0.4646361768245697,0,p1081|p1072|p1075|p1074|p1073,0.768|0.730|0.707|0.664|0.652
p1077,Part 10: Majors and Courses,Course Descriptions,Courses with Course Subject: Statistics (STATS),Course Descriptions,389,"STATS 305 Study Design: Design of Surveys and Causal Studies (4 credits) Investigation of study designs collecting data and their implications for statistical inference. Design and analysis of surveys of populations, including stratification, clustering, multi-stage sampling, design-based inference, considerations when analyzing convenience samples and big data. Design and analysis of causal studies including randomized experiments, blocking, fractional factorial designs, non-randomized studies, propensity score analysis. Applications involving big data, health, policy, natural and social sciences. Prerequisite(s): STATS 101",77,9,Behavsci / Neurosci / Psych,9.88807,-2.329723,0.28136342763900757,1,p1079|p0705|p1053|p0367|p1069,0.496|0.490|0.477|0.463|0.451
p1078,Part 10: Majors and Courses,Course Descriptions,Courses with Course Subject: Statistics (STATS),Course Descriptions,390,"STATS 401 Data Acquisition and Visualization (4 credits) This course introduces the principles and methodologies for data acquisition and visualization, along with tools and techniques used to clean and process data for visual analysis. It also covers the practical software tools and languages such as Tableau, OpenRefine and Python/Matlab. Prerequisite(s): STATS 302",52,6,Compsci / Algorithms / Math,9.864021,-3.2676008,0.40873485803604126,0,p1070|p1079|p0569|p0859|p1069,0.646|0.572|0.563|0.562|0.549
p1079,Part 10: Majors and Courses,Course Descriptions,Courses with Course Subject: Statistics (STATS),Course Descriptions,390,"STATS 402 Interdisciplinary Data Analysis (4 credits) This course covers interdisciplinary applications of data analysis for social science, behavioral modeling, health care, financial modeling, advanced manufacturing, etc. Students are expected to solve a number of practical problems by implementing data algorithms with R during their course projects. Prerequisite(s): STATS 302",50,6,Compsci / Algorithms / Math,9.733354,-2.8238015,0.5221903324127197,0,p0401|p1053|p1071|p1069|p0837,0.685|0.644|0.615|0.582|0.576
p1080,Part 10: Majors and Courses,Course Descriptions,Courses with Course Subject: Statistics (STATS),Course Descriptions,390,"STATS 403 Deep Learning (4 credits) This course covers neural network, deep belief network, Boltzmann machine, convolutional neural network, recurrent neural network, and deep learning applications for speech, image, video, etc. Prerequisite(s): STATS 303",34,6,Compsci / Algorithms / Math,9.376372,-3.6028078,0.41076958179473877,0,p1075|p0573|p0580|p1074|p0571,0.639|0.609|0.529|0.518|0.515
p1081,Part 10: Majors and Courses,Course Descriptions,Courses with Course Subject: Statistics (STATS),Course Descriptions,390,"STATS 404 Probabilistic Graphical Models (4 credits) This course covers Bayesian network, Markov random field, Gaussian graphical model, message passing, generalized linear model, expectation-maximization, factor analysis, state space model, conditional random field, variational inference, approximate inference, Dirichlet process, kernel graphical model and spectral algorithm. Prerequisite(s): STATS 303",47,6,Compsci / Algorithms / Math,9.031093,-3.4317815,0.36390918493270874,0,p1076|p1072|p0836|p1075|p0824,0.768|0.685|0.643|0.640|0.573
p1082,Part 10: Majors and Courses,Course Descriptions,Courses with Course Subject: Third Language (TLANG),Course Descriptions,391,"TLANG 191 – Independent Study in Third Language 1 (4 credits) This is a guided independent study course in which learners will learn basic skills in the target language. The specific goals and other aspects of the course (e.g. materials, learning methods) to be determined through discussion between the learner and instructor, but normally learners in this course will learn how to introduce themselves, manage daily interactions, and deal with daily life issues; in other words, the course will cover the amount and type of material normal for a first term language course. The target language must be one which faculty in the Language Learning Studio are able to speak and can provide coaching for. This course is for students whose Third Language track students, i.e. those whose English and Chinese language proficiency is such that they need no further study of these languages.",144,1,Physedu / Japanese / Italian,12.521089,5.071,0.5440460443496704,0,p1083|p1084|p1085|p0356|p0640,0.922|0.913|0.908|0.797|0.691
p1083,Part 10: Majors and Courses,Course Descriptions,Courses with Course Subject: Third Language (TLANG),Course Descriptions,391,"TLANG 192 – Independent Study in Third Language 2 (4 credits) In this guided independent study course students will master the skills and language knowledge normally covered in a second term language course. While the specific goals and other aspects of the course (e.g. materials, learning methods) will be determined through discussion between the learner and instructor, normally learners in this course will learn how to carry on social conversation about themselves and their lives. The target language must be one which faculty in the Language This is a guided independent study course in which learners will learn basic oral and/or written skills for managing common social interactions in the target language. The specific goals and other aspects of the course (e.g. materials, learning methods) to be determined through discussion between the learner and instructor, but essentially the course will cover the amount and type of material normal for a second-level language course. The target language must be one which faculty in the Language Learning Studio are able to speak and can provide coaching for. This course is for Third Language track students. Prerequisite(s): TLANG 191 or equivalent",188,1,Physedu / Japanese / Italian,12.500788,5.090452,0.503699541091919,0,p1085|p1082|p1084|p0356|p0640,0.953|0.922|0.897|0.751|0.666
p1084,Part 10: Majors and Courses,Course Descriptions,Courses with Course Subject: Third Language (TLANG),Course Descriptions,391,"TLANG 291 – Independent Study in Third Language 3 (4 credits) In this guided independent study course students will master the skills and language knowledge normally covered in a third term language course. While the specific goals and other aspects of the course (e.g. materials, learning methods) will be determined through discussion between the learner and instructor, normally learners in this course will learn how to communicate about topics such as school life, work, travel and so forth. The target language must be one which faculty in the Language Learning Studio are able to speak and can provide coaching for. This course is for is for Third Language track students. Prerequisite(s): TLANG 192 or equivalent",115,1,Physedu / Japanese / Italian,12.46328,5.0609307,0.4910258650779724,0,p1085|p1082|p1083|p0356|p0640,0.918|0.913|0.897|0.782|0.680
p1085,Part 10: Majors and Courses,Course Descriptions,Courses with Course Subject: Third Language (TLANG),Course Descriptions,392,"TLANG 292 – Independent Study in Third Language 4 (4 credits) In this guided independent study course students will master the skills and language knowledge normally covered in a fourth term language course. While the specific goals and other aspects of the course (e.g. materials, learning methods) will be determined through discussion between the learner and instructor, normally learners in this course will learn how to communicate about topics such as one’s country and community, social issues, and so forth. This is a guided independent study course in which learners will learn basic oral and/or written skills for talking about topics such as school life, work, travel and so forth. The specific goals and other aspects of the course (e.g. materials, learning methods) to be determined through discussion between the learner and instructor, but essentially the course will cover the amount and type of material normal for a second-level language course. The target language must be one which faculty in the Language Learning Studio are able to speak and can provide coaching for. This course is for Third Language track students. Prerequisite(s): TLANG 291 or equivalent",186,1,Physedu / Japanese / Italian,12.525926,5.087717,0.5209033489227295,0,p1083|p1084|p1082|p0356|p0640,0.953|0.918|0.908|0.745|0.684
p1086,Part 10: Majors and Courses,Course Descriptions,Courses with Course Subject: US Studies (USTUD),Course Descriptions,393,"USTUD 210 American Musicals (4 credits) This course examines the history of American musicals, focusing on the period from Show Boat to Sondheim with attention to poetics, aesthetics, and politics. It demonstrates how the American musical has functioned as a popular representation of key themes such as immigration, race and gender and sexual diversity. Students will learn to identify historical and cultural references, and place the evolution of the musical in its proper social and historical context, including the significance of Broadway and New York in the popular American cultural imagination. Students learn to interpret music as text and understand the relationship of musical theater to other musical forms such as blues, jazz, pop and rock.",116,0,Audio / Digital / Mediart,10.798211,2.7138999,0.3696068525314331,0,p0854|p0787|p0734|p0852|p1087,0.637|0.556|0.510|0.494|0.493
p1087,Part 10: Majors and Courses,Course Descriptions,Courses with Course Subject: US Studies (USTUD),Course Descriptions,393,"USTUD 301 The Western Across Boundaries (4 credits) This course studies the film genre that has, for better and for worse, defined what it means to be an American for Americans themselves and for the rest of the world. It places these films in the historical context of the American westward expansion, and the genocide of native Americans. It examines these films through the myths of the American pioneer, rugged individualism, heroic masculinity, and drama of the American landscape. By focusing on the concept of crossing boundaries, the course analyzes the concept of the frontier, the representation of frontier communities including Chinese and Irish immigrants, Hispanic peoples and native Americans. USTUD 390 Junior Seminar: Advanced Topics This seminar is a core component of the interdisciplinary major in US Studies. Students will apply to interdisciplinary topics the knowledge and methods of analysis that they have gained in different disciplines. Students will re-connect with the broader community of faculty and students in their major and further develop their capacities to translate between their areas of expertise and the larger questions and issues that apply across a variety of disciplines. The seminar will foster the ability to see their disciplinary knowledge from a wider perspective and to apply it flexibly. Specific topics will vary. This seminar is required for all juniors in the major. Other students may enroll with the permission of the instructor. USTUD 490 Senior Seminar: Advanced Topics This seminar is a core component of the interdisciplinary major in US Studies. Students will apply to interdisciplinary topics the knowledge and methods of analysis that they have gained in different disciplines. Students will re-connect with the broader community of faculty and students in their major and further develop their capacities to translate between their areas of expertise and the larger questions and issues that apply across a variety of disciplines. The seminar will foster the ability to see their disciplinary knowledge from a wider perspective and to apply it flexibly. Specific topics will vary. This seminar is required for all seniors in the major. Other students may enroll with the permission of the instructor.",352,4,Violence / Migration / Migrations,11.041578,1.580383,0.5635766386985779,0,p0472|p0780|p0723|p0738|p0695,0.628|0.594|0.583|0.580|0.560
p1088,Part 10: Majors and Courses,Course Descriptions,Courses with Course Subject: Written and Oral Communication (WOC),Course Descriptions,394,"WOC 104 Introduction to University Writing for International Students (2 credits) This is an introductory academic writing course designed for international students who attended high schools where English was not the medium of instruction, and have not previously studied academic writing in English. It is designed to help equip students with the academic reading & writing skills in English that they need to succeed in their DKU courses. This content-based language course is focused on the topic of language learning motivation. Through academic reading, writing papers, and delivering presentations which explore theories and narratives on language learning, students will become well prepared to meet the academic expectations of their DKU professors. Prerequisite(s): None. Limited to CSL track students.",118,1,Physedu / Japanese / Italian,11.9162035,5.112291,0.5703665614128113,0,p1098|p1095|p0631|p0182|p1090,0.719|0.690|0.684|0.668|0.664
p1089,Part 10: Majors and Courses,Course Descriptions,Courses with Course Subject: Written and Oral Communication (WOC),Course Descriptions,394,"WOC 110 Should We Care About Endangered Languages (2 credits) This course examines the issue of endangered languages, in particular whether or not it is important to be concerned about the decreasing number of languages in the world. Through studying this issue, staking out positions, and making cases for those positions, students will build their ability to present clear and effective arguments in papers and oral presentations.",67,1,Physedu / Japanese / Italian,11.994137,5.0074787,0.5396655797958374,0,p1093|p0639|p1095|p0638|p1088,0.856|0.720|0.634|0.595|0.581
p1090,Part 10: Majors and Courses,Course Descriptions,Courses with Course Subject: Written and Oral Communication (WOC),Course Descriptions,394,WOC 190 Special Topics in Writing (2 credits) This is a theme-based writing seminar course through which students strengthen their creative or expository writing skills through exploration of a topic chosen by the instructor. This course is open to all undergraduate students.,42,1,Physedu / Japanese / Italian,11.674555,5.0616293,0.6319002509117126,0,p1098|p1097|p1096|p1088|p1092,0.804|0.700|0.695|0.664|0.626
p1091,Part 10: Majors and Courses,Course Descriptions,Courses with Course Subject: Written and Oral Communication (WOC),Course Descriptions,394,"WOC 201 Academic Writing 1: Argumentation Across Disciplines (2 credits) This course aims to help students become better academic writers by exploring how the features of a persuasive argument vary across the sciences, humanities, and social sciences. The course will first explore fundamental features of argumentative writing for a general audience, including organizational structure and language. Fundamentals in mind, the second half of the course explores how these ideas and practices can be adapted for specific academic purposes. The course will seek answers to the following questions: How do the means of persuasion change depending on the audience? How do disciplinary goals shape arguments? How do cultural and language differences influence persuasion in different contexts? How do citation and style conventions differ across disciplinary contexts and why? Prerequisite(s): EAP 102B or equivalent",132,0,Audio / Digital / Mediart,11.666487,4.9984074,0.5709713101387024,0,p1092|p1098|p1090|p1093|p0633,0.767|0.630|0.610|0.579|0.578
p1092,Part 10: Majors and Courses,Course Descriptions,Courses with Course Subject: Written and Oral Communication (WOC),Course Descriptions,395,"WOC 202 Academic Writing 2: Genre & Structure Across Disciplines (2 credits) Genre & Structure Across Disciplines examines how genre knowledge can contribute to the construction of persuasive academic texts. It is a continuation of WOC201, adding genre knowledge and organizational strategies to previous discussions of the rhetorical and linguistic features of academic writing. Firstly, we explore the concepts of ‘moves’ in academic writing, including the CARS model, problem-solution, and general-specific texts. Secondly, we connect the ideas of moves to rhetoric & persuasion, exploring the concepts of literacy, discourse communities, intertextuality, and genre sets. The final project is a collaborative guide to writing across disciplines for the WLS and the DKU community. Prerequisite(s): Must complete WOC 201 (Academic Writing 1: Argumentation Across Disciplines) with a grade of B or higher.",130,0,Audio / Digital / Mediart,11.677345,4.970032,0.5258054733276367,0,p1091|p1090|p1088|p1098|p1097,0.767|0.626|0.624|0.599|0.584
p1093,Part 10: Majors and Courses,Course Descriptions,Courses with Course Subject: Written and Oral Communication (WOC),Course Descriptions,395,"WOC 205 Writing about Endangered Languages (4 credits) Through study of endangered languages, this course will help students improve their ability to research an issue by using library resources in multiple languages, and to write a well-grounded and persuasive course paper in which students make a case for their position on this issue; students will also improve their ability to make their case through a well-informed and persuasive oral presentation. Last but not least, through study of this issue, students will learn more about the role of languages in today’s globalizing world. Prerequisite(s): EAP 102B or equivalent or consent of the instructor.",102,1,Physedu / Japanese / Italian,12.054834,5.0721664,0.6207840442657471,0,p1089|p0639|p0638|p1088|p1098,0.856|0.764|0.687|0.623|0.608
p1094,Part 10: Majors and Courses,Course Descriptions,Courses with Course Subject: Written and Oral Communication (WOC),Course Descriptions,395,"WOC 206 Debating Scenarios for Sustainable Futures (2 credits) This course will focus on the fundamentals of argumentation, refutation, and value and impact analysis. Rather than allowing debates to end with a winner, however, students will also explore the importance of reconciliation with consensus-building tasks that generate alternative solutions by considering all stakeholder perspectives and suggesting amicable resolutions to these debates. Prerequisite(s): EAP 101B or equivalent or consent of the instructor",71,3,Econ / Pricing / Microeconomics,8.263617,-0.94692963,0.5483928322792053,0,p0645|p0646|p1096|p0999|p1005,0.617|0.556|0.554|0.545|0.527
p1095,Part 10: Majors and Courses,Course Descriptions,Courses with Course Subject: Written and Oral Communication (WOC),Course Descriptions,395,"WOC 208 An Introduction to Language Teaching (2 credits) This course introduces the key components of language teaching to students who have an interest in teaching languages and who may wish to engage in language teaching assignments either during or after their DKU studies. Based on the Cambridge English Teaching Framework and using English as the main language of focus, the course is rooted in pedagogical theory focusing on practical knowledge and teaching skills that can be easily applied to the teaching of various languages (i.e. not only teaching English). The primary objective of the course is to build students’ awareness of what effective language teaching is and to equip them with the essential skills needed to start teaching.",119,1,Physedu / Japanese / Italian,12.216185,5.1108007,0.45388007164001465,0,p1088|p1089|p1082|p0356|p1085,0.690|0.634|0.629|0.621|0.601
p1096,Part 10: Majors and Courses,Course Descriptions,Courses with Course Subject: Written and Oral Communication (WOC),Course Descriptions,396,"WOC 211 Composing Research 1: Developing a Research Proposal (2 credits) WOC 211 aims at preparing students for their signature work at DKU and similar projects. This research preparedness course will engage students with writing on the research process and guide them in producing a research proposal on their chosen topics. Students will search for and evaluate relevant literature, store and manage references, frame the research question(s), and determine research approaches. Students will develop their critical thinking, problem-solving, teamwork, and communication skills during the research proposal writing process. These learning modules will help students learn how to engage in academic conversations and contribute to the existing literature.",107,10,Career / Mindfulness / Advising,11.638054,5.0727983,0.5738815069198608,0,p1090|p1097|p1098|p1088|p0182,0.695|0.671|0.596|0.588|0.585
p1097,Part 10: Majors and Courses,Course Descriptions,Courses with Course Subject: Written and Oral Communication (WOC),Course Descriptions,396,"WOC 213 From Text to World: Editing and Publishing (2 credits) In this course students will learn the fundamentals of editing while working together to produce a publication (anthology or journal/magazine issue) that showcases the talents of DKU's student writers. Students will learn how to give more effective feedback, edit for style and content, and consider texts from a potential reader's perspective, while following the journey of a written text from the writer's conception to the editors' curation and finally into print. Each student will undertake an independent writing project upon which they will practice the editing and revision skills we learn in this class. Students are encouraged to contact the instructor in advance to learn about the publication's theme for a given session and to discuss their potential independent project.",131,0,Audio / Digital / Mediart,11.646286,5.089108,0.5395554900169373,0,p1090|p1096|p0182|p1088|p1098,0.700|0.671|0.668|0.653|0.616
p1098,Part 10: Majors and Courses,Course Descriptions,Courses with Course Subject: Written and Oral Communication (WOC),Course Descriptions,396,"WOC 290 Special Topics in Written and Oral Communication (4 credits) This is a theme-based writing seminar course that has an emphasis on cross-cultural inquiry. It provides guided practice in intellectual reading and writing of the sort expected in courses across the academy and in civic and professional life beyond the university. The specific theme of the course will vary according to instructor. This course may be repeated for credit if the course content of the two courses is different. This course is open to all undergraduate students, but for EAP-track students the prerequisite is EAP 102. For EAP-track students, this course can be counted toward completion of their 4 EAP course requirement. Prerequisite(s): EAP 102B or equivalent or consent of the instructor",123,1,Physedu / Japanese / Italian,11.984527,5.100963,0.6431275010108948,0,p1090|p0633|p0631|p0635|p1088,0.804|0.761|0.732|0.725|0.719
